<tubulars xsi:schemaLocation="http://www.witsml.org/schemas/1series http://w3.energistics.org/schema/WITSML_v1.4.1.1_Data_Schema/witsml_v1.4.1.1_data/xsd_schemas/obj_tubular.xsd" version="1.4.1.1" xmlns="http://www.witsml.org/schemas/1series" xmlns:xsi="http://www.w3.org/2001/XMLSchema-instance"><tubular uidWell="6ee5e05a209b405690a57d3dbf6b424f" uidWellbore="90597c66990f49aaa6407713fb77a26d" uid="de00b81c08a246a6a75e01ea5e13e103"><nameWell>Jorge_Well-01</nameWell><nameWellbore>Jorge_Well-01</nameWellbore><name>17.5" BHA</name><typeTubularAssy>drilling</typeTubularAssy><tubularComponent uid="b282fa6f1c4249af80e3b2a2e319ef7a"><typeTubularComp>bit PDC fixed cutter</typeTubularComp><sequence>1</sequence><description>17 1/2in MDI619LHBPX PDC</description><id uom="m">0.0879230652</id><od uom="m">0.2286</od><odMx uom="m">0.4445</odMx><len uom="m">0.5461001016</len><wtPerLen uom="kg/m">584.744495641749</wtPerLen><grade>8630M</grade><configCon>bottom pin</configCon><typeMaterial>unknown</typeMaterial><vendor>Schlumberger</vendor><model>MDI619LHBPX</model><bitRecord><diaBit uom="m">0.4445</diaBit><manufacturer>Schlumberger</manufacturer><typeBit>PDC</typeBit><condInitInner>0</condInitInner><condInitOuter>0</condInitOuter><condInitBearing>0</condInitBearing><condFinalInner>0</condFinalInner><condFinalOuter>0</condFinalOuter><condFinalBearing>0</condFinalBearing><bitClass>U</bitClass><customData><cd_bitRecord xsi:schemaLocation="http://schema.slb.com/2012/WitsmlExtension cd_tubular_component.xsd" schemaVersion="1.4.1.10" xmlns="http://schema.slb.com/2012/WitsmlExtension"><BOM>64363B0301</BOM><gaugePadType>2</gaugePadType><gaugePadsHeight uom="m">0.1016</gaugePadsHeight><gaugePadsWidth uom="m">0.0508</gaugePadsWidth><gaugePadsUndercut uom="m">0.0005715</gaugePadsUndercut><gaugePadsSpiral uom="rad">0.0872664625997165</gaugePadsSpiral><gaugePadsTaper uom="rad">0</gaugePadsTaper><sleeveIsUsed>false</sleeveIsUsed><topType>2</topType><bladeTopIsUsed>false</bladeTopIsUsed><loVibeIsUsed>false</loVibeIsUsed><mdocIsUsed>false</mdocIsUsed></cd_bitRecord></customData></bitRecord><areaNozzleFlow uom="m2">0.000581921870526032</areaNozzleFlow><nozzle><index>6</index><diaNozzle uom="m">0.0111125</diaNozzle><typeNozzle>unknown</typeNozzle></nozzle><nozzle><index>5</index><diaNozzle uom="m">0.0111125</diaNozzle><typeNozzle>unknown</typeNozzle></nozzle><nozzle><index>4</index><diaNozzle uom="m">0.0111125</diaNozzle><typeNozzle>unknown</typeNozzle></nozzle><nozzle><index>3</index><diaNozzle uom="m">0.0111125</diaNozzle><typeNozzle>unknown</typeNozzle></nozzle><nozzle><index>2</index><diaNozzle uom="m">0.0111125</diaNozzle><typeNozzle>unknown</typeNozzle></nozzle><nozzle><index>1</index><diaNozzle uom="m">0.0111125</diaNozzle><typeNozzle>unknown</typeNozzle></nozzle><connection><id uom="m">0.09525</id><od uom="m">0.2286</od><typeThread>7-5/8 REG</typeThread><position>top</position><customData><cd_connection xsi:schemaLocation="http://schema.slb.com/2012/WitsmlExtension cd_tubular_component.xsd" schemaVersion="1.4.1.10" xmlns="http://schema.slb.com/2012/WitsmlExtension"><stressReliefFlag>false</stressReliefFlag><gender>Pin</gender><bsr>1.75</bsr><ApiConnectionFlag>false</ApiConnectionFlag></cd_connection></customData></connection><customData><cd_tubularComponent xsi:schemaLocation="http://schema.slb.com/2012/WitsmlExtension cd_tubular_component.xsd" schemaVersion="1.4.1.10" xmlns="http://schema.slb.com/2012/WitsmlExtension"><numSerial /><name>17 1/2in MDI619LHBPX PDC</name><catalogUid>64363B0301</catalogUid><weight uom="kg">319.32902848</weight><thermalconductivity uom="W/(m.K)">42.7</thermalconductivity><specheatcapacity uom="J/(kg.K)">473</specheatcapacity><diaShank uom="m">0.2286</diaShank><octalBitSize>174</octalBitSize><ProductStatus>Active</ProductStatus><Remarks>17 1/2in MDI619LHBPX PDC</Remarks><WobMaxHasLimit>false</WobMaxHasLimit><WobMinHasLimit>false</WobMinHasLimit><RpmMaxHasLimit>false</RpmMaxHasLimit><RpmMinHasLimit>false</RpmMinHasLimit><FlowRateMaxHasLimit>false</FlowRateMaxHasLimit><FlowRateMinHasLimit>false</FlowRateMinHasLimit><TensileLoadMaxHasLimit>false</TensileLoadMaxHasLimit><OperatingTemperatureMaxHasLimit>false</OperatingTemperatureMaxHasLimit><OperatingPressureMaxHasLimit>false</OperatingPressureMaxHasLimit><DlsSlidingMaxHasLimit>false</DlsSlidingMaxHasLimit><DlsRotatingMaxHasLimit>false</DlsRotatingMaxHasLimit><IsObsolete>false</IsObsolete><type>BIT</type><SteelGrade><ComponentName>8630M</ComponentName><GradeType>8630M</GradeType></SteelGrade><Density uom="kg/m3">7860</Density><PoissonRatio>0.3</PoissonRatio><YoungsModulus uom="Pa">209945000000</YoungsModulus></cd_tubularComponent></customData></tubularComponent><tubularComponent uid="16838df436b64bdab9ea552a6ba4a258"><typeTubularComp>motor</typeTubularComp><sequence>2</sequence><description>DynaForce ABH Sleeve  8.25 4/5 8.2GT</description><id uom="m">0.15875</id><od uom="m">0.20955</od><odMx uom="m">0.3175</odMx><len uom="m">10.8972096</len><wtPerLen uom="kg/m">224.572500491813</wtPerLen><grade>4330V</grade><configCon>bottom box, top box</configCon><typeMaterial>steel</typeMaterial><vendor>Schlumberger</vendor><model>DynaForce ABH Sleeve  8.25 4/5 8.2GT</model><connection><id uom="m">0.0762</id><od uom="m">0.20955</od><typeThread>7-5/8 REG</typeThread><position>bottom</position><tqMakeup uom="J">74569.987158227</tqMakeup><customData><cd_connection xsi:schemaLocation="http://schema.slb.com/2012/WitsmlExtension cd_tubular_component.xsd" schemaVersion="1.4.1.10" xmlns="http://schema.slb.com/2012/WitsmlExtension"><stressReliefFlag>false</stressReliefFlag><gender>Box</gender><bsr>1.75</bsr><ApiConnectionFlag>false</ApiConnectionFlag></cd_connection></customData></connection><connection><id uom="m">0.0762</id><od uom="m">0.20955</od><typeThread>6-5/8 REG</typeThread><position>top</position><tqMakeup uom="J">71858.3512615642</tqMakeup><customData><cd_connection xsi:schemaLocation="http://schema.slb.com/2012/WitsmlExtension cd_tubular_component.xsd" schemaVersion="1.4.1.10" xmlns="http://schema.slb.com/2012/WitsmlExtension"><stressReliefFlag>false</stressReliefFlag><gender>Box</gender><bsr>2.927</bsr><ApiConnectionFlag>false</ApiConnectionFlag></cd_connection></customData></connection><motor><flowrateMn uom="m3/s">0.01892706</flowrateMn><flowrateMx uom="m3/s">0.05678118</flowrateMx><lobesRotor>4</lobesRotor><lobesStator>5</lobesStator><typeBearing>unknown</typeBearing><rotorCatcher>false</rotorCatcher><dumpValve>false</dumpValve><rotatable>false</rotatable><customData><cd_motor xsi:schemaLocation="http://schema.slb.com/2012/WitsmlExtension cd_tubular_component.xsd" schemaVersion="1.4.1.10" xmlns="http://schema.slb.com/2012/WitsmlExtension"><stages>8.2</stages><stageMajorDiameter uom="m">0.1458214</stageMajorDiameter><a>0</a><b>0</b><c>7.88</c><d>0</d><e>-7.87</e><f>0.392</f><g>0.0333</g><h>-0.000104</h><i>-6.15E-05</i><j>5.73E-08</j><k1>0</k1><k2>0</k2><k3>0</k3><linearPressureDropCoefficient uom="kg/(m4.s)">0</linearPressureDropCoefficient><constantPressureDropCoefficient uom="Pa">0</constantPressureDropCoefficient><W uom="N">13567.0759265445</W><X>0.018322544</X><Y>0.023161244</Y><BearingCapacity uom="N">0</BearingCapacity><MudLubricatedOrOilSealedBearing>0</MudLubricatedOrOilSealedBearing><MotorUpperRadialBearingClearance>0</MotorUpperRadialBearingClearance><MotorLowerRadialBearingClearance>0</MotorLowerRadialBearingClearance><MinHoleSize uom="m">0</MinHoleSize><MaxHoleSize uom="m">0</MaxHoleSize><StepSize uom="rad">0</StepSize><BitBoxLength uom="m">0.3404616</BitBoxLength><BitBoxOutsideDiameter uom="m">0.257175</BitBoxOutsideDiameter><BitBoxMaxOutsideDiameter uom="m">0</BitBoxMaxOutsideDiameter><BitBoxInsideDiameter uom="m">0.06985</BitBoxInsideDiameter><ExternalDriveShaftLength uom="m">1.1280648</ExternalDriveShaftLength><ExternalDriveOutsideDiameter uom="m">0.1506474</ExternalDriveOutsideDiameter><ExternalDriveMaxOutsideDiameter uom="m">0.1506474</ExternalDriveMaxOutsideDiameter><ExternalDriveInsideDiameter uom="m">0.06985</ExternalDriveInsideDiameter><BearingSectionLength uom="m">1.191768</BearingSectionLength><PowerSectionBottomtoBend uom="m">0</PowerSectionBottomtoBend><PowerSectionLength uom="m">6.2484</PowerSectionLength><TopSubLength uom="m">1.143</TopSubLength><InternalDriveShaftOutsideDiameter uom="m">0.1506474</InternalDriveShaftOutsideDiameter><InternalDriveShaftInsideDiameter uom="m">0.06985</InternalDriveShaftInsideDiameter><InternalTransmissionOutsideDiameter uom="m">0.1016</InternalTransmissionOutsideDiameter><InternalTransmissionInsideDiameter uom="m">0</InternalTransmissionInsideDiameter><RotorInsideDiameter uom="m">0.0508</RotorInsideDiameter><RotorMinorDiameter uom="m">0.083312</RotorMinorDiameter><RotorMajorDiameter uom="m">0.125476</RotorMajorDiameter><RotorAverageOutsideDiameter uom="m">0.104394</RotorAverageOutsideDiameter><RotorEccentricity uom="m">0.010541</RotorEccentricity><ABHLength uom="m">1.97358</ABHLength><UpperBearingLength uom="m">0</UpperBearingLength><UpperBearingRotatingOutsideDiameter uom="m">0</UpperBearingRotatingOutsideDiameter><UpperBearingRotatingOutsideDiameterNew uom="m">0</UpperBearingRotatingOutsideDiameterNew><UpperBearingRotatingOutsideDiameterScrap uom="m">0</UpperBearingRotatingOutsideDiameterScrap><UpperBearingStationaryInsideDiameter uom="m">0</UpperBearingStationaryInsideDiameter><UpperBearingStationaryInsideDiameterNew uom="m">0</UpperBearingStationaryInsideDiameterNew><UpperBearingStationaryInsideDiameterScrap uom="m">0</UpperBearingStationaryInsideDiameterScrap><LowerBearingLength uom="m">0</LowerBearingLength><LowerBearingRotatingOutsideDiameter uom="m">0</LowerBearingRotatingOutsideDiameter><LowerBearingRotatingOutsideDiameterNew uom="m">0</LowerBearingRotatingOutsideDiameterNew><LowerBearingRotatingOutsideDiameterScrap uom="m">0</LowerBearingRotatingOutsideDiameterScrap><LowerBearingStationaryInsideDiameter uom="m">0</LowerBearingStationaryInsideDiameter><LowerBearingStationaryInsideDiameterNew uom="m">0</LowerBearingStationaryInsideDiameterNew><LowerBearingStationaryInsideDiameterScrap uom="m">0</LowerBearingStationaryInsideDiameterScrap><maxTempIncreaseRate uom="degC/s">0</maxTempIncreaseRate><RevPerGal uom="rad/m3">419.939991397618</RevPerGal><StatorRubberType>HN234</StatorRubberType><SubCategory>DynaForce</SubCategory><TorquePerDeltaPressure uom="N.m/Pa">0</TorquePerDeltaPressure><MudTestID>MudID945_Ran5074358</MudTestID><MudTestMudName>Seawater</MudTestMudName><MudTestMudType>WBM</MudTestMudType><MudTestRan>5074358</MudTestRan><MudTestDate>6/11/2015</MudTestDate><MudTestLocation>Generic</MudTestLocation><motorPowerSection><CatalogUid>PSideas_motor_305</CatalogUid><Source>IDEAS</Source><ModelName>8.25 4/5 8.2GT</ModelName><ComponentName>825 4:5 8.2</ComponentName><Remarks>8.25 4/5 8.2GT</Remarks><Manufacturer>Schlumberger</Manufacturer><MaterialType>steel</MaterialType><BusinessSystemName>8.25 4/5 8.2GT</BusinessSystemName><IsObsolete>false</IsObsolete><Size>825</Size><Configuration>8254582</Configuration><StatorProfileType>STD</StatorProfileType><StatorIsReversible>false</StatorIsReversible><RotorProfileType>STD</RotorProfileType><RotorType>Unknown</RotorType><WorkshopTemperature uom="K">294.150000000001</WorkshopTemperature><StatorHousingOutsideDiameter uom="m" classification="Confidential">Dc5fz+Ns4Xs=</StatorHousingOutsideDiameter><StatorHousingInsideDiameter uom="m" classification="Confidential">llJZFIGt3y0=</StatorHousingInsideDiameter><StatorMinorDiameter uom="m">0.10414</StatorMinorDiameter><StatorLinearWeight uom="kg/m" classification="Confidential">eWBxV6aPwgf+xFIzI2pfug==</StatorLinearWeight><RotorLinearWeight uom="kg/m" classification="Confidential">4/ercIMXrZ+fP2LmnPbuug==</RotorLinearWeight><RpmMaxHasLimit>true</RpmMaxHasLimit><RpmMinHasLimit>true</RpmMinHasLimit><FlowRateMaxHasLimit>true</FlowRateMaxHasLimit><FlowRateMinHasLimit>true</FlowRateMinHasLimit><TensileLoadMaxHasLimit>true</TensileLoadMaxHasLimit><OperatingTemperatureMaxHasLimit>true</OperatingTemperatureMaxHasLimit><OperatingPressureMaxHasLimit>true</OperatingPressureMaxHasLimit><DlsSlidingMaxHasLimit>true</DlsSlidingMaxHasLimit><DlsRotatingMaxHasLimit>true</DlsRotatingMaxHasLimit><RpmMin uom="rad/s">0</RpmMin><FlowRateMax uom="m3/s">0.05678118</FlowRateMax><FlowRateMin uom="m3/s">0.01892706</FlowRateMin><IsUsePowerDesignerModel>false</IsUsePowerDesignerModel></motorPowerSection><motorLowerEnd><CatalogUid>LEideas_motor_305</CatalogUid><Source>IDEAS</Source><ModelName>DynaForce ABH Sleeve</ModelName><ComponentName>DynaForce ABH Sleeve</ComponentName><Remarks>DynaForce ABH Sleeve</Remarks><Manufacturer>Schlumberger</Manufacturer><MaterialType>steel</MaterialType><BusinessSystemName>DynaForce ABH Sleeve</BusinessSystemName><MaxTorque uom="N.m">88128.166641541</MaxTorque><WobMaxHasLimit>true</WobMaxHasLimit><WobMinHasLimit>true</WobMinHasLimit></motorLowerEnd><motorTransmissionSection><HousingOutsideDiameter uom="m">0.244602</HousingOutsideDiameter><HousingInsideDiameter uom="m" classification="Confidential">a4OOdtccejKCx9iqD7EZLA==</HousingInsideDiameter><HousingLinearWeight uom="kg/m" classification="Confidential">eq79YDM27ZwQEjBuetIkLg==</HousingLinearWeight><KickpadLength uom="m" classification="Confidential">0DRgnQp2wyzhbat4NlfDZg==</KickpadLength><BendToKickpadCenter uom="m" classification="Confidential">cev00Yp6PiaadmInIX7jeQ==</BendToKickpadCenter><KickpadOutsideDiameter uom="m" classification="Confidential">tyBRyaj3lCQInuTmgQ2M2g==</KickpadOutsideDiameter><CircularAngleOfKickPad uom="rad" classification="Confidential">fWOleomRZAkEgc+q0Mw1Gg==</CircularAngleOfKickPad><ShaftUpperEndJointType>None</ShaftUpperEndJointType><ShaftLowerEndJointType>None</ShaftLowerEndJointType></motorTransmissionSection><motorBearingSection><HousingOutsideDiameter uom="m">0.2794</HousingOutsideDiameter><HousingInsideDiameter uom="m" classification="Confidential">9Ttkd+H48ojCAkSvEURq3w==</HousingInsideDiameter><HousingLinearWeight uom="kg/m" classification="Confidential">UYNsewh5KFKoejY7jEVtXQ==</HousingLinearWeight><BearingSupportedLength uom="m" classification="Confidential">LB5P/+2OFG5PXfnb0RjtqA==</BearingSupportedLength><BearingUnsupportedLength uom="m" classification="Confidential">Xm8KU4m6FycrM0iUCjtflg==</BearingUnsupportedLength></motorBearingSection><motorDriveShaft><BitBoxLinearWeight uom="kg/m" classification="Confidential">J9UOuATVAM4DTUFY+uSzow==</BitBoxLinearWeight></motorDriveShaft></cd_motor></customData></motor><stabilizer><lenBlade uom="m">0.1652016</lenBlade><lenBladeGauge uom="m">0.1652016</lenBladeGauge><odBladeMx uom="m">0.3175</odBladeMx><odBladeMn uom="m">0.3175</odBladeMn><distBladeBot uom="m">0.9744455999999999</distBladeBot><shapeBlade>unknown</shapeBlade><typeBlade>unknown</typeBlade><customData><cd_stabilizer xsi:schemaLocation="http://schema.slb.com/2012/WitsmlExtension cd_tubular_component.xsd" schemaVersion="1.4.1.10" xmlns="http://schema.slb.com/2012/WitsmlExtension"><gaugeLength uom="m">0.1652016</gaugeLength><bladeCount>5</bladeCount><bladeWidth uom="m">0.0634998984</bladeWidth><bladeSpiral uom="rad">0.349065798038988</bladeSpiral><materialType>steel</materialType><nonMagFlag>false</nonMagFlag><BladeAlignType>none</BladeAlignType><BladeProfileType>square</BladeProfileType></cd_stabilizer></customData></stabilizer><bend><angle uom="rad">0.0261799387799149</angle><distBendBot uom="m">2.296668</distBendBot></bend><customData><cd_tubularComponent xsi:schemaLocation="http://schema.slb.com/2012/WitsmlExtension cd_tubular_component.xsd" schemaVersion="1.4.1.10" xmlns="http://schema.slb.com/2012/WitsmlExtension"><numSerial /><name>DynaForce ABH Sleeve  8.25 4/5 8.2GT</name><catalogUid>ideas_motor_305</catalogUid><weight uom="kg">2447.21360088179</weight><thermalconductivity uom="W/(m.K)">42.7</thermalconductivity><anisotropyRating uom="">1</anisotropyRating><thermalExpansionCoefficient uom="1/K">1.24E-05</thermalExpansionCoefficient><specheatcapacity uom="J/(kg.K)">473</specheatcapacity><NonMagFlag>false</NonMagFlag><subType>DynaForce</subType><WobMaxHasLimit>true</WobMaxHasLimit><WobMinHasLimit>true</WobMinHasLimit><RpmMaxHasLimit>true</RpmMaxHasLimit><RpmMinHasLimit>true</RpmMinHasLimit><RpmMin uom="rad/s">0</RpmMin><FlowRateMaxHasLimit>true</FlowRateMaxHasLimit><FlowRateMax uom="m3/s">0.05678118</FlowRateMax><FlowRateMinHasLimit>true</FlowRateMinHasLimit><FlowRateMin uom="m3/s">0.01892706</FlowRateMin><TensileLoadMaxHasLimit>true</TensileLoadMaxHasLimit><OperatingTemperatureMaxHasLimit>true</OperatingTemperatureMaxHasLimit><OperatingPressureMaxHasLimit>true</OperatingPressureMaxHasLimit><DlsSlidingMaxHasLimit>true</DlsSlidingMaxHasLimit><DlsRotatingMaxHasLimit>true</DlsRotatingMaxHasLimit><IsObsolete>false</IsObsolete><type>MOTOR</type><businessSystemName>DynaForce ABH Sleeve  8.25 4/5 8.2GT</businessSystemName><Remarks>DynaForce ABH Sleeve  8.25 4/5 8.2GT</Remarks><collarsection><ParentType>PowerSection.TopSubSections</ParentType><id uom="m">0.1245616</id><od uom="m">0.244602</od><len uom="m">1.143</len><index>0</index><linearWeight uom="kg/m">272.655455502187</linearWeight><SectionType>Common</SectionType></collarsection><collarsection><ParentType>LowerEnd.TransmissionSection.ShaftSections</ParentType><id uom="m">0</id><od uom="m">0.1016</od><len uom="m">1.2091416</len><index>0</index><linearWeight uom="kg/m">110.51254707791</linearWeight><SectionType>Common</SectionType></collarsection><collarsection><ParentType>LowerEnd.TransmissionSection.ShaftSections</ParentType><id uom="m">0</id><od uom="m">0.1016</od><len uom="m">0.7644384</len><index>1</index><linearWeight uom="kg/m">110.51254707791</linearWeight><SectionType>Common</SectionType></collarsection><collarsection><ParentType>LowerEnd.DriveShaft.ShaftSections</ParentType><id uom="m">0.06985</id><od uom="m">0.1506474</od><len uom="m">1.1280648</len><index>0</index><linearWeight uom="kg/m">186.818156260767</linearWeight><SectionType>Common</SectionType></collarsection><collarsection><ParentType>LowerEnd.DriveShaft.ShaftSections</ParentType><id uom="m">0.06985</id><od uom="m">0.1506474</od><len uom="m">0.0637032</len><index>1</index><linearWeight uom="kg/m">186.818156260767</linearWeight><SectionType>Common</SectionType></collarsection><SteelGrade><CatalogUid>f91681c8f4dd47938fb5b6fc2c2473ea</CatalogUid><ComponentName>4330V</ComponentName><GradeType>4330V</GradeType></SteelGrade><Density uom="kg/m3">7860</Density><PoissonRatio>0.3</PoissonRatio><YoungsModulus uom="Pa">209945000000</YoungsModulus></cd_tubularComponent></customData></tubularComponent><tubularComponent uid="5aaa24f01aae4578816f56dd94cba735"><typeTubularComp>other</typeTubularComp><sequence>3</sequence><description>8" Misc. Sub</description><id uom="m">0.0714375</id><od uom="m">0.2032</od><odMx uom="m">0.2032</odMx><len uom="m">4.120896</len><wtPerLen uom="kg/m">222.02597072138</wtPerLen><grade>G-105</grade><odDrift uom="m">0</odDrift><tqYield uom="J">0</tqYield><stressFatig uom="Pa">0</stressFatig><lenFishneck uom="m">0</lenFishneck><idFishneck uom="m">0</idFishneck><odFishneck uom="m">0</odFishneck><disp uom="m3">0</disp><configCon>bottom pin top box</configCon><torsionalStiffness uom="N/m">0</torsionalStiffness><typeMaterial>steel</typeMaterial><doglegMx uom="rad/m">0</doglegMx><vendor>Schlumberger</vendor><connection><id uom="m">0.0714375</id><od uom="m">0.168275</od><len uom="m">0</len><typeThread>6-5/8 REG</typeThread><tqYield uom="J">0</tqYield><position>bottom</position><criticalCrossSection uom="m2">0</criticalCrossSection><presLeak uom="Pa">0</presLeak><tqMakeup uom="J">71858.3512615642</tqMakeup><customData><cd_connection xsi:schemaLocation="http://schema.slb.com/2012/WitsmlExtension cd_tubular_component.xsd" schemaVersion="1.4.1.10" xmlns="http://schema.slb.com/2012/WitsmlExtension"><stressReliefFlag>false</stressReliefFlag><gender>Pin</gender><hydrostaticTestPressure uom="Pa">0</hydrostaticTestPressure><driftDiameter uom="m">0</driftDiameter><linearWeight uom="kg/m">0</linearWeight><bsr>2.927</bsr><tensYield uom="N">0</tensYield><ApiConnectionFlag>false</ApiConnectionFlag></cd_connection></customData></connection><connection><id uom="m">0.0714375</id><od uom="m">0.168275</od><len uom="m">0</len><typeThread>6-5/8 REG</typeThread><tqYield uom="J">0</tqYield><position>top</position><criticalCrossSection uom="m2">0</criticalCrossSection><presLeak uom="Pa">0</presLeak><tqMakeup uom="J">67790.89741657</tqMakeup><customData><cd_connection xsi:schemaLocation="http://schema.slb.com/2012/WitsmlExtension cd_tubular_component.xsd" schemaVersion="1.4.1.10" xmlns="http://schema.slb.com/2012/WitsmlExtension"><stressReliefFlag>false</stressReliefFlag><gender>Box</gender><hydrostaticTestPressure uom="Pa">0</hydrostaticTestPressure><driftDiameter uom="m">0</driftDiameter><linearWeight uom="kg/m">0</linearWeight><bsr>1.142</bsr><tensYield uom="N">0</tensYield><ApiConnectionFlag>false</ApiConnectionFlag></cd_connection></customData></connection><customData><cd_tubularComponent xsi:schemaLocation="http://schema.slb.com/2012/WitsmlExtension cd_tubular_component.xsd" schemaVersion="1.4.1.10" xmlns="http://schema.slb.com/2012/WitsmlExtension"><numSerial /><name>8" Misc. Sub</name><catalogUid /><weight uom="kg">914.945936329216</weight><tensYield uom="N">0</tensYield><MagneticPoleStrength uom="Wb">0</MagneticPoleStrength><thermalconductivity uom="W/(m.K)">42.7</thermalconductivity><anisotropyRating uom="">1</anisotropyRating><thermalExpansionCoefficient uom="1/K">1.24E-05</thermalExpansionCoefficient><specheatcapacity uom="J/(kg.K)">473</specheatcapacity><NonMagFlag>false</NonMagFlag><subType /><maxMakeUpTorque uom="J">0</maxMakeUpTorque><maxDoglegSliding uom="rad/m">0</maxDoglegSliding><WobMaxHasLimit>false</WobMaxHasLimit><WobMinHasLimit>false</WobMinHasLimit><RpmMaxHasLimit>false</RpmMaxHasLimit><RpmMinHasLimit>false</RpmMinHasLimit><FlowRateMaxHasLimit>false</FlowRateMaxHasLimit><FlowRateMinHasLimit>false</FlowRateMinHasLimit><TensileLoadMaxHasLimit>false</TensileLoadMaxHasLimit><OperatingTemperatureMaxHasLimit>false</OperatingTemperatureMaxHasLimit><OperatingPressureMaxHasLimit>false</OperatingPressureMaxHasLimit><DlsSlidingMaxHasLimit>false</DlsSlidingMaxHasLimit><DlsRotatingMaxHasLimit>false</DlsRotatingMaxHasLimit><IsObsolete>false</IsObsolete><type>MISCSUB</type><type>Drill_Sub</type><miscSubType /><Remarks>8" Misc. Sub</Remarks><SteelGrade><GradeType>G-105</GradeType></SteelGrade><Density uom="kg/m3">7860</Density><PoissonRatio>0.3</PoissonRatio><YoungsModulus uom="Pa">209945000000</YoungsModulus></cd_tubularComponent></customData></tubularComponent><tubularComponent uid="884a850c1bf84b02b98b18d7eb9727bc"><typeTubularComp>stabilizer</typeTubularComp><sequence>4</sequence><description>8 1/4" OD</description><id uom="m">0.0762</id><od uom="m">0.20955</od><odMx uom="m">0.441325</odMx><len uom="m">2.30124</len><wtPerLen uom="kg/m">233.790555534777</wtPerLen><grade>G-105</grade><odDrift uom="m">0</odDrift><tqYield uom="J">0</tqYield><stressFatig uom="Pa">0</stressFatig><lenFishneck uom="m">0</lenFishneck><idFishneck uom="m">0</idFishneck><odFishneck uom="m">0</odFishneck><disp uom="m3">0</disp><wearWall uom="%">2.625</wearWall><configCon>bottom pin top box</configCon><torsionalStiffness uom="N/m">0</torsionalStiffness><typeMaterial>non-magnetic steel</typeMaterial><doglegMx uom="rad/m">0</doglegMx><vendor>Schlumberger</vendor><connection><id uom="m">0.0762</id><od uom="m">0.20955</od><len uom="m">0</len><typeThread>6-5/8 REG</typeThread><tqYield uom="J">0</tqYield><position>bottom</position><criticalCrossSection uom="m2">0</criticalCrossSection><presLeak uom="Pa">0</presLeak><tqMakeup uom="J">67790.89741657</tqMakeup><customData><cd_connection xsi:schemaLocation="http://schema.slb.com/2012/WitsmlExtension cd_tubular_component.xsd" schemaVersion="1.4.1.10" xmlns="http://schema.slb.com/2012/WitsmlExtension"><stressReliefFlag>false</stressReliefFlag><gender>Pin</gender><hydrostaticTestPressure uom="Pa">0</hydrostaticTestPressure><driftDiameter uom="m">0</driftDiameter><linearWeight uom="kg/m">0</linearWeight><bsr>1.142</bsr><tensYield uom="N">0</tensYield><ApiConnectionFlag>false</ApiConnectionFlag></cd_connection></customData></connection><connection><id uom="m">0.0762</id><od uom="m">0.20955</od><len uom="m">0</len><typeThread>6-5/8 REG</typeThread><tqYield uom="J">0</tqYield><position>top</position><criticalCrossSection uom="m2">0</criticalCrossSection><presLeak uom="Pa">0</presLeak><tqMakeup uom="J">63723.4435715758</tqMakeup><customData><cd_connection xsi:schemaLocation="http://schema.slb.com/2012/WitsmlExtension cd_tubular_component.xsd" schemaVersion="1.4.1.10" xmlns="http://schema.slb.com/2012/WitsmlExtension"><stressReliefFlag>false</stressReliefFlag><gender>Box</gender><hydrostaticTestPressure uom="Pa">0</hydrostaticTestPressure><driftDiameter uom="m">0</driftDiameter><linearWeight uom="kg/m">0</linearWeight><bsr>2.927</bsr><tensYield uom="N">0</tensYield><ApiConnectionFlag>false</ApiConnectionFlag></cd_connection></customData></connection><stabilizer><lenBlade uom="m">0.6096</lenBlade><lenBladeGauge uom="m">0</lenBladeGauge><odBladeMx uom="m">0.441325</odBladeMx><odBladeMn uom="m">0</odBladeMn><distBladeBot uom="m">0.24384</distBladeBot><shapeBlade>unknown</shapeBlade><typeBlade>unknown</typeBlade><customData><cd_stabilizer xsi:schemaLocation="http://schema.slb.com/2012/WitsmlExtension cd_tubular_component.xsd" schemaVersion="1.4.1.10" xmlns="http://schema.slb.com/2012/WitsmlExtension"><gaugeLength uom="m">0</gaugeLength><bladeCount>0</bladeCount><bladeHeight uom="m">0</bladeHeight><bladeWidth uom="m">0</bladeWidth><bladeHeightOpenPosition uom="m">0</bladeHeightOpenPosition><bladeSpiral uom="rad">0</bladeSpiral><materialType>steel</materialType><nonMagFlag>false</nonMagFlag><MagneticPoleStrength uom="Wb">0</MagneticPoleStrength><BladeAlignType>none</BladeAlignType><BladeProfileType>square</BladeProfileType></cd_stabilizer></customData></stabilizer><customData><cd_tubularComponent xsi:schemaLocation="http://schema.slb.com/2012/WitsmlExtension cd_tubular_component.xsd" schemaVersion="1.4.1.10" xmlns="http://schema.slb.com/2012/WitsmlExtension"><numSerial /><name>8 1/4" OD</name><catalogUid /><weight uom="kg">538.00817801885</weight><tensYield uom="N">0</tensYield><MagneticPoleStrength uom="Wb">0</MagneticPoleStrength><thermalconductivity uom="W/(m.K)">42.7</thermalconductivity><anisotropyRating uom="">1</anisotropyRating><thermalExpansionCoefficient uom="1/K">1.24E-05</thermalExpansionCoefficient><specheatcapacity uom="J/(kg.K)">473</specheatcapacity><NonMagFlag>true</NonMagFlag><subType /><maxMakeUpTorque uom="J">0</maxMakeUpTorque><maxDoglegSliding uom="rad/m">0</maxDoglegSliding><WobMaxHasLimit>false</WobMaxHasLimit><WobMinHasLimit>false</WobMinHasLimit><RpmMaxHasLimit>false</RpmMaxHasLimit><RpmMinHasLimit>false</RpmMinHasLimit><FlowRateMaxHasLimit>false</FlowRateMaxHasLimit><FlowRateMinHasLimit>false</FlowRateMinHasLimit><TensileLoadMaxHasLimit>false</TensileLoadMaxHasLimit><OperatingTemperatureMaxHasLimit>false</OperatingTemperatureMaxHasLimit><OperatingPressureMaxHasLimit>false</OperatingPressureMaxHasLimit><DlsSlidingMaxHasLimit>false</DlsSlidingMaxHasLimit><DlsRotatingMaxHasLimit>false</DlsRotatingMaxHasLimit><IsObsolete>false</IsObsolete><type>STABILIZER</type><Remarks>8 1/4" OD</Remarks><SteelGrade><GradeType>G-105</GradeType></SteelGrade><Density uom="kg/m3">7860</Density><PoissonRatio>0.3</PoissonRatio><YoungsModulus uom="Pa">209945000000</YoungsModulus></cd_tubularComponent></customData></tubularComponent><tubularComponent uid="3cb43050f0e247508e4e648dad69cc39"><typeTubularComp>drill collar</typeTubularComp><sequence>5</sequence><description>8" Collar</description><id uom="m">0.08255</id><od uom="m">0.2032</od><odMx uom="m">0.2032</odMx><len uom="m">4.654296</len><lenJointAv uom="m">2.327148</lenJointAv><numJointStand>2</numJointStand><wtPerLen uom="kg/m">211.526936895398</wtPerLen><grade>G-105</grade><odDrift uom="m">0</odDrift><tqYield uom="J">0</tqYield><stressFatig uom="Pa">0</stressFatig><lenFishneck uom="m">0</lenFishneck><idFishneck uom="m">0</idFishneck><odFishneck uom="m">0</odFishneck><disp uom="m3">0</disp><wearWall uom="%">2.59375</wearWall><configCon>bottom pin top box</configCon><torsionalStiffness uom="N/m">0</torsionalStiffness><typeMaterial>other</typeMaterial><doglegMx uom="rad/m">0</doglegMx><vendor>Schlumberger</vendor><model>COLLAR</model><connection><id uom="m">0.0714375</id><od uom="m">0.2032</od><len uom="m">0</len><typeThread>6-5/8 REG</typeThread><tqYield uom="J">0</tqYield><position>bottom</position><criticalCrossSection uom="m2">0</criticalCrossSection><presLeak uom="Pa">0</presLeak><tqMakeup uom="J">63723.4435715758</tqMakeup><customData><cd_connection xsi:schemaLocation="http://schema.slb.com/2012/WitsmlExtension cd_tubular_component.xsd" schemaVersion="1.4.1.10" xmlns="http://schema.slb.com/2012/WitsmlExtension"><stressReliefFlag>false</stressReliefFlag><gender>Pin</gender><hydrostaticTestPressure uom="Pa">0</hydrostaticTestPressure><driftDiameter uom="m">0</driftDiameter><linearWeight uom="kg/m">0</linearWeight><bsr>2.927</bsr><tensYield uom="N">0</tensYield><ApiConnectionFlag>false</ApiConnectionFlag></cd_connection></customData></connection><connection><id uom="m">0.0714375</id><od uom="m">0.2032</od><len uom="m">0</len><typeThread>6-5/8 REG</typeThread><tqYield uom="J">0</tqYield><position>top</position><criticalCrossSection uom="m2">0</criticalCrossSection><presLeak uom="Pa">0</presLeak><tqMakeup uom="J">61011.807674913</tqMakeup><customData><cd_connection xsi:schemaLocation="http://schema.slb.com/2012/WitsmlExtension cd_tubular_component.xsd" schemaVersion="1.4.1.10" xmlns="http://schema.slb.com/2012/WitsmlExtension"><stressReliefFlag>false</stressReliefFlag><gender>Box</gender><hydrostaticTestPressure uom="Pa">0</hydrostaticTestPressure><driftDiameter uom="m">0</driftDiameter><linearWeight uom="kg/m">0</linearWeight><bsr>6.934</bsr><tensYield uom="N">0</tensYield><ApiConnectionFlag>false</ApiConnectionFlag></cd_connection></customData></connection><customData><cd_tubularComponent xsi:schemaLocation="http://schema.slb.com/2012/WitsmlExtension cd_tubular_component.xsd" schemaVersion="1.4.1.10" xmlns="http://schema.slb.com/2012/WitsmlExtension"><numSerial /><name>8" Collar</name><catalogUid /><weight uom="kg">984.508976044101</weight><tensYield uom="N">0</tensYield><MagneticPoleStrength uom="Wb">0</MagneticPoleStrength><otherMaterial>monel</otherMaterial><thermalconductivity uom="W/(m.K)">26</thermalconductivity><anisotropyRating uom="">-999.25</anisotropyRating><thermalExpansionCoefficient uom="1/K">-999.25</thermalExpansionCoefficient><specheatcapacity uom="J/(kg.K)">430</specheatcapacity><NonMagFlag>true</NonMagFlag><subType>Drill Collar</subType><maxMakeUpTorque uom="J">0</maxMakeUpTorque><maxDoglegSliding uom="rad/m">0</maxDoglegSliding><WobMaxHasLimit>false</WobMaxHasLimit><WobMinHasLimit>false</WobMinHasLimit><RpmMaxHasLimit>false</RpmMaxHasLimit><RpmMinHasLimit>false</RpmMinHasLimit><FlowRateMaxHasLimit>false</FlowRateMaxHasLimit><FlowRateMinHasLimit>false</FlowRateMinHasLimit><TensileLoadMaxHasLimit>false</TensileLoadMaxHasLimit><OperatingTemperatureMaxHasLimit>false</OperatingTemperatureMaxHasLimit><OperatingPressureMaxHasLimit>false</OperatingPressureMaxHasLimit><DlsSlidingMaxHasLimit>false</DlsSlidingMaxHasLimit><DlsRotatingMaxHasLimit>false</DlsRotatingMaxHasLimit><IsObsolete>false</IsObsolete><type>COLLAR</type><Remarks>8" Collar</Remarks><SteelGrade><GradeType>G-105</GradeType></SteelGrade><Density uom="kg/m3">7860</Density><PoissonRatio>0.3</PoissonRatio><YoungsModulus uom="Pa">209945000000</YoungsModulus></cd_tubularComponent></customData></tubularComponent><tubularComponent uid="eab0f8262bdb409eb4e2ec6ed547010f"><typeTubularComp>MWD pulser</typeTubularComp><sequence>6</sequence><description>SlimPulse 950 - Bat. On bottom</description><id uom="m">0.127</id><od uom="m">0.2413</od><odMx uom="m">0.2413</odMx><len uom="m">9.4488</len><wtPerLen uom="kg/m">285.63818732874</wtPerLen><grade>P550</grade><wearWall uom="%">2.25</wearWall><configCon>bottom pin top box</configCon><typeMaterial>non-magnetic steel</typeMaterial><doglegMx uom="rad/m">0.00229045833595056</doglegMx><vendor>Schlumberger</vendor><model>SlimPulse 950 - Bat. On bottom</model><connection><id uom="m">0.127</id><od uom="m">0.2413</od><typeThread>6-5/8 REG</typeThread><position>bottom</position><tqMakeup uom="J">61011.807674913</tqMakeup><customData><cd_connection xsi:schemaLocation="http://schema.slb.com/2012/WitsmlExtension cd_tubular_component.xsd" schemaVersion="1.4.1.10" xmlns="http://schema.slb.com/2012/WitsmlExtension"><stressReliefFlag>false</stressReliefFlag><gender>Pin</gender><bsr>6.934</bsr><ApiConnectionFlag>false</ApiConnectionFlag></cd_connection></customData></connection><connection><id uom="m">0.127</id><od uom="m">0.2413</od><typeThread>6-5/8 REG</typeThread><position>top</position><tqMakeup uom="J">56944.3538299188</tqMakeup><customData><cd_connection xsi:schemaLocation="http://schema.slb.com/2012/WitsmlExtension cd_tubular_component.xsd" schemaVersion="1.4.1.10" xmlns="http://schema.slb.com/2012/WitsmlExtension"><stressReliefFlag>false</stressReliefFlag><gender>Box</gender><bsr>5.107</bsr><ApiConnectionFlag>false</ApiConnectionFlag></cd_connection></customData></connection><mwdTool><flowrateMn uom="m3/s">0.023027923</flowrateMn><flowrateMx uom="m3/s">0.07255373</flowrateMx><tempMx uom="K">423.150000000005</tempMx><sensor><offsetBot uom="m">4.736592</offsetBot><customData><cd_sensor xsi:schemaLocation="http://schema.slb.com/2012/WitsmlExtension cd_tubular_component.xsd" schemaVersion="1.4.1.10" xmlns="http://schema.slb.com/2012/WitsmlExtension"><typeMeasurement>azimuth</typeMeasurement></cd_sensor></customData></sensor><sensor><offsetBot uom="m">5.62356</offsetBot><customData><cd_sensor xsi:schemaLocation="http://schema.slb.com/2012/WitsmlExtension cd_tubular_component.xsd" schemaVersion="1.4.1.10" xmlns="http://schema.slb.com/2012/WitsmlExtension"><typeMeasurement>MWD Gamma Ray</typeMeasurement></cd_sensor></customData></sensor><customData><cd_mwdTool xsi:schemaLocation="http://schema.slb.com/2012/WitsmlExtension cd_tubular_component.xsd" schemaVersion="1.4.1.10" xmlns="http://schema.slb.com/2012/WitsmlExtension"><pressureDropCoef>39750</pressureDropCoef><distToReadOutPort uom="m">0</distToReadOutPort><bendingMomentRotating uom="N.m">106431.708944015</bendingMomentRotating><IsSinglePower>false</IsSinglePower></cd_mwdTool></customData></mwdTool><customData><cd_tubularComponent xsi:schemaLocation="http://schema.slb.com/2012/WitsmlExtension cd_tubular_component.xsd" schemaVersion="1.4.1.10" xmlns="http://schema.slb.com/2012/WitsmlExtension"><numSerial /><name>SlimPulse 950 - Bat. On bottom</name><catalogUid>3133</catalogUid><weight uom="kg">2698.9381044318</weight><thermalconductivity uom="W/(m.K)">42.7</thermalconductivity><anisotropyRating uom="">1</anisotropyRating><thermalExpansionCoefficient uom="1/K">1.24E-05</thermalExpansionCoefficient><specheatcapacity uom="J/(kg.K)">473</specheatcapacity><NonMagFlag>true</NonMagFlag><subType /><maxDoglegSliding uom="rad/m">0.00687137500785169</maxDoglegSliding><WobMaxHasLimit>false</WobMaxHasLimit><WobMinHasLimit>false</WobMinHasLimit><RpmMaxHasLimit>false</RpmMaxHasLimit><RpmMinHasLimit>false</RpmMinHasLimit><FlowRateMaxHasLimit>false</FlowRateMaxHasLimit><FlowRateMax uom="m3/s">0.07255373</FlowRateMax><FlowRateMinHasLimit>false</FlowRateMinHasLimit><FlowRateMin uom="m3/s">0.023027923</FlowRateMin><TensileLoadMaxHasLimit>false</TensileLoadMaxHasLimit><OperatingTemperatureMaxHasLimit>false</OperatingTemperatureMaxHasLimit><OperatingTemperatureMax uom="K">423.150000000005</OperatingTemperatureMax><OperatingPressureMaxHasLimit>false</OperatingPressureMaxHasLimit><DlsSlidingMaxHasLimit>false</DlsSlidingMaxHasLimit><DlsRotatingMaxHasLimit>false</DlsRotatingMaxHasLimit><IsObsolete>false</IsObsolete><type>MWD</type><businessSystemName>SlimPulse Collar 950</businessSystemName><Remarks>SlimPulse 950 - Bat. On bottom</Remarks><alias><source>MaxwellProgId</source><name>Slb.SlimPulse.SPSATool</name></alias><alias><source>Osdd</source><name>SPULSE-SPSA</name></alias><alias><source>MaxwellEnsembleCode</source><name>SPULSE-SPSA</name></alias><SteelGrade><GradeType>P550</GradeType></SteelGrade><Density uom="kg/m3">7860</Density><PoissonRatio>0.3</PoissonRatio><YoungsModulus uom="Pa">209945000000</YoungsModulus></cd_tubularComponent></customData></tubularComponent><tubularComponent uid="e903240df3914d5f8dca8f03c46d32d1"><typeTubularComp>drill collar</typeTubularComp><sequence>7</sequence><description>8" Collar</description><id uom="m">0.08255</id><od uom="m">0.2032</od><odMx uom="m">0.2032</odMx><len uom="m">9.390888</len><lenJointAv uom="m">9.390888</lenJointAv><numJointStand>1</numJointStand><wtPerLen uom="kg/m">211.526936895398</wtPerLen><grade>G-105</grade><odDrift uom="m">0</odDrift><tqYield uom="J">0</tqYield><stressFatig uom="Pa">0</stressFatig><lenFishneck uom="m">0</lenFishneck><idFishneck uom="m">0</idFishneck><odFishneck uom="m">0</odFishneck><disp uom="m3">0</disp><wearWall uom="%">2.375</wearWall><configCon>bottom pin top box</configCon><torsionalStiffness uom="N/m">0</torsionalStiffness><typeMaterial>other</typeMaterial><doglegMx uom="rad/m">0</doglegMx><vendor>Schlumberger</vendor><model>COLLAR</model><connection><id uom="m">0.08255</id><od uom="m">0.2032</od><len uom="m">0</len><typeThread>6-5/8 REG</typeThread><tqYield uom="J">0</tqYield><position>bottom</position><criticalCrossSection uom="m2">0</criticalCrossSection><presLeak uom="Pa">0</presLeak><tqMakeup uom="J">56944.3538299188</tqMakeup><customData><cd_connection xsi:schemaLocation="http://schema.slb.com/2012/WitsmlExtension cd_tubular_component.xsd" schemaVersion="1.4.1.10" xmlns="http://schema.slb.com/2012/WitsmlExtension"><stressReliefFlag>false</stressReliefFlag><gender>Pin</gender><hydrostaticTestPressure uom="Pa">0</hydrostaticTestPressure><driftDiameter uom="m">0</driftDiameter><linearWeight uom="kg/m">0</linearWeight><bsr>5.107</bsr><tensYield uom="N">0</tensYield><ApiConnectionFlag>false</ApiConnectionFlag></cd_connection></customData></connection><connection><id uom="m">0.08255</id><od uom="m">0.2032</od><len uom="m">0</len><typeThread>6-5/8 REG</typeThread><tqYield uom="J">0</tqYield><position>top</position><criticalCrossSection uom="m2">0</criticalCrossSection><presLeak uom="Pa">0</presLeak><tqMakeup uom="J">63723.4435715758</tqMakeup><customData><cd_connection xsi:schemaLocation="http://schema.slb.com/2012/WitsmlExtension cd_tubular_component.xsd" schemaVersion="1.4.1.10" xmlns="http://schema.slb.com/2012/WitsmlExtension"><stressReliefFlag>false</stressReliefFlag><gender>Box</gender><hydrostaticTestPressure uom="Pa">0</hydrostaticTestPressure><driftDiameter uom="m">0</driftDiameter><linearWeight uom="kg/m">0</linearWeight><bsr>2.538</bsr><tensYield uom="N">0</tensYield><ApiConnectionFlag>false</ApiConnectionFlag></cd_connection></customData></connection><customData><cd_tubularComponent xsi:schemaLocation="http://schema.slb.com/2012/WitsmlExtension cd_tubular_component.xsd" schemaVersion="1.4.1.10" xmlns="http://schema.slb.com/2012/WitsmlExtension"><numSerial /><name>8" Collar</name><catalogUid /><weight uom="kg">1986.42577264654</weight><tensYield uom="N">0</tensYield><MagneticPoleStrength uom="Wb">0</MagneticPoleStrength><otherMaterial>monel</otherMaterial><thermalconductivity uom="W/(m.K)">26</thermalconductivity><anisotropyRating uom="">-999.25</anisotropyRating><thermalExpansionCoefficient uom="1/K">-999.25</thermalExpansionCoefficient><specheatcapacity uom="J/(kg.K)">430</specheatcapacity><NonMagFlag>true</NonMagFlag><subType>Drill Collar</subType><maxMakeUpTorque uom="J">0</maxMakeUpTorque><maxDoglegSliding uom="rad/m">0</maxDoglegSliding><WobMaxHasLimit>false</WobMaxHasLimit><WobMinHasLimit>false</WobMinHasLimit><RpmMaxHasLimit>false</RpmMaxHasLimit><RpmMinHasLimit>false</RpmMinHasLimit><FlowRateMaxHasLimit>false</FlowRateMaxHasLimit><FlowRateMinHasLimit>false</FlowRateMinHasLimit><TensileLoadMaxHasLimit>false</TensileLoadMaxHasLimit><OperatingTemperatureMaxHasLimit>false</OperatingTemperatureMaxHasLimit><OperatingPressureMaxHasLimit>false</OperatingPressureMaxHasLimit><DlsSlidingMaxHasLimit>false</DlsSlidingMaxHasLimit><DlsRotatingMaxHasLimit>false</DlsRotatingMaxHasLimit><IsObsolete>false</IsObsolete><type>COLLAR</type><Remarks>8" Collar</Remarks><SteelGrade><GradeType>G-105</GradeType></SteelGrade><Density uom="kg/m3">7860</Density><PoissonRatio>0.3</PoissonRatio><YoungsModulus uom="Pa">209945000000</YoungsModulus></cd_tubularComponent></customData></tubularComponent><tubularComponent uid="032d8fbef2bf4af79a5e70129cfc7da7"><typeTubularComp>other</typeTubularComp><sequence>8</sequence><description>8" Misc. Sub</description><id uom="m">0.0635</id><od uom="m">0.2032</od><odMx uom="m">0.2032</odMx><len uom="m">1.524</len><wtPerLen uom="kg/m">228.59753155733</wtPerLen><grade>G-105</grade><odDrift uom="m">0</odDrift><tqYield uom="J">0</tqYield><stressFatig uom="Pa">0</stressFatig><lenFishneck uom="m">0</lenFishneck><idFishneck uom="m">0</idFishneck><odFishneck uom="m">0</odFishneck><disp uom="m3">0</disp><configCon>bottom pin top box</configCon><torsionalStiffness uom="N/m">0</torsionalStiffness><typeMaterial>non-magnetic steel</typeMaterial><doglegMx uom="rad/m">0</doglegMx><vendor>Schlumberger</vendor><model>8" Misc. Sub</model><connection><id uom="m">0.0635</id><od uom="m">0.168275</od><len uom="m">0</len><typeThread>6-5/8 REG</typeThread><tqYield uom="J">0</tqYield><position>bottom</position><criticalCrossSection uom="m2">0</criticalCrossSection><presLeak uom="Pa">0</presLeak><tqMakeup uom="J">63723.4435715758</tqMakeup><customData><cd_connection xsi:schemaLocation="http://schema.slb.com/2012/WitsmlExtension cd_tubular_component.xsd" schemaVersion="1.4.1.10" xmlns="http://schema.slb.com/2012/WitsmlExtension"><stressReliefFlag>false</stressReliefFlag><gender>Pin</gender><hydrostaticTestPressure uom="Pa">0</hydrostaticTestPressure><driftDiameter uom="m">0</driftDiameter><linearWeight uom="kg/m">0</linearWeight><bsr>2.538</bsr><tensYield uom="N">0</tensYield><ApiConnectionFlag>false</ApiConnectionFlag></cd_connection></customData></connection><connection><id uom="m">0.0635</id><od uom="m">0.168275</od><len uom="m">0</len><typeThread>6-5/8 REG</typeThread><tqYield uom="J">0</tqYield><position>top</position><criticalCrossSection uom="m2">0</criticalCrossSection><presLeak uom="Pa">0</presLeak><tqMakeup uom="J">67790.89741657</tqMakeup><customData><cd_connection xsi:schemaLocation="http://schema.slb.com/2012/WitsmlExtension cd_tubular_component.xsd" schemaVersion="1.4.1.10" xmlns="http://schema.slb.com/2012/WitsmlExtension"><stressReliefFlag>false</stressReliefFlag><gender>Box</gender><hydrostaticTestPressure uom="Pa">0</hydrostaticTestPressure><driftDiameter uom="m">0</driftDiameter><linearWeight uom="kg/m">0</linearWeight><bsr>1.183</bsr><tensYield uom="N">0</tensYield><ApiConnectionFlag>false</ApiConnectionFlag></cd_connection></customData></connection><customData><cd_tubularComponent xsi:schemaLocation="http://schema.slb.com/2012/WitsmlExtension cd_tubular_component.xsd" schemaVersion="1.4.1.10" xmlns="http://schema.slb.com/2012/WitsmlExtension"><numSerial /><name>8" Misc. Sub</name><catalogUid /><weight uom="kg">348.382638093371</weight><tensYield uom="N">0</tensYield><MagneticPoleStrength uom="Wb">0</MagneticPoleStrength><thermalconductivity uom="W/(m.K)">42.7</thermalconductivity><anisotropyRating uom="">1</anisotropyRating><thermalExpansionCoefficient uom="1/K">1.24E-05</thermalExpansionCoefficient><specheatcapacity uom="J/(kg.K)">473</specheatcapacity><NonMagFlag>true</NonMagFlag><subType /><maxMakeUpTorque uom="J">0</maxMakeUpTorque><maxDoglegSliding uom="rad/m">0</maxDoglegSliding><WobMaxHasLimit>false</WobMaxHasLimit><WobMinHasLimit>false</WobMinHasLimit><RpmMaxHasLimit>false</RpmMaxHasLimit><RpmMinHasLimit>false</RpmMinHasLimit><FlowRateMaxHasLimit>false</FlowRateMaxHasLimit><FlowRateMinHasLimit>false</FlowRateMinHasLimit><TensileLoadMaxHasLimit>false</TensileLoadMaxHasLimit><OperatingTemperatureMaxHasLimit>false</OperatingTemperatureMaxHasLimit><OperatingPressureMaxHasLimit>false</OperatingPressureMaxHasLimit><DlsSlidingMaxHasLimit>false</DlsSlidingMaxHasLimit><DlsRotatingMaxHasLimit>false</DlsRotatingMaxHasLimit><IsObsolete>false</IsObsolete><type>MISCSUB</type><type>Drill_Sub</type><miscSubType /><Remarks>8" Misc. Sub</Remarks><SteelGrade><GradeType>G-105</GradeType></SteelGrade><Density uom="kg/m3">7860</Density><PoissonRatio>0.3</PoissonRatio><YoungsModulus uom="Pa">209945000000</YoungsModulus></cd_tubularComponent></customData></tubularComponent><tubularComponent uid="71d4edf998254d76ae1deea7cad7b63a"><typeTubularComp>drill collar</typeTubularComp><sequence>9</sequence><description>8" Collar</description><id uom="m">0.08255</id><od uom="m">0.2032</od><odMx uom="m">0.2032</odMx><len uom="m">52.4256006096</len><lenJointAv uom="m">8.7376001016</lenJointAv><numJointStand>6</numJointStand><wtPerLen uom="kg/m">211.526936895398</wtPerLen><grade>G-105</grade><odDrift uom="m">0</odDrift><tqYield uom="J">0</tqYield><stressFatig uom="Pa">0</stressFatig><lenFishneck uom="m">0</lenFishneck><idFishneck uom="m">0</idFishneck><odFishneck uom="m">0</odFishneck><disp uom="m3">0</disp><wearWall uom="%">2.375</wearWall><configCon>bottom pin top box</configCon><torsionalStiffness uom="N/m">0</torsionalStiffness><typeMaterial>non-magnetic steel</typeMaterial><doglegMx uom="rad/m">0</doglegMx><vendor>Schlumberger</vendor><model>COLLAR</model><connection><id uom="m">0.08255</id><od uom="m">0.2032</od><len uom="m">0</len><typeThread>6-5/8 REG</typeThread><tqYield uom="J">0</tqYield><position>bottom</position><criticalCrossSection uom="m2">0</criticalCrossSection><presLeak uom="Pa">0</presLeak><tqMakeup uom="J">67790.89741657</tqMakeup><customData><cd_connection xsi:schemaLocation="http://schema.slb.com/2012/WitsmlExtension cd_tubular_component.xsd" schemaVersion="1.4.1.10" xmlns="http://schema.slb.com/2012/WitsmlExtension"><stressReliefFlag>false</stressReliefFlag><gender>Pin</gender><hydrostaticTestPressure uom="Pa">0</hydrostaticTestPressure><driftDiameter uom="m">0</driftDiameter><linearWeight uom="kg/m">0</linearWeight><bsr>1.183</bsr><tensYield uom="N">0</tensYield><ApiConnectionFlag>false</ApiConnectionFlag></cd_connection></customData></connection><connection><id uom="m">0.08255</id><od uom="m">0.2032</od><len uom="m">0</len><typeThread>6-5/8 REG</typeThread><tqYield uom="J">0</tqYield><position>top</position><criticalCrossSection uom="m2">0</criticalCrossSection><presLeak uom="Pa">0</presLeak><tqMakeup uom="J">65079.2615199072</tqMakeup><customData><cd_connection xsi:schemaLocation="http://schema.slb.com/2012/WitsmlExtension cd_tubular_component.xsd" schemaVersion="1.4.1.10" xmlns="http://schema.slb.com/2012/WitsmlExtension"><stressReliefFlag>false</stressReliefFlag><gender>Box</gender><hydrostaticTestPressure uom="Pa">0</hydrostaticTestPressure><driftDiameter uom="m">0</driftDiameter><linearWeight uom="kg/m">0</linearWeight><bsr>2.658</bsr><tensYield uom="N">0</tensYield><ApiConnectionFlag>false</ApiConnectionFlag></cd_connection></customData></connection><customData><cd_tubularComponent xsi:schemaLocation="http://schema.slb.com/2012/WitsmlExtension cd_tubular_component.xsd" schemaVersion="1.4.1.10" xmlns="http://schema.slb.com/2012/WitsmlExtension"><numSerial /><name>8" Collar</name><catalogUid /><weight uom="kg">11089.4267071877</weight><tensYield uom="N">0</tensYield><MagneticPoleStrength uom="Wb">0</MagneticPoleStrength><thermalconductivity uom="W/(m.K)">42.7</thermalconductivity><anisotropyRating uom="">1</anisotropyRating><thermalExpansionCoefficient uom="1/K">1.24E-05</thermalExpansionCoefficient><specheatcapacity uom="J/(kg.K)">473</specheatcapacity><NonMagFlag>true</NonMagFlag><subType>Drill Collar</subType><maxMakeUpTorque uom="J">0</maxMakeUpTorque><maxDoglegSliding uom="rad/m">0</maxDoglegSliding><WobMaxHasLimit>false</WobMaxHasLimit><WobMinHasLimit>false</WobMinHasLimit><RpmMaxHasLimit>false</RpmMaxHasLimit><RpmMinHasLimit>false</RpmMinHasLimit><FlowRateMaxHasLimit>false</FlowRateMaxHasLimit><FlowRateMinHasLimit>false</FlowRateMinHasLimit><TensileLoadMaxHasLimit>false</TensileLoadMaxHasLimit><OperatingTemperatureMaxHasLimit>false</OperatingTemperatureMaxHasLimit><OperatingPressureMaxHasLimit>false</OperatingPressureMaxHasLimit><DlsSlidingMaxHasLimit>false</DlsSlidingMaxHasLimit><DlsRotatingMaxHasLimit>false</DlsRotatingMaxHasLimit><IsObsolete>false</IsObsolete><type>COLLAR</type><Remarks>8" Collar</Remarks><SteelGrade><GradeType>G-105</GradeType></SteelGrade><Density uom="kg/m3">7860</Density><PoissonRatio>0.3</PoissonRatio><YoungsModulus uom="Pa">209945000000</YoungsModulus></cd_tubularComponent></customData></tubularComponent><tubularComponent uid="fa4356c21c7b4cf7a79014e027e30d2a"><typeTubularComp>jar</typeTubularComp><sequence>10</sequence><description>Hydra-Jar AP</description><id uom="m">0.0762</id><od uom="m">0.2032</od><odMx uom="m">0.2032</odMx><len uom="m">9.7536</len><wtPerLen uom="kg/m">165.093053554992</wtPerLen><grade>4330V</grade><tqYield uom="J">133534.50973116</tqYield><configCon>bottom pin top box</configCon><typeMaterial>steel</typeMaterial><doglegMx uom="rad/m">0.00426025250486805</doglegMx><vendor>Schlumberger</vendor><model>Hydra-Jar AP</model><connection><id uom="m">0.0762</id><od uom="m">0.2032</od><typeThread>6-5/8 REG</typeThread><position>bottom</position><tqMakeup uom="J">65079.2615199072</tqMakeup><customData><cd_connection xsi:schemaLocation="http://schema.slb.com/2012/WitsmlExtension cd_tubular_component.xsd" schemaVersion="1.4.1.10" xmlns="http://schema.slb.com/2012/WitsmlExtension"><stressReliefFlag>false</stressReliefFlag><gender>Pin</gender><bsr>2.658</bsr><ApiConnectionFlag>false</ApiConnectionFlag></cd_connection></customData></connection><connection><id uom="m">0.0762</id><od uom="m">0.2032</od><typeThread>6-5/8 REG</typeThread><position>top</position><tqMakeup uom="J">56944.3538299188</tqMakeup><customData><cd_connection xsi:schemaLocation="http://schema.slb.com/2012/WitsmlExtension cd_tubular_component.xsd" schemaVersion="1.4.1.10" xmlns="http://schema.slb.com/2012/WitsmlExtension"><stressReliefFlag>false</stressReliefFlag><gender>Box</gender><bsr>2.754</bsr><ApiConnectionFlag>false</ApiConnectionFlag></cd_connection></customData></connection><jar><typeJar>hydraulic</typeJar><jarAction>unknown</jarAction></jar><customData><cd_tubularComponent xsi:schemaLocation="http://schema.slb.com/2012/WitsmlExtension cd_tubular_component.xsd" schemaVersion="1.4.1.10" xmlns="http://schema.slb.com/2012/WitsmlExtension"><numSerial /><name>Hydra-Jar AP</name><catalogUid>d63b5062-917b-474b-9f17-00976dbb70ad</catalogUid><weight uom="kg">1610.25160715397</weight><tensYield uom="N">7213053.7942202</tensYield><thermalconductivity uom="W/(m.K)">42.7</thermalconductivity><anisotropyRating uom="">1</anisotropyRating><thermalExpansionCoefficient uom="1/K">1.24E-05</thermalExpansionCoefficient><specheatcapacity uom="J/(kg.K)">473</specheatcapacity><NonMagFlag>false</NonMagFlag><subType /><WobMaxHasLimit>false</WobMaxHasLimit><WobMinHasLimit>false</WobMinHasLimit><RpmMaxHasLimit>false</RpmMaxHasLimit><RpmMinHasLimit>false</RpmMinHasLimit><FlowRateMaxHasLimit>false</FlowRateMaxHasLimit><FlowRateMinHasLimit>false</FlowRateMinHasLimit><TensileLoadMaxHasLimit>false</TensileLoadMaxHasLimit><OperatingTemperatureMaxHasLimit>false</OperatingTemperatureMaxHasLimit><OperatingPressureMaxHasLimit>false</OperatingPressureMaxHasLimit><DlsSlidingMaxHasLimit>false</DlsSlidingMaxHasLimit><DlsRotatingMaxHasLimit>false</DlsRotatingMaxHasLimit><IsObsolete>false</IsObsolete><type>JAR</type><impactToolProperties><maxDetentWorkingLoad uom="N">1334466.48457815</maxDetentWorkingLoad><jarAveArea uom="m2">0.01019350735488</jarAveArea><freeStrokeUp uom="m">0.2032001016</freeStrokeUp><freeStrokeDown uom="m">0.1777998984</freeStrokeDown><maxHoleSize uom="m">0.4445</maxHoleSize><kelleyMandrel1Length uom="m">0.6096</kelleyMandrel1Length><kelleyMandrel1OD uom="m">0.2032</kelleyMandrel1OD><kelleyMandrel1ID uom="m">0.0762</kelleyMandrel1ID><kelleyMandrel2Length uom="m">2.25552</kelleyMandrel2Length><kelleyMandrel2OD uom="m">0.1317752</kelleyMandrel2OD><kelleyMandrel2ID uom="m">0.0762</kelleyMandrel2ID><knockerLength uom="m">0.353568</knockerLength><knockerOD uom="m">0.1651</knockerOD><knockerID uom="m">0.0762</knockerID><anvilLength uom="m">9.144</anvilLength><anvilOD uom="m">0.2032</anvilOD><anvilID uom="m">0.14986</anvilID></impactToolProperties><SteelGrade><GradeType>4330V</GradeType></SteelGrade><Density uom="kg/m3">7860</Density><PoissonRatio>0.3</PoissonRatio><YoungsModulus uom="Pa">209945000000</YoungsModulus></cd_tubularComponent></customData></tubularComponent><tubularComponent uid="32e9246b6b014b508d0736d4facaf1dc"><typeTubularComp>drill collar</typeTubularComp><sequence>11</sequence><description>8" Collar</description><id uom="m">0.08255</id><od uom="m">0.2032</od><odMx uom="m">0.2032</odMx><len uom="m">27.432</len><lenJointAv uom="m">9.144</lenJointAv><numJointStand>3</numJointStand><wtPerLen uom="kg/m">211.526936895398</wtPerLen><grade>G-105</grade><wearWall uom="%">2.375</wearWall><configCon>bottom pin top box</configCon><typeMaterial>non-magnetic steel</typeMaterial><model>COLLAR</model><connection><id uom="m">0.08255</id><od uom="m">0.2032</od><typeThread>6-5/8 REG</typeThread><position>bottom</position><tqMakeup uom="J">56944.3538299188</tqMakeup><customData><cd_connection xsi:schemaLocation="http://schema.slb.com/2012/WitsmlExtension cd_tubular_component.xsd" schemaVersion="1.4.1.10" xmlns="http://schema.slb.com/2012/WitsmlExtension"><stressReliefFlag>false</stressReliefFlag><gender>Pin</gender><bsr>2.754</bsr><ApiConnectionFlag>false</ApiConnectionFlag></cd_connection></customData></connection><connection><id uom="m">0.08255</id><od uom="m">0.2032</od><typeThread>6-5/8 REG</typeThread><position>top</position><tqMakeup uom="J">67790.89741657</tqMakeup><customData><cd_connection xsi:schemaLocation="http://schema.slb.com/2012/WitsmlExtension cd_tubular_component.xsd" schemaVersion="1.4.1.10" xmlns="http://schema.slb.com/2012/WitsmlExtension"><stressReliefFlag>false</stressReliefFlag><gender>Box</gender><bsr>2.658</bsr><ApiConnectionFlag>false</ApiConnectionFlag></cd_connection></customData></connection><customData><cd_tubularComponent xsi:schemaLocation="http://schema.slb.com/2012/WitsmlExtension cd_tubular_component.xsd" schemaVersion="1.4.1.10" xmlns="http://schema.slb.com/2012/WitsmlExtension"><numSerial /><name>8" Collar</name><catalogUid>586</catalogUid><weight uom="kg">5802.60693019301</weight><thermalconductivity uom="W/(m.K)">42.7</thermalconductivity><anisotropyRating uom="">1</anisotropyRating><thermalExpansionCoefficient uom="1/K">1.24E-05</thermalExpansionCoefficient><specheatcapacity uom="J/(kg.K)">473</specheatcapacity><NonMagFlag>true</NonMagFlag><subType>Drill Collar</subType><WobMaxHasLimit>false</WobMaxHasLimit><WobMinHasLimit>false</WobMinHasLimit><RpmMaxHasLimit>false</RpmMaxHasLimit><RpmMinHasLimit>false</RpmMinHasLimit><FlowRateMaxHasLimit>false</FlowRateMaxHasLimit><FlowRateMinHasLimit>false</FlowRateMinHasLimit><TensileLoadMaxHasLimit>false</TensileLoadMaxHasLimit><OperatingTemperatureMaxHasLimit>false</OperatingTemperatureMaxHasLimit><OperatingPressureMaxHasLimit>false</OperatingPressureMaxHasLimit><DlsSlidingMaxHasLimit>false</DlsSlidingMaxHasLimit><DlsRotatingMaxHasLimit>false</DlsRotatingMaxHasLimit><IsObsolete>false</IsObsolete><type>COLLAR</type><Remarks>8" Collar</Remarks><SteelGrade><GradeType>G-105</GradeType></SteelGrade><Density uom="kg/m3">7860</Density><PoissonRatio>0.3</PoissonRatio><YoungsModulus uom="Pa">209945000000</YoungsModulus></cd_tubularComponent></customData></tubularComponent><tubularComponent uid="aceedb7027b44037830d078d535c559b"><typeTubularComp>other</typeTubularComp><sequence>12</sequence><description>8" Misc. Sub</description><id uom="m">0.0762</id><od uom="m">0.17145</od><odMx uom="m">0.17145</odMx><len uom="m">0.9144</len><wtPerLen uom="kg/m">144.728957136465</wtPerLen><grade>G-105</grade><odDrift uom="m">0</odDrift><tqYield uom="J">0</tqYield><stressFatig uom="Pa">0</stressFatig><lenFishneck uom="m">0</lenFishneck><idFishneck uom="m">0</idFishneck><odFishneck uom="m">0</odFishneck><disp uom="m3">0</disp><configCon>bottom pin top box</configCon><torsionalStiffness uom="N/m">0</torsionalStiffness><typeMaterial>steel</typeMaterial><doglegMx uom="rad/m">0</doglegMx><model>8" Misc. Sub</model><connection><id uom="m">0.0762</id><od uom="m">0.168275</od><len uom="m">0</len><typeThread>6-5/8 REG</typeThread><tqYield uom="J">0</tqYield><position>bottom</position><criticalCrossSection uom="m2">0</criticalCrossSection><presLeak uom="Pa">0</presLeak><tqMakeup uom="J">67790.89741657</tqMakeup><customData><cd_connection xsi:schemaLocation="http://schema.slb.com/2012/WitsmlExtension cd_tubular_component.xsd" schemaVersion="1.4.1.10" xmlns="http://schema.slb.com/2012/WitsmlExtension"><stressReliefFlag>false</stressReliefFlag><gender>Pin</gender><hydrostaticTestPressure uom="Pa">0</hydrostaticTestPressure><driftDiameter uom="m">0</driftDiameter><linearWeight uom="kg/m">0</linearWeight><bsr>2.658</bsr><tensYield uom="N">0</tensYield><ApiConnectionFlag>false</ApiConnectionFlag></cd_connection></customData></connection><connection><id uom="m">0.0762</id><od uom="m">0.168275</od><len uom="m">0</len><typeThread>NC50</typeThread><tqYield uom="J">0</tqYield><position>top</position><criticalCrossSection uom="m2">0</criticalCrossSection><presLeak uom="Pa">0</presLeak><tqMakeup uom="J">61011.807674913</tqMakeup><customData><cd_connection xsi:schemaLocation="http://schema.slb.com/2012/WitsmlExtension cd_tubular_component.xsd" schemaVersion="1.4.1.10" xmlns="http://schema.slb.com/2012/WitsmlExtension"><stressReliefFlag>false</stressReliefFlag><gender>Box</gender><hydrostaticTestPressure uom="Pa">0</hydrostaticTestPressure><driftDiameter uom="m">0</driftDiameter><linearWeight uom="kg/m">0</linearWeight><bsr>4.736</bsr><tensYield uom="N">0</tensYield><diameterAtLET uom="m">0.1152144</diameterAtLET><ApiConnectionFlag>false</ApiConnectionFlag></cd_connection></customData></connection><customData><cd_tubularComponent xsi:schemaLocation="http://schema.slb.com/2012/WitsmlExtension cd_tubular_component.xsd" schemaVersion="1.4.1.10" xmlns="http://schema.slb.com/2012/WitsmlExtension"><numSerial /><name>8" Misc. Sub</name><catalogUid /><weight uom="kg">132.340157951991</weight><tensYield uom="N">0</tensYield><MagneticPoleStrength uom="Wb">0</MagneticPoleStrength><thermalconductivity uom="W/(m.K)">42.7</thermalconductivity><anisotropyRating uom="">1</anisotropyRating><thermalExpansionCoefficient uom="1/K">1.24E-05</thermalExpansionCoefficient><specheatcapacity uom="J/(kg.K)">473</specheatcapacity><NonMagFlag>false</NonMagFlag><subType /><maxMakeUpTorque uom="J">0</maxMakeUpTorque><maxDoglegSliding uom="rad/m">0</maxDoglegSliding><WobMaxHasLimit>false</WobMaxHasLimit><WobMinHasLimit>false</WobMinHasLimit><RpmMaxHasLimit>false</RpmMaxHasLimit><RpmMinHasLimit>false</RpmMinHasLimit><FlowRateMaxHasLimit>false</FlowRateMaxHasLimit><FlowRateMinHasLimit>false</FlowRateMinHasLimit><TensileLoadMaxHasLimit>false</TensileLoadMaxHasLimit><OperatingTemperatureMaxHasLimit>false</OperatingTemperatureMaxHasLimit><OperatingPressureMaxHasLimit>false</OperatingPressureMaxHasLimit><DlsSlidingMaxHasLimit>false</DlsSlidingMaxHasLimit><DlsRotatingMaxHasLimit>false</DlsRotatingMaxHasLimit><IsObsolete>false</IsObsolete><type>MISCSUB</type><type>Drill_Sub</type><miscSubType /><Remarks>8" Misc. Sub</Remarks><SteelGrade><GradeType>G-105</GradeType></SteelGrade><Density uom="kg/m3">7860</Density><PoissonRatio>0.3</PoissonRatio><YoungsModulus uom="Pa">209945000000</YoungsModulus></cd_tubularComponent></customData></tubularComponent><tubularComponent uid="82af6a10613e413ba0a4aee03aeac542"><typeTubularComp>drill pipe</typeTubularComp><sequence>13</sequence><description>5" 19.50 DPS, 10% Wear</description><id uom="m">0.1086104</id><od uom="m">0.1251712</od><odMx uom="m">0.168275</odMx><len uom="m">9.4488</len><lenJointAv uom="m">9.4488</lenJointAv><numJointStand>1</numJointStand><wtPerLen uom="kg/m">33.6325051246719</wtPerLen><grade>S-135</grade><odDrift uom="m">0.1251712</odDrift><tqYield uom="J">89520.591677189</tqYield><stressFatig uom="Pa">0</stressFatig><lenFishneck uom="m">0</lenFishneck><idFishneck uom="m">0</idFishneck><odFishneck uom="m">0</odFishneck><disp uom="m3">0</disp><classService>10% Wear</classService><configCon>bottom pin top box</configCon><torsionalStiffness uom="N/m">0</torsionalStiffness><typeMaterial>steel</typeMaterial><doglegMx uom="rad/m">0</doglegMx><vendor>Rig</vendor><model>S-135</model><connection><id uom="m">0.1086104</id><od uom="m">0.127</od><len uom="m">0</len><typeThread>NC50</typeThread><tqYield uom="J">85958.8579269224</tqYield><position>bottom</position><criticalCrossSection uom="m2">0</criticalCrossSection><presLeak uom="Pa">0</presLeak><tqMakeup uom="J">61011.807674913</tqMakeup><customData><cd_connection xsi:schemaLocation="http://schema.slb.com/2012/WitsmlExtension cd_tubular_component.xsd" schemaVersion="1.4.1.10" xmlns="http://schema.slb.com/2012/WitsmlExtension"><stressReliefFlag>false</stressReliefFlag><gender>Pin</gender><standardizationName>NC50 (4 1/2 IF) IEU</standardizationName><hydrostaticTestPressure uom="Pa">0</hydrostaticTestPressure><upsetType>IEU</upsetType><driftDiameter uom="m">0</driftDiameter><linearWeight uom="kg/m">0</linearWeight><bsr>4.736</bsr><tensYield uom="N">6902305.48042641</tensYield><diameterAtLET uom="m">0.1239774</diameterAtLET><ApiConnectionFlag>false</ApiConnectionFlag></cd_connection></customData></connection><connection><id uom="m">0.1086104</id><od uom="m">0.127</od><len uom="m">0</len><typeThread>NC50</typeThread><tqYield uom="J">85958.8579269224</tqYield><position>top</position><criticalCrossSection uom="m2">0</criticalCrossSection><presLeak uom="Pa">0</presLeak><tqMakeup uom="J">52876.8999849246</tqMakeup><customData><cd_connection xsi:schemaLocation="http://schema.slb.com/2012/WitsmlExtension cd_tubular_component.xsd" schemaVersion="1.4.1.10" xmlns="http://schema.slb.com/2012/WitsmlExtension"><stressReliefFlag>false</stressReliefFlag><gender>Box</gender><standardizationName>NC50 (4 1/2 IF) IEU</standardizationName><hydrostaticTestPressure uom="Pa">0</hydrostaticTestPressure><upsetType>IEU</upsetType><driftDiameter uom="m">0</driftDiameter><linearWeight uom="kg/m">0</linearWeight><tensYield uom="N">6902305.48042641</tensYield><diameterAtLET uom="m">0.1152144</diameterAtLET><ApiConnectionFlag>false</ApiConnectionFlag></cd_connection></customData></connection><customData><cd_tubularComponent xsi:schemaLocation="http://schema.slb.com/2012/WitsmlExtension cd_tubular_component.xsd" schemaVersion="1.4.1.10" xmlns="http://schema.slb.com/2012/WitsmlExtension"><numSerial /><name>5" 19.50 DPS, 10% Wear</name><catalogUid /><weight uom="kg">317.786814422</weight><tensYield uom="N">2828450.64451005</tensYield><MagneticPoleStrength uom="Wb">0</MagneticPoleStrength><thermalconductivity uom="W/(m.K)">42.7</thermalconductivity><anisotropyRating uom="">1</anisotropyRating><thermalExpansionCoefficient uom="1/K">1.24E-05</thermalExpansionCoefficient><specheatcapacity uom="J/(kg.K)">473</specheatcapacity><NonMagFlag>false</NonMagFlag><subType /><maxMakeUpTorque uom="J">0</maxMakeUpTorque><maxDoglegSliding uom="rad/m">0</maxDoglegSliding><WobMaxHasLimit>false</WobMaxHasLimit><WobMinHasLimit>false</WobMinHasLimit><RpmMaxHasLimit>false</RpmMaxHasLimit><RpmMinHasLimit>false</RpmMinHasLimit><FlowRateMaxHasLimit>false</FlowRateMaxHasLimit><FlowRateMinHasLimit>false</FlowRateMinHasLimit><TensileLoadMaxHasLimit>false</TensileLoadMaxHasLimit><OperatingTemperatureMaxHasLimit>false</OperatingTemperatureMaxHasLimit><OperatingPressureMaxHasLimit>false</OperatingPressureMaxHasLimit><DlsSlidingMaxHasLimit>false</DlsSlidingMaxHasLimit><DlsRotatingMaxHasLimit>false</DlsRotatingMaxHasLimit><IsObsolete>false</IsObsolete><type>DP</type><toolJointLength uom="m">0</toolJointLength><toolJointNominalInsideDiameter uom="m">0.06985</toolJointNominalInsideDiameter><toolJointNominalOutsideDiameter uom="m">0.168275</toolJointNominalOutsideDiameter><toolJointPercentWear uom="">0</toolJointPercentWear><Remarks>5" 19.50 DPS, 10% Wear</Remarks><drillPipe><hydrostaticTestPressure uom="Pa">0</hydrostaticTestPressure><nominalWallThickness uom="m">0</nominalWallThickness><nominalOutsideDiameter uom="m">0.127</nominalOutsideDiameter><nominalInsideDiameter uom="m">0</nominalInsideDiameter><nominalLinearWeight uom="kg/m">29.0191968996063</nominalLinearWeight><heavyWeightFlag>false</heavyWeightFlag></drillPipe><SteelGrade><GradeType>S-135</GradeType></SteelGrade><Density uom="kg/m3">7860</Density><PoissonRatio>0.3</PoissonRatio><YoungsModulus uom="Pa">209945000000</YoungsModulus></cd_tubularComponent></customData></tubularComponent><commonData><itemState>unknown</itemState></commonData><customData><cd_tubular xsi:schemaLocation="http://schema.slb.com/2012/WitsmlExtension cd_tubular_component.xsd" schemaVersion="1.4.1.10" xmlns="http://schema.slb.com/2012/WitsmlExtension"><jobNumber /></cd_tubular></customData></tubular></tubulars>