<tubulars xsi:schemaLocation="http://www.witsml.org/schemas/1series http://w3.energistics.org/schema/WITSML_v1.4.1.1_Data_Schema/witsml_v1.4.1.1_data/xsd_schemas/obj_tubular.xsd" version="1.4.1.1" xmlns="http://www.witsml.org/schemas/1series" xmlns:xsi="http://www.w3.org/2001/XMLSchema-instance"><tubular uidWell="6ee5e05a209b405690a57d3dbf6b424f" uidWellbore="90597c66990f49aaa6407713fb77a26d" uid="2aed4cafbc43498d9dfb983ed4d563ae"><nameWell>Jorge_Well-01</nameWell><nameWellbore>Jorge_Well-01</nameWellbore><name>12.25" BHA</name><typeTubularAssy>drilling</typeTubularAssy><tubularComponent uid="004fd1ac224f44f2a57036104ae7db38"><typeTubularComp>bit PDC fixed cutter</typeTubularComp><sequence>1</sequence><description>12  1/4 " Bit</description><id uom="m">0.08255</id><od uom="m">0.2032</od><odMx uom="m">0.310896</odMx><len uom="m">0.438912</len><wtPerLen uom="kg/m">386.159296435962</wtPerLen><grade>G-105</grade><odDrift uom="m">0</odDrift><tqYield uom="J">0</tqYield><stressFatig uom="Pa">0</stressFatig><lenFishneck uom="m">0</lenFishneck><idFishneck uom="m">0</idFishneck><odFishneck uom="m">0</odFishneck><disp uom="m3">0</disp><wearWall uom="%">0</wearWall><configCon>bottom pin</configCon><torsionalStiffness uom="N/m">0</torsionalStiffness><typeMaterial>steel</typeMaterial><vendor>12 1/4in MDI616LPX PDC</vendor><model>PDC</model><bitRecord><numBit>0</numBit><diaBit uom="m">0.310896</diaBit><diaPassThru uom="m">0</diaPassThru><diaPilot uom="m">0</diaPilot><manufacturer>12 1/4in MDI616LPX PDC</manufacturer><typeBit>PDC</typeBit><condInitInner>0</condInitInner><condInitOuter>0</condInitOuter><condInitBearing>0</condInitBearing><condFinalInner>0</condFinalInner><condFinalOuter>0</condFinalOuter><condFinalBearing>0</condFinalBearing><bitClass>U</bitClass><customData><cd_bitRecord xsi:schemaLocation="http://schema.slb.com/2012/WitsmlExtension cd_tubular_component.xsd" schemaVersion="1.4.1.10" xmlns="http://schema.slb.com/2012/WitsmlExtension"><BOM>64288A6201</BOM><gaugePadType>2</gaugePadType><sleeveIsUsed>false</sleeveIsUsed><topType>2</topType><bladeTopIsUsed>false</bladeTopIsUsed><loVibeIsUsed>false</loVibeIsUsed><mdocIsUsed>false</mdocIsUsed></cd_bitRecord></customData></bitRecord><areaNozzleFlow uom="m2">0.000484934892105027</areaNozzleFlow><nozzle><index>5</index><diaNozzle uom="m">0.0111125</diaNozzle><typeNozzle>unknown</typeNozzle></nozzle><nozzle><index>4</index><diaNozzle uom="m">0.0111125</diaNozzle><typeNozzle>unknown</typeNozzle></nozzle><nozzle><index>3</index><diaNozzle uom="m">0.0111125</diaNozzle><typeNozzle>unknown</typeNozzle></nozzle><nozzle><index>2</index><diaNozzle uom="m">0.0111125</diaNozzle><typeNozzle>unknown</typeNozzle></nozzle><nozzle><index>1</index><diaNozzle uom="m">0.0111125</diaNozzle><typeNozzle>unknown</typeNozzle></nozzle><connection><id uom="m">0.08255</id><od uom="m">0.168275</od><len uom="m">0</len><typeThread>6-5/8 REG</typeThread><tqYield uom="J">0</tqYield><position>top</position><criticalCrossSection uom="m2">0</criticalCrossSection><presLeak uom="Pa">0</presLeak><tqMakeup uom="J">63723.4435715758</tqMakeup><customData><cd_connection xsi:schemaLocation="http://schema.slb.com/2012/WitsmlExtension cd_tubular_component.xsd" schemaVersion="1.4.1.10" xmlns="http://schema.slb.com/2012/WitsmlExtension"><stressReliefFlag>false</stressReliefFlag><gender>Pin</gender><hydrostaticTestPressure uom="Pa">0</hydrostaticTestPressure><driftDiameter uom="m">0</driftDiameter><linearWeight uom="kg/m">0</linearWeight><bsr>2.43</bsr><tensYield uom="N">0</tensYield><ApiConnectionFlag>false</ApiConnectionFlag></cd_connection></customData></connection><customData><cd_tubularComponent xsi:schemaLocation="http://schema.slb.com/2012/WitsmlExtension cd_tubular_component.xsd" schemaVersion="1.4.1.10" xmlns="http://schema.slb.com/2012/WitsmlExtension"><numSerial /><name>12  1/4 " Bit</name><catalogUid /><weight uom="kg">169.489949117301</weight><tensYield uom="N">0</tensYield><MagneticPoleStrength uom="Wb">0</MagneticPoleStrength><thermalconductivity uom="W/(m.K)">42.7</thermalconductivity><specheatcapacity uom="J/(kg.K)">473</specheatcapacity><diaShank uom="m">0.2032</diaShank><lenShank uom="m">0</lenShank><lenGauge uom="m">0</lenGauge><octalBitSize /><ProductStatus>Active</ProductStatus><Remarks>12  1/4 " Bit</Remarks><WobMaxHasLimit>false</WobMaxHasLimit><WobMinHasLimit>false</WobMinHasLimit><RpmMaxHasLimit>false</RpmMaxHasLimit><RpmMinHasLimit>false</RpmMinHasLimit><FlowRateMaxHasLimit>false</FlowRateMaxHasLimit><FlowRateMinHasLimit>false</FlowRateMinHasLimit><TensileLoadMaxHasLimit>false</TensileLoadMaxHasLimit><OperatingTemperatureMaxHasLimit>false</OperatingTemperatureMaxHasLimit><OperatingPressureMaxHasLimit>false</OperatingPressureMaxHasLimit><DlsSlidingMaxHasLimit>false</DlsSlidingMaxHasLimit><DlsRotatingMaxHasLimit>false</DlsRotatingMaxHasLimit><IsObsolete>false</IsObsolete><type>BIT</type><SteelGrade><GradeType>G-105</GradeType></SteelGrade><Density uom="kg/m3">7860</Density><PoissonRatio>0.3</PoissonRatio><YoungsModulus uom="Pa">209945000000</YoungsModulus></cd_tubularComponent></customData></tubularComponent><tubularComponent uid="c124431a2537489ab348f5908338c47b"><typeTubularComp>motor</typeTubularComp><sequence>2</sequence><description>DynaForce ABH Sleeve  7.75 7/8 4.0</description><id uom="m">0.15875</id><od uom="m">0.19685</od><odMx uom="m">0.307975</odMx><len uom="m">9.809988</len><wtPerLen uom="kg/m">227.859814462732</wtPerLen><grade>4330V</grade><configCon>bottom box, top box</configCon><typeMaterial>steel</typeMaterial><vendor>Schlumberger</vendor><model>DynaForce ABH Sleeve  7.75 7/8 4.0</model><connection><id uom="m">0.0762</id><od uom="m">0.19685</od><typeThread>6-5/8 REG</typeThread><position>bottom</position><tqMakeup uom="J">63723.4435715758</tqMakeup><customData><cd_connection xsi:schemaLocation="http://schema.slb.com/2012/WitsmlExtension cd_tubular_component.xsd" schemaVersion="1.4.1.10" xmlns="http://schema.slb.com/2012/WitsmlExtension"><stressReliefFlag>false</stressReliefFlag><gender>Box</gender><bsr>2.43</bsr><ApiConnectionFlag>false</ApiConnectionFlag></cd_connection></customData></connection><connection><id uom="m">0.0762</id><od uom="m">0.19685</od><typeThread>6-5/8 REG</typeThread><position>top</position><tqMakeup uom="J">63723.4435715758</tqMakeup><customData><cd_connection xsi:schemaLocation="http://schema.slb.com/2012/WitsmlExtension cd_tubular_component.xsd" schemaVersion="1.4.1.10" xmlns="http://schema.slb.com/2012/WitsmlExtension"><stressReliefFlag>false</stressReliefFlag><gender>Box</gender><bsr>2.24</bsr><ApiConnectionFlag>false</ApiConnectionFlag></cd_connection></customData></connection><motor><flowrateMn uom="m3/s">0.02523608</flowrateMn><flowrateMx uom="m3/s">0.05678118</flowrateMx><lobesRotor>7</lobesRotor><lobesStator>8</lobesStator><typeBearing>unknown</typeBearing><rotorCatcher>false</rotorCatcher><dumpValve>false</dumpValve><rotatable>false</rotatable><customData><cd_motor xsi:schemaLocation="http://schema.slb.com/2012/WitsmlExtension cd_tubular_component.xsd" schemaVersion="1.4.1.10" xmlns="http://schema.slb.com/2012/WitsmlExtension"><stages>4</stages><stageMajorDiameter uom="m">0.146431</stageMajorDiameter><a>-10</a><b>0</b><c>16.6</c><d>0</d><e>-10.14348293</e><f>0.162352564</f><g>0.036990385</g><h>9.81E-06</h><i>-5.43E-05</i><j>-8.33E-09</j><k1>0</k1><k2>0</k2><k3>0</k3><linearPressureDropCoefficient uom="kg/(m4.s)">0</linearPressureDropCoefficient><constantPressureDropCoefficient uom="Pa">0</constantPressureDropCoefficient><W uom="N">13567.0759265445</W><X>0.018322544</X><Y>0.023161244</Y><BearingCapacity uom="N">0</BearingCapacity><MudLubricatedOrOilSealedBearing>0</MudLubricatedOrOilSealedBearing><MotorUpperRadialBearingClearance>0</MotorUpperRadialBearingClearance><MotorLowerRadialBearingClearance>0</MotorLowerRadialBearingClearance><MinHoleSize uom="m">0</MinHoleSize><MaxHoleSize uom="m">0</MaxHoleSize><StepSize uom="rad">0</StepSize><BitBoxLength uom="m">0.3404616</BitBoxLength><BitBoxOutsideDiameter uom="m">0.257175</BitBoxOutsideDiameter><BitBoxMaxOutsideDiameter uom="m">0</BitBoxMaxOutsideDiameter><BitBoxInsideDiameter uom="m">0.06985</BitBoxInsideDiameter><ExternalDriveShaftLength uom="m">1.1280648</ExternalDriveShaftLength><ExternalDriveOutsideDiameter uom="m">0.1506474</ExternalDriveOutsideDiameter><ExternalDriveMaxOutsideDiameter uom="m">0.1506474</ExternalDriveMaxOutsideDiameter><ExternalDriveInsideDiameter uom="m">0.06985</ExternalDriveInsideDiameter><BearingSectionLength uom="m">1.191768</BearingSectionLength><PowerSectionBottomtoBend uom="m">0</PowerSectionBottomtoBend><PowerSectionLength uom="m">5.1611784</PowerSectionLength><TopSubLength uom="m">1.143</TopSubLength><InternalDriveShaftOutsideDiameter uom="m">0.1506474</InternalDriveShaftOutsideDiameter><InternalDriveShaftInsideDiameter uom="m">0.06985</InternalDriveShaftInsideDiameter><InternalTransmissionOutsideDiameter uom="m">0.1016</InternalTransmissionOutsideDiameter><InternalTransmissionInsideDiameter uom="m">0</InternalTransmissionInsideDiameter><RotorInsideDiameter uom="m">0</RotorInsideDiameter><RotorMinorDiameter uom="m">0.1019556</RotorMinorDiameter><RotorMajorDiameter uom="m">0.1317244</RotorMajorDiameter><RotorAverageOutsideDiameter uom="m">0.11684</RotorAverageOutsideDiameter><RotorEccentricity uom="m">0.0074422</RotorEccentricity><ABHLength uom="m">1.97358</ABHLength><UpperBearingLength uom="m">0</UpperBearingLength><UpperBearingRotatingOutsideDiameter uom="m">0</UpperBearingRotatingOutsideDiameter><UpperBearingRotatingOutsideDiameterNew uom="m">0</UpperBearingRotatingOutsideDiameterNew><UpperBearingRotatingOutsideDiameterScrap uom="m">0</UpperBearingRotatingOutsideDiameterScrap><UpperBearingStationaryInsideDiameter uom="m">0</UpperBearingStationaryInsideDiameter><UpperBearingStationaryInsideDiameterNew uom="m">0</UpperBearingStationaryInsideDiameterNew><UpperBearingStationaryInsideDiameterScrap uom="m">0</UpperBearingStationaryInsideDiameterScrap><LowerBearingLength uom="m">0</LowerBearingLength><LowerBearingRotatingOutsideDiameter uom="m">0</LowerBearingRotatingOutsideDiameter><LowerBearingRotatingOutsideDiameterNew uom="m">0</LowerBearingRotatingOutsideDiameterNew><LowerBearingRotatingOutsideDiameterScrap uom="m">0</LowerBearingRotatingOutsideDiameterScrap><LowerBearingStationaryInsideDiameter uom="m">0</LowerBearingStationaryInsideDiameter><LowerBearingStationaryInsideDiameterNew uom="m">0</LowerBearingStationaryInsideDiameterNew><LowerBearingStationaryInsideDiameterScrap uom="m">0</LowerBearingStationaryInsideDiameterScrap><maxTempIncreaseRate uom="degC/s">0</maxTempIncreaseRate><RevPerGal uom="rad/m3">256.531879646184</RevPerGal><StatorRubberType>DynaPower HR</StatorRubberType><SubCategory>DynaForce</SubCategory><TorquePerDeltaPressure uom="N.m/Pa">0</TorquePerDeltaPressure><MudTestID>MudID1017_Ran5085061</MudTestID><MudTestMudName>Integrade</MudTestMudName><MudTestMudType>OBM</MudTestMudType><MudTestRan>5085061</MudTestRan><MudTestDate>10/7/2015</MudTestDate><MudTestLocation>Midland TX, US Land</MudTestLocation><motorPowerSection><CatalogUid>PSideas_motor_297</CatalogUid><Source>IDEAS</Source><ModelName>7.75 7/8 4.0</ModelName><ComponentName>775 7:8 4</ComponentName><Remarks>7.75 7/8 4.0</Remarks><Manufacturer>Schlumberger</Manufacturer><MaterialType>steel</MaterialType><BusinessSystemName>7.75 7/8 4.0</BusinessSystemName><IsObsolete>false</IsObsolete><Size>775</Size><Configuration>7757840</Configuration><StatorProfileType>STD</StatorProfileType><StatorIsReversible>false</StatorIsReversible><RotorProfileType>STD</RotorProfileType><RotorType>Unknown</RotorType><WorkshopTemperature uom="K">294.150000000001</WorkshopTemperature><GeometryFactor uom="m" classification="Confidential">qctWbwnbQuMZnN+yO+IM5A==</GeometryFactor><SwellFactor uom="m" classification="Confidential">rKHwS6aZFu4=</SwellFactor><TargetDownholeFit uom="m" classification="Confidential">eecjedmo6e4mB5DCf7V46O1nZU2hsVED</TargetDownholeFit><FitCriteriaValue uom="m" classification="Confidential">9puYvvgHDPOei//CBNF36Q==</FitCriteriaValue><StatorHousingOutsideDiameter uom="m" classification="Confidential">s2wVMx9siPE=</StatorHousingOutsideDiameter><StatorHousingInsideDiameter uom="m" classification="Confidential">llJZFIGt3y0=</StatorHousingInsideDiameter><StatorMinorDiameter uom="m">0.1167384</StatorMinorDiameter><StatorLinearWeight uom="kg/m" classification="Confidential">lRYTBmPZF6YhH502pCuTHg==</StatorLinearWeight><RotorLinearWeight uom="kg/m" classification="Confidential">LiXjjig+C1oCRexAqyg00g==</RotorLinearWeight><RpmMaxHasLimit>true</RpmMaxHasLimit><RpmMinHasLimit>true</RpmMinHasLimit><FlowRateMaxHasLimit>true</FlowRateMaxHasLimit><FlowRateMinHasLimit>true</FlowRateMinHasLimit><TensileLoadMaxHasLimit>true</TensileLoadMaxHasLimit><OperatingTemperatureMaxHasLimit>true</OperatingTemperatureMaxHasLimit><OperatingPressureMaxHasLimit>true</OperatingPressureMaxHasLimit><DlsSlidingMaxHasLimit>true</DlsSlidingMaxHasLimit><DlsRotatingMaxHasLimit>true</DlsRotatingMaxHasLimit><RpmMin uom="rad/s">0</RpmMin><FlowRateMax uom="m3/s">0.05678118</FlowRateMax><FlowRateMin uom="m3/s">0.02523608</FlowRateMin><IsUsePowerDesignerModel>false</IsUsePowerDesignerModel></motorPowerSection><motorLowerEnd><CatalogUid>LEideas_motor_297</CatalogUid><Source>IDEAS</Source><ModelName>DynaForce ABH Sleeve</ModelName><ComponentName>DynaForce ABH Sleeve</ComponentName><Remarks>DynaForce ABH Sleeve</Remarks><Manufacturer>Schlumberger</Manufacturer><MaterialType>steel</MaterialType><BusinessSystemName>DynaForce ABH Sleeve</BusinessSystemName><MaxTorque uom="N.m">88128.166641541</MaxTorque><WobMaxHasLimit>true</WobMaxHasLimit><WobMinHasLimit>true</WobMinHasLimit></motorLowerEnd><motorTransmissionSection><HousingOutsideDiameter uom="m">0.244602</HousingOutsideDiameter><HousingInsideDiameter uom="m" classification="Confidential">a4OOdtccejKCx9iqD7EZLA==</HousingInsideDiameter><HousingLinearWeight uom="kg/m" classification="Confidential">eq79YDM27ZwQEjBuetIkLg==</HousingLinearWeight><KickpadLength uom="m" classification="Confidential">0DRgnQp2wyzhbat4NlfDZg==</KickpadLength><BendToKickpadCenter uom="m" classification="Confidential">cev00Yp6PiaadmInIX7jeQ==</BendToKickpadCenter><KickpadOutsideDiameter uom="m" classification="Confidential">tyBRyaj3lCQInuTmgQ2M2g==</KickpadOutsideDiameter><CircularAngleOfKickPad uom="rad" classification="Confidential">fWOleomRZAkEgc+q0Mw1Gg==</CircularAngleOfKickPad><ShaftUpperEndJointType>None</ShaftUpperEndJointType><ShaftLowerEndJointType>None</ShaftLowerEndJointType></motorTransmissionSection><motorBearingSection><HousingOutsideDiameter uom="m">0.2794</HousingOutsideDiameter><HousingInsideDiameter uom="m" classification="Confidential">9Ttkd+H48ojCAkSvEURq3w==</HousingInsideDiameter><HousingLinearWeight uom="kg/m" classification="Confidential">UYNsewh5KFKoejY7jEVtXQ==</HousingLinearWeight><BearingSupportedLength uom="m" classification="Confidential">LB5P/+2OFG5PXfnb0RjtqA==</BearingSupportedLength><BearingUnsupportedLength uom="m" classification="Confidential">Xm8KU4m6FycrM0iUCjtflg==</BearingUnsupportedLength></motorBearingSection><motorDriveShaft><BitBoxLinearWeight uom="kg/m" classification="Confidential">J9UOuATVAM4DTUFY+uSzow==</BitBoxLinearWeight></motorDriveShaft></cd_motor></customData></motor><stabilizer><lenBlade uom="m">0.1652016</lenBlade><lenBladeGauge uom="m">0.1652016</lenBladeGauge><odBladeMx uom="m">0.307975</odBladeMx><odBladeMn uom="m">0.307975</odBladeMn><distBladeBot uom="m">0.9744455999999999</distBladeBot><shapeBlade>unknown</shapeBlade><typeBlade>unknown</typeBlade><customData><cd_stabilizer xsi:schemaLocation="http://schema.slb.com/2012/WitsmlExtension cd_tubular_component.xsd" schemaVersion="1.4.1.10" xmlns="http://schema.slb.com/2012/WitsmlExtension"><gaugeLength uom="m">0.1652016</gaugeLength><bladeCount>5</bladeCount><bladeWidth uom="m">0.0634998984</bladeWidth><bladeSpiral uom="rad">0.349065798038988</bladeSpiral><materialType>steel</materialType><nonMagFlag>false</nonMagFlag><BladeAlignType>none</BladeAlignType><BladeProfileType>square</BladeProfileType></cd_stabilizer></customData></stabilizer><bend><angle uom="rad">0.0261799387799149</angle><distBendBot uom="m">2.296668</distBendBot></bend><customData><cd_tubularComponent xsi:schemaLocation="http://schema.slb.com/2012/WitsmlExtension cd_tubular_component.xsd" schemaVersion="1.4.1.10" xmlns="http://schema.slb.com/2012/WitsmlExtension"><numSerial /><name>DynaForce ABH Sleeve  7.75 7/8 4.0</name><catalogUid>ideas_motor_297</catalogUid><weight uom="kg">2235.30204995693</weight><thermalconductivity uom="W/(m.K)">42.7</thermalconductivity><anisotropyRating uom="">1</anisotropyRating><thermalExpansionCoefficient uom="1/K">1.24E-05</thermalExpansionCoefficient><specheatcapacity uom="J/(kg.K)">473</specheatcapacity><NonMagFlag>false</NonMagFlag><subType>DynaForce</subType><WobMaxHasLimit>true</WobMaxHasLimit><WobMinHasLimit>true</WobMinHasLimit><RpmMaxHasLimit>true</RpmMaxHasLimit><RpmMinHasLimit>true</RpmMinHasLimit><RpmMin uom="rad/s">0</RpmMin><FlowRateMaxHasLimit>true</FlowRateMaxHasLimit><FlowRateMax uom="m3/s">0.05678118</FlowRateMax><FlowRateMinHasLimit>true</FlowRateMinHasLimit><FlowRateMin uom="m3/s">0.02523608</FlowRateMin><TensileLoadMaxHasLimit>true</TensileLoadMaxHasLimit><OperatingTemperatureMaxHasLimit>true</OperatingTemperatureMaxHasLimit><OperatingPressureMaxHasLimit>true</OperatingPressureMaxHasLimit><DlsSlidingMaxHasLimit>true</DlsSlidingMaxHasLimit><DlsRotatingMaxHasLimit>true</DlsRotatingMaxHasLimit><IsObsolete>false</IsObsolete><type>MOTOR</type><businessSystemName>DynaForce ABH Sleeve  7.75 7/8 4.0</businessSystemName><Remarks>DynaForce ABH Sleeve  7.75 7/8 4.0</Remarks><collarsection><ParentType>PowerSection.TopSubSections</ParentType><id uom="m">0.1245616</id><od uom="m">0.244602</od><len uom="m">1.143</len><index>0</index><linearWeight uom="kg/m">272.655455502187</linearWeight><SectionType>Common</SectionType></collarsection><collarsection><ParentType>LowerEnd.TransmissionSection.ShaftSections</ParentType><id uom="m">0</id><od uom="m">0.1016</od><len uom="m">1.2091416</len><index>0</index><linearWeight uom="kg/m">114.654107332865</linearWeight><SectionType>Common</SectionType></collarsection><collarsection><ParentType>LowerEnd.TransmissionSection.ShaftSections</ParentType><id uom="m">0</id><od uom="m">0.1016</od><len uom="m">0.7644384</len><index>1</index><linearWeight uom="kg/m">114.654107332865</linearWeight><SectionType>Common</SectionType></collarsection><collarsection><ParentType>LowerEnd.DriveShaft.ShaftSections</ParentType><id uom="m">0.06985</id><od uom="m">0.1506474</od><len uom="m">1.1280648</len><index>0</index><linearWeight uom="kg/m">186.818156260767</linearWeight><SectionType>Common</SectionType></collarsection><collarsection><ParentType>LowerEnd.DriveShaft.ShaftSections</ParentType><id uom="m">0.06985</id><od uom="m">0.1506474</od><len uom="m">0.0637032</len><index>1</index><linearWeight uom="kg/m">186.818156260767</linearWeight><SectionType>Common</SectionType></collarsection><SteelGrade><CatalogUid>d522371788454ece92de10af05a97552</CatalogUid><ComponentName>4330V</ComponentName><GradeType>4330V</GradeType></SteelGrade><Density uom="kg/m3">7860</Density><PoissonRatio>0.3</PoissonRatio><YoungsModulus uom="Pa">209945000000</YoungsModulus></cd_tubularComponent></customData></tubularComponent><tubularComponent uid="eb477a7060f84027bf5cdfa01be90ad3"><typeTubularComp>stabilizer</typeTubularComp><sequence>3</sequence><description>8 1/4" OD</description><id uom="m">0.0635</id><od uom="m">0.20955</od><odMx uom="m">0.3048</odMx><len uom="m">1.524</len><wtPerLen uom="kg/m">244.654152322835</wtPerLen><grade>G-105</grade><odDrift uom="m">0</odDrift><tqYield uom="J">0</tqYield><stressFatig uom="Pa">0</stressFatig><lenFishneck uom="m">0.4572</lenFishneck><idFishneck uom="m">0</idFishneck><odFishneck uom="m">0</odFishneck><disp uom="m3">0</disp><wearWall uom="%">0.07302499999999999</wearWall><configCon>bottom pin top box</configCon><torsionalStiffness uom="N/m">0</torsionalStiffness><typeMaterial>non-magnetic steel</typeMaterial><doglegMx uom="rad/m">0</doglegMx><model>8 1/4" OD</model><connection><id uom="m">0.0635</id><od uom="m">0.20955</od><len uom="m">0</len><typeThread>6-5/8 REG</typeThread><tqYield uom="J">0</tqYield><position>bottom</position><criticalCrossSection uom="m2">0</criticalCrossSection><presLeak uom="Pa">0</presLeak><tqMakeup uom="J">63723.4435715758</tqMakeup><customData><cd_connection xsi:schemaLocation="http://schema.slb.com/2012/WitsmlExtension cd_tubular_component.xsd" schemaVersion="1.4.1.10" xmlns="http://schema.slb.com/2012/WitsmlExtension"><stressReliefFlag>false</stressReliefFlag><gender>Pin</gender><hydrostaticTestPressure uom="Pa">0</hydrostaticTestPressure><driftDiameter uom="m">0</driftDiameter><linearWeight uom="kg/m">0</linearWeight><bsr>2.24</bsr><tensYield uom="N">0</tensYield><ApiConnectionFlag>false</ApiConnectionFlag></cd_connection></customData></connection><connection><id uom="m">0.0635</id><od uom="m">0.20955</od><len uom="m">0</len><typeThread>6-5/8 REG</typeThread><tqYield uom="J">0</tqYield><position>top</position><criticalCrossSection uom="m2">0</criticalCrossSection><presLeak uom="Pa">0</presLeak><tqMakeup uom="J">63723.4435715758</tqMakeup><customData><cd_connection xsi:schemaLocation="http://schema.slb.com/2012/WitsmlExtension cd_tubular_component.xsd" schemaVersion="1.4.1.10" xmlns="http://schema.slb.com/2012/WitsmlExtension"><stressReliefFlag>false</stressReliefFlag><gender>Box</gender><hydrostaticTestPressure uom="Pa">0</hydrostaticTestPressure><driftDiameter uom="m">0</driftDiameter><linearWeight uom="kg/m">0</linearWeight><bsr>2.853</bsr><tensYield uom="N">0</tensYield><ApiConnectionFlag>false</ApiConnectionFlag></cd_connection></customData></connection><stabilizer><lenBlade uom="m">0.6096</lenBlade><lenBladeGauge uom="m">0.24384</lenBladeGauge><odBladeMx uom="m">0.3048</odBladeMx><odBladeMn uom="m">0</odBladeMn><distBladeBot uom="m">0.15239999999999998</distBladeBot><shapeBlade>dynamic</shapeBlade><typeBlade>integral</typeBlade><customData><cd_stabilizer xsi:schemaLocation="http://schema.slb.com/2012/WitsmlExtension cd_tubular_component.xsd" schemaVersion="1.4.1.10" xmlns="http://schema.slb.com/2012/WitsmlExtension"><gaugeLength uom="m">0.24384</gaugeLength><bladeCount>4</bladeCount><bladeHeight uom="m">0</bladeHeight><bladeWidth uom="m">0</bladeWidth><bladeHeightOpenPosition uom="m">0</bladeHeightOpenPosition><bladeSpiral uom="rad">0</bladeSpiral><materialType>steel</materialType><nonMagFlag>false</nonMagFlag><MagneticPoleStrength uom="Wb">0</MagneticPoleStrength><BladeAlignType>none</BladeAlignType><BladeProfileType>square</BladeProfileType></cd_stabilizer></customData></stabilizer><customData><cd_tubularComponent xsi:schemaLocation="http://schema.slb.com/2012/WitsmlExtension cd_tubular_component.xsd" schemaVersion="1.4.1.10" xmlns="http://schema.slb.com/2012/WitsmlExtension"><numSerial /><name>8 1/4" OD</name><catalogUid /><weight uom="kg">372.85292814</weight><tensYield uom="N">0</tensYield><MagneticPoleStrength uom="Wb">0</MagneticPoleStrength><thermalconductivity uom="W/(m.K)">42.7</thermalconductivity><anisotropyRating uom="">1</anisotropyRating><thermalExpansionCoefficient uom="1/K">1.24E-05</thermalExpansionCoefficient><specheatcapacity uom="J/(kg.K)">473</specheatcapacity><NonMagFlag>true</NonMagFlag><subType /><maxMakeUpTorque uom="J">0</maxMakeUpTorque><WobMaxHasLimit>false</WobMaxHasLimit><WobMinHasLimit>false</WobMinHasLimit><RpmMaxHasLimit>false</RpmMaxHasLimit><RpmMinHasLimit>false</RpmMinHasLimit><FlowRateMaxHasLimit>false</FlowRateMaxHasLimit><FlowRateMinHasLimit>false</FlowRateMinHasLimit><TensileLoadMaxHasLimit>false</TensileLoadMaxHasLimit><OperatingTemperatureMaxHasLimit>false</OperatingTemperatureMaxHasLimit><OperatingPressureMaxHasLimit>false</OperatingPressureMaxHasLimit><DlsSlidingMaxHasLimit>false</DlsSlidingMaxHasLimit><DlsRotatingMaxHasLimit>false</DlsRotatingMaxHasLimit><IsObsolete>false</IsObsolete><type>STABILIZER</type><Remarks>8 1/4" OD</Remarks><SteelGrade><GradeType>G-105</GradeType></SteelGrade><Density uom="kg/m3">7860</Density><PoissonRatio>0.3</PoissonRatio><YoungsModulus uom="Pa">209945000000</YoungsModulus></cd_tubularComponent></customData></tubularComponent><tubularComponent uid="82cf174418ca4e97943f2968e48f1ee8"><typeTubularComp>other</typeTubularComp><sequence>4</sequence><description>8.25" Misc. Sub</description><id uom="m">0.0635</id><od uom="m">0.20955</od><odMx uom="m">0.20955</odMx><len uom="m">0.9144</len><wtPerLen uom="kg/m">244.678526960066</wtPerLen><grade>G-105</grade><odDrift uom="m">0</odDrift><tqYield uom="J">0</tqYield><stressFatig uom="Pa">0</stressFatig><lenFishneck uom="m">0</lenFishneck><idFishneck uom="m">0</idFishneck><odFishneck uom="m">0</odFishneck><disp uom="m3">0</disp><wearWall uom="%">0</wearWall><configCon>bottom pin top box</configCon><torsionalStiffness uom="N/m">0</torsionalStiffness><typeMaterial>non-magnetic steel</typeMaterial><doglegMx uom="rad/m">0</doglegMx><connection><id uom="m">0.0635</id><od uom="m">0.168275</od><len uom="m">0</len><typeThread>6-5/8 REG</typeThread><tqYield uom="J">0</tqYield><position>bottom</position><criticalCrossSection uom="m2">0</criticalCrossSection><presLeak uom="Pa">0</presLeak><tqMakeup uom="J">63723.4435715758</tqMakeup><customData><cd_connection xsi:schemaLocation="http://schema.slb.com/2012/WitsmlExtension cd_tubular_component.xsd" schemaVersion="1.4.1.10" xmlns="http://schema.slb.com/2012/WitsmlExtension"><stressReliefFlag>false</stressReliefFlag><gender>Pin</gender><hydrostaticTestPressure uom="Pa">0</hydrostaticTestPressure><driftDiameter uom="m">0</driftDiameter><linearWeight uom="kg/m">0</linearWeight><bsr>2.853</bsr><tensYield uom="N">0</tensYield><ApiConnectionFlag>false</ApiConnectionFlag></cd_connection></customData></connection><connection><id uom="m">0.0635</id><od uom="m">0.168275</od><len uom="m">0</len><typeThread>6-5/8 FH</typeThread><tqYield uom="J">0</tqYield><position>top</position><criticalCrossSection uom="m2">0</criticalCrossSection><presLeak uom="Pa">0</presLeak><tqMakeup uom="J">65079.2615199072</tqMakeup><customData><cd_connection xsi:schemaLocation="http://schema.slb.com/2012/WitsmlExtension cd_tubular_component.xsd" schemaVersion="1.4.1.10" xmlns="http://schema.slb.com/2012/WitsmlExtension"><stressReliefFlag>false</stressReliefFlag><gender>Box</gender><hydrostaticTestPressure uom="Pa">0</hydrostaticTestPressure><driftDiameter uom="m">0</driftDiameter><linearWeight uom="kg/m">0</linearWeight><bsr>0.688</bsr><tensYield uom="N">0</tensYield><ApiConnectionFlag>false</ApiConnectionFlag></cd_connection></customData></connection><customData><cd_tubularComponent xsi:schemaLocation="http://schema.slb.com/2012/WitsmlExtension cd_tubular_component.xsd" schemaVersion="1.4.1.10" xmlns="http://schema.slb.com/2012/WitsmlExtension"><numSerial /><name>8.25" Misc. Sub</name><catalogUid /><weight uom="kg">223.734045052285</weight><tensYield uom="N">0</tensYield><MagneticPoleStrength uom="Wb">0</MagneticPoleStrength><thermalconductivity uom="W/(m.K)">42.7</thermalconductivity><anisotropyRating uom="">1</anisotropyRating><thermalExpansionCoefficient uom="1/K">1.24E-05</thermalExpansionCoefficient><specheatcapacity uom="J/(kg.K)">473</specheatcapacity><NonMagFlag>true</NonMagFlag><subType /><maxMakeUpTorque uom="J">0</maxMakeUpTorque><WobMaxHasLimit>false</WobMaxHasLimit><WobMinHasLimit>false</WobMinHasLimit><RpmMaxHasLimit>false</RpmMaxHasLimit><RpmMinHasLimit>false</RpmMinHasLimit><FlowRateMaxHasLimit>false</FlowRateMaxHasLimit><FlowRateMinHasLimit>false</FlowRateMinHasLimit><TensileLoadMaxHasLimit>false</TensileLoadMaxHasLimit><OperatingTemperatureMaxHasLimit>false</OperatingTemperatureMaxHasLimit><OperatingPressureMaxHasLimit>false</OperatingPressureMaxHasLimit><DlsSlidingMaxHasLimit>false</DlsSlidingMaxHasLimit><DlsRotatingMaxHasLimit>false</DlsRotatingMaxHasLimit><IsObsolete>false</IsObsolete><type>MISCSUB</type><type>Drill_Sub</type><miscSubType /><Remarks>8.25" Misc. Sub</Remarks><SteelGrade><GradeType>G-105</GradeType></SteelGrade><Density uom="kg/m3">7860</Density><PoissonRatio>0.3</PoissonRatio><YoungsModulus uom="Pa">209945000000</YoungsModulus></cd_tubularComponent></customData></tubularComponent><tubularComponent uid="ed8b85975a4648bfb386e950499939ae"><typeTubularComp>MWD pulser</typeTubularComp><sequence>5</sequence><description>PowerPulse 825 NF</description><id uom="m">0.1297686</id><od uom="m">0.20955</od><odMx uom="m">0.213614</odMx><len uom="m">7.52856</len><wtPerLen uom="kg/m">216.081404606299</wtPerLen><grade>G-105</grade><odDrift uom="m">0</odDrift><tqYield uom="J">0</tqYield><stressFatig uom="Pa">0</stressFatig><lenFishneck uom="m">0</lenFishneck><idFishneck uom="m">0</idFishneck><odFishneck uom="m">0</odFishneck><disp uom="m3">0</disp><wearWall uom="%">0.039890999999999996</wearWall><configCon>bottom pin top box</configCon><torsionalStiffness uom="N/m">0</torsionalStiffness><typeMaterial>non-magnetic steel</typeMaterial><doglegMx uom="rad/m">0</doglegMx><vendor>Schlumberger</vendor><model>PowerPulse 825 NF</model><connection><id uom="m">0.1297686</id><od uom="m">0.20955</od><len uom="m">0</len><typeThread>6-5/8 FH</typeThread><tqYield uom="J">0</tqYield><position>bottom</position><criticalCrossSection uom="m2">0</criticalCrossSection><presLeak uom="Pa">0</presLeak><tqMakeup uom="J">65079.2615199072</tqMakeup><customData><cd_connection xsi:schemaLocation="http://schema.slb.com/2012/WitsmlExtension cd_tubular_component.xsd" schemaVersion="1.4.1.10" xmlns="http://schema.slb.com/2012/WitsmlExtension"><stressReliefFlag>false</stressReliefFlag><gender>Pin</gender><hydrostaticTestPressure uom="Pa">0</hydrostaticTestPressure><driftDiameter uom="m">0</driftDiameter><linearWeight uom="kg/m">0</linearWeight><bsr>0.688</bsr><tensYield uom="N">0</tensYield><ApiConnectionFlag>false</ApiConnectionFlag></cd_connection></customData></connection><connection><id uom="m">0.1297686</id><od uom="m">0.20955</od><len uom="m">0</len><typeThread>6-5/8 FH</typeThread><tqYield uom="J">0</tqYield><position>top</position><criticalCrossSection uom="m2">0</criticalCrossSection><presLeak uom="Pa">0</presLeak><tqMakeup uom="J">65079.2615199072</tqMakeup><customData><cd_connection xsi:schemaLocation="http://schema.slb.com/2012/WitsmlExtension cd_tubular_component.xsd" schemaVersion="1.4.1.10" xmlns="http://schema.slb.com/2012/WitsmlExtension"><stressReliefFlag>false</stressReliefFlag><gender>Box</gender><hydrostaticTestPressure uom="Pa">0</hydrostaticTestPressure><driftDiameter uom="m">0</driftDiameter><linearWeight uom="kg/m">0</linearWeight><bsr>1.65</bsr><tensYield uom="N">0</tensYield><ApiConnectionFlag>false</ApiConnectionFlag></cd_connection></customData></connection><mwdTool><flowrateMn uom="m3/s">0.01892706</flowrateMn><flowrateMx uom="m3/s">0.05047216</flowrateMx><idEquv uom="m">0</idEquv><sensor><offsetBot uom="m">3.01752</offsetBot><customData><cd_sensor xsi:schemaLocation="http://schema.slb.com/2012/WitsmlExtension cd_tubular_component.xsd" schemaVersion="1.4.1.10" xmlns="http://schema.slb.com/2012/WitsmlExtension"><typeMeasurement>Gamma Ray</typeMeasurement></cd_sensor></customData></sensor><sensor><offsetBot uom="m">3.663696</offsetBot><customData><cd_sensor xsi:schemaLocation="http://schema.slb.com/2012/WitsmlExtension cd_tubular_component.xsd" schemaVersion="1.4.1.10" xmlns="http://schema.slb.com/2012/WitsmlExtension"><typeMeasurement>azimuth</typeMeasurement></cd_sensor></customData></sensor><customData><cd_mwdTool xsi:schemaLocation="http://schema.slb.com/2012/WitsmlExtension cd_tubular_component.xsd" schemaVersion="1.4.1.10" xmlns="http://schema.slb.com/2012/WitsmlExtension"><pressureDropCoef>16000</pressureDropCoef><linearPressureDropCoefficient uom="kg/(m4.s)">0</linearPressureDropCoefficient><constantPressureDropCoefficient uom="Pa">0</constantPressureDropCoefficient><distToReadOutPort uom="m">1.313688</distToReadOutPort><maxTempIncreaseRate uom="degC/s">0</maxTempIncreaseRate><IsSinglePower>false</IsSinglePower></cd_mwdTool></customData></mwdTool><customData><cd_tubularComponent xsi:schemaLocation="http://schema.slb.com/2012/WitsmlExtension cd_tubular_component.xsd" schemaVersion="1.4.1.10" xmlns="http://schema.slb.com/2012/WitsmlExtension"><numSerial /><name>PowerPulse 825 NF</name><catalogUid /><weight uom="kg">1626.7818194628</weight><tensYield uom="N">0</tensYield><MagneticPoleStrength uom="Wb">0</MagneticPoleStrength><thermalconductivity uom="W/(m.K)">42.7</thermalconductivity><anisotropyRating uom="">1</anisotropyRating><thermalExpansionCoefficient uom="1/K">1.24E-05</thermalExpansionCoefficient><specheatcapacity uom="J/(kg.K)">473</specheatcapacity><NonMagFlag>true</NonMagFlag><subType /><maxMakeUpTorque uom="J">0</maxMakeUpTorque><WobMaxHasLimit>false</WobMaxHasLimit><WobMinHasLimit>false</WobMinHasLimit><RpmMaxHasLimit>false</RpmMaxHasLimit><RpmMinHasLimit>false</RpmMinHasLimit><FlowRateMaxHasLimit>false</FlowRateMaxHasLimit><FlowRateMax uom="m3/s">0.05047216</FlowRateMax><FlowRateMinHasLimit>false</FlowRateMinHasLimit><FlowRateMin uom="m3/s">0.01892706</FlowRateMin><TensileLoadMaxHasLimit>false</TensileLoadMaxHasLimit><OperatingTemperatureMaxHasLimit>false</OperatingTemperatureMaxHasLimit><OperatingPressureMaxHasLimit>false</OperatingPressureMaxHasLimit><DlsSlidingMaxHasLimit>false</DlsSlidingMaxHasLimit><DlsRotatingMaxHasLimit>false</DlsRotatingMaxHasLimit><IsObsolete>false</IsObsolete><type>MWD</type><Remarks>PowerPulse 825 NF</Remarks><SteelGrade><GradeType>G-105</GradeType></SteelGrade><Density uom="kg/m3">7860</Density><PoissonRatio>0.3</PoissonRatio><YoungsModulus uom="Pa">209945000000</YoungsModulus></cd_tubularComponent></customData></tubularComponent><tubularComponent uid="d3eae1f2f04a42e995d0a30ee594b245"><typeTubularComp>other</typeTubularComp><sequence>6</sequence><description>8.25" Misc. Sub</description><id uom="m">0.0635</id><od uom="m">0.20955</od><odMx uom="m">0.20955</odMx><len uom="m">0.9144</len><wtPerLen uom="kg/m">244.678526960066</wtPerLen><grade>G-105</grade><odDrift uom="m">0</odDrift><tqYield uom="J">0</tqYield><stressFatig uom="Pa">0</stressFatig><lenFishneck uom="m">0</lenFishneck><idFishneck uom="m">0</idFishneck><odFishneck uom="m">0</odFishneck><disp uom="m3">0</disp><wearWall uom="%">0</wearWall><configCon>bottom pin top box</configCon><torsionalStiffness uom="N/m">0</torsionalStiffness><typeMaterial>non-magnetic steel</typeMaterial><doglegMx uom="rad/m">0</doglegMx><connection><id uom="m">0.0635</id><od uom="m">0.168275</od><len uom="m">0</len><typeThread>6-5/8 FH</typeThread><tqYield uom="J">0</tqYield><position>bottom</position><criticalCrossSection uom="m2">0</criticalCrossSection><presLeak uom="Pa">0</presLeak><tqMakeup uom="J">65079.2615199072</tqMakeup><customData><cd_connection xsi:schemaLocation="http://schema.slb.com/2012/WitsmlExtension cd_tubular_component.xsd" schemaVersion="1.4.1.10" xmlns="http://schema.slb.com/2012/WitsmlExtension"><stressReliefFlag>false</stressReliefFlag><gender>Pin</gender><hydrostaticTestPressure uom="Pa">0</hydrostaticTestPressure><driftDiameter uom="m">0</driftDiameter><linearWeight uom="kg/m">0</linearWeight><bsr>1.65</bsr><tensYield uom="N">0</tensYield><ApiConnectionFlag>false</ApiConnectionFlag></cd_connection></customData></connection><connection><id uom="m">0.0635</id><od uom="m">0.168275</od><len uom="m">0</len><typeThread>NC56</typeThread><tqYield uom="J">0</tqYield><position>top</position><criticalCrossSection uom="m2">0</criticalCrossSection><presLeak uom="Pa">0</presLeak><tqMakeup uom="J">64875.8888276575</tqMakeup><customData><cd_connection xsi:schemaLocation="http://schema.slb.com/2012/WitsmlExtension cd_tubular_component.xsd" schemaVersion="1.4.1.10" xmlns="http://schema.slb.com/2012/WitsmlExtension"><stressReliefFlag>false</stressReliefFlag><gender>Box</gender><hydrostaticTestPressure uom="Pa">0</hydrostaticTestPressure><driftDiameter uom="m">0</driftDiameter><linearWeight uom="kg/m">0</linearWeight><bsr>1.422</bsr><tensYield uom="N">0</tensYield><ApiConnectionFlag>false</ApiConnectionFlag></cd_connection></customData></connection><customData><cd_tubularComponent xsi:schemaLocation="http://schema.slb.com/2012/WitsmlExtension cd_tubular_component.xsd" schemaVersion="1.4.1.10" xmlns="http://schema.slb.com/2012/WitsmlExtension"><numSerial /><name>8.25" Misc. Sub</name><catalogUid /><weight uom="kg">223.734045052285</weight><tensYield uom="N">0</tensYield><MagneticPoleStrength uom="Wb">0</MagneticPoleStrength><thermalconductivity uom="W/(m.K)">42.7</thermalconductivity><anisotropyRating uom="">1</anisotropyRating><thermalExpansionCoefficient uom="1/K">1.24E-05</thermalExpansionCoefficient><specheatcapacity uom="J/(kg.K)">473</specheatcapacity><NonMagFlag>true</NonMagFlag><subType /><maxMakeUpTorque uom="J">0</maxMakeUpTorque><WobMaxHasLimit>false</WobMaxHasLimit><WobMinHasLimit>false</WobMinHasLimit><RpmMaxHasLimit>false</RpmMaxHasLimit><RpmMinHasLimit>false</RpmMinHasLimit><FlowRateMaxHasLimit>false</FlowRateMaxHasLimit><FlowRateMinHasLimit>false</FlowRateMinHasLimit><TensileLoadMaxHasLimit>false</TensileLoadMaxHasLimit><OperatingTemperatureMaxHasLimit>false</OperatingTemperatureMaxHasLimit><OperatingPressureMaxHasLimit>false</OperatingPressureMaxHasLimit><DlsSlidingMaxHasLimit>false</DlsSlidingMaxHasLimit><DlsRotatingMaxHasLimit>false</DlsRotatingMaxHasLimit><IsObsolete>false</IsObsolete><type>MISCSUB</type><type>Drill_Sub</type><miscSubType /><Remarks>8.25" Misc. Sub</Remarks><SteelGrade><GradeType>G-105</GradeType></SteelGrade><Density uom="kg/m3">7860</Density><PoissonRatio>0.3</PoissonRatio><YoungsModulus uom="Pa">209945000000</YoungsModulus></cd_tubularComponent></customData></tubularComponent><tubularComponent uid="1316819352d542f8bf8b1973c2ce1131"><typeTubularComp>stabilizer</typeTubularComp><sequence>7</sequence><description>8 1/4" OD</description><id uom="m">0.0635</id><od uom="m">0.20955</od><odMx uom="m">0.3048</odMx><len uom="m">1.524</len><wtPerLen uom="kg/m">244.654152322835</wtPerLen><grade>G-105</grade><odDrift uom="m">0</odDrift><tqYield uom="J">0</tqYield><stressFatig uom="Pa">0</stressFatig><lenFishneck uom="m">0.4572</lenFishneck><idFishneck uom="m">0</idFishneck><odFishneck uom="m">0</odFishneck><disp uom="m3">0</disp><wearWall uom="%">0.07302499999999999</wearWall><configCon>bottom pin top box</configCon><torsionalStiffness uom="N/m">0</torsionalStiffness><typeMaterial>non-magnetic steel</typeMaterial><doglegMx uom="rad/m">0</doglegMx><model>8 1/4" OD</model><connection><id uom="m">0.0635</id><od uom="m">0.20955</od><len uom="m">0</len><typeThread>NC56</typeThread><tqYield uom="J">0</tqYield><position>bottom</position><criticalCrossSection uom="m2">0</criticalCrossSection><presLeak uom="Pa">0</presLeak><tqMakeup uom="J">64875.8888276575</tqMakeup><customData><cd_connection xsi:schemaLocation="http://schema.slb.com/2012/WitsmlExtension cd_tubular_component.xsd" schemaVersion="1.4.1.10" xmlns="http://schema.slb.com/2012/WitsmlExtension"><stressReliefFlag>false</stressReliefFlag><gender>Pin</gender><hydrostaticTestPressure uom="Pa">0</hydrostaticTestPressure><driftDiameter uom="m">0</driftDiameter><linearWeight uom="kg/m">0</linearWeight><bsr>1.422</bsr><tensYield uom="N">0</tensYield><ApiConnectionFlag>false</ApiConnectionFlag></cd_connection></customData></connection><connection><id uom="m">0.0635</id><od uom="m">0.20955</od><len uom="m">0</len><typeThread>NC56</typeThread><tqYield uom="J">0</tqYield><position>top</position><criticalCrossSection uom="m2">0</criticalCrossSection><presLeak uom="Pa">0</presLeak><tqMakeup uom="J">64808.0979302409</tqMakeup><customData><cd_connection xsi:schemaLocation="http://schema.slb.com/2012/WitsmlExtension cd_tubular_component.xsd" schemaVersion="1.4.1.10" xmlns="http://schema.slb.com/2012/WitsmlExtension"><stressReliefFlag>false</stressReliefFlag><gender>Box</gender><hydrostaticTestPressure uom="Pa">0</hydrostaticTestPressure><driftDiameter uom="m">0</driftDiameter><linearWeight uom="kg/m">0</linearWeight><bsr>3.437</bsr><tensYield uom="N">0</tensYield><ApiConnectionFlag>false</ApiConnectionFlag></cd_connection></customData></connection><stabilizer><lenBlade uom="m">0.6096</lenBlade><lenBladeGauge uom="m">0.24384</lenBladeGauge><odBladeMx uom="m">0.3048</odBladeMx><odBladeMn uom="m">0</odBladeMn><distBladeBot uom="m">0.15239999999999998</distBladeBot><shapeBlade>dynamic</shapeBlade><typeBlade>integral</typeBlade><customData><cd_stabilizer xsi:schemaLocation="http://schema.slb.com/2012/WitsmlExtension cd_tubular_component.xsd" schemaVersion="1.4.1.10" xmlns="http://schema.slb.com/2012/WitsmlExtension"><gaugeLength uom="m">0.24384</gaugeLength><bladeCount>4</bladeCount><bladeHeight uom="m">0</bladeHeight><bladeWidth uom="m">0</bladeWidth><bladeHeightOpenPosition uom="m">0</bladeHeightOpenPosition><bladeSpiral uom="rad">0</bladeSpiral><materialType>steel</materialType><nonMagFlag>false</nonMagFlag><MagneticPoleStrength uom="Wb">0</MagneticPoleStrength><BladeAlignType>none</BladeAlignType><BladeProfileType>square</BladeProfileType></cd_stabilizer></customData></stabilizer><customData><cd_tubularComponent xsi:schemaLocation="http://schema.slb.com/2012/WitsmlExtension cd_tubular_component.xsd" schemaVersion="1.4.1.10" xmlns="http://schema.slb.com/2012/WitsmlExtension"><numSerial /><name>8 1/4" OD</name><catalogUid /><weight uom="kg">372.85292814</weight><tensYield uom="N">0</tensYield><MagneticPoleStrength uom="Wb">0</MagneticPoleStrength><thermalconductivity uom="W/(m.K)">42.7</thermalconductivity><anisotropyRating uom="">1</anisotropyRating><thermalExpansionCoefficient uom="1/K">1.24E-05</thermalExpansionCoefficient><specheatcapacity uom="J/(kg.K)">473</specheatcapacity><NonMagFlag>true</NonMagFlag><subType /><maxMakeUpTorque uom="J">0</maxMakeUpTorque><WobMaxHasLimit>false</WobMaxHasLimit><WobMinHasLimit>false</WobMinHasLimit><RpmMaxHasLimit>false</RpmMaxHasLimit><RpmMinHasLimit>false</RpmMinHasLimit><FlowRateMaxHasLimit>false</FlowRateMaxHasLimit><FlowRateMinHasLimit>false</FlowRateMinHasLimit><TensileLoadMaxHasLimit>false</TensileLoadMaxHasLimit><OperatingTemperatureMaxHasLimit>false</OperatingTemperatureMaxHasLimit><OperatingPressureMaxHasLimit>false</OperatingPressureMaxHasLimit><DlsSlidingMaxHasLimit>false</DlsSlidingMaxHasLimit><DlsRotatingMaxHasLimit>false</DlsRotatingMaxHasLimit><IsObsolete>false</IsObsolete><type>STABILIZER</type><Remarks>8 1/4" OD</Remarks><SteelGrade><GradeType>G-105</GradeType></SteelGrade><Density uom="kg/m3">7860</Density><PoissonRatio>0.3</PoissonRatio><YoungsModulus uom="Pa">209945000000</YoungsModulus></cd_tubularComponent></customData></tubularComponent><tubularComponent uid="e307534b70b340baa60a09b2c427df21"><typeTubularComp>drill collar</typeTubularComp><sequence>8</sequence><description>8" Collar</description><id uom="m">0.0762</id><od uom="m">0.2032</od><odMx uom="m">0.2032</odMx><len uom="m">9.144</len><lenJointAv uom="m">9.144</lenJointAv><numJointStand>1</numJointStand><wtPerLen uom="kg/m">217.711935241694</wtPerLen><grade>G-105</grade><odDrift uom="m">0</odDrift><tqYield uom="J">0</tqYield><stressFatig uom="Pa">0</stressFatig><lenFishneck uom="m">0</lenFishneck><idFishneck uom="m">0</idFishneck><odFishneck uom="m">0</odFishneck><disp uom="m3">0</disp><wearWall uom="%">0.0635</wearWall><configCon>bottom pin top box</configCon><torsionalStiffness uom="N/m">0</torsionalStiffness><typeMaterial>non-magnetic steel</typeMaterial><doglegMx uom="rad/m">0</doglegMx><model>COLLAR</model><connection><id uom="m">0.0762</id><od uom="m">0.2032</od><len uom="m">0</len><typeThread>NC56</typeThread><tqYield uom="J">0</tqYield><position>bottom</position><criticalCrossSection uom="m2">0</criticalCrossSection><presLeak uom="Pa">0</presLeak><tqMakeup uom="J">64808.0979302409</tqMakeup><customData><cd_connection xsi:schemaLocation="http://schema.slb.com/2012/WitsmlExtension cd_tubular_component.xsd" schemaVersion="1.4.1.10" xmlns="http://schema.slb.com/2012/WitsmlExtension"><stressReliefFlag>false</stressReliefFlag><gender>Pin</gender><hydrostaticTestPressure uom="Pa">0</hydrostaticTestPressure><driftDiameter uom="m">0</driftDiameter><linearWeight uom="kg/m">0</linearWeight><bsr>3.437</bsr><tensYield uom="N">0</tensYield><ApiConnectionFlag>false</ApiConnectionFlag></cd_connection></customData></connection><connection><id uom="m">0.0762</id><od uom="m">0.2032</od><len uom="m">0</len><typeThread>NC56</typeThread><tqYield uom="J">0</tqYield><position>top</position><criticalCrossSection uom="m2">0</criticalCrossSection><presLeak uom="Pa">0</presLeak><tqMakeup uom="J">64672.5161354078</tqMakeup><customData><cd_connection xsi:schemaLocation="http://schema.slb.com/2012/WitsmlExtension cd_tubular_component.xsd" schemaVersion="1.4.1.10" xmlns="http://schema.slb.com/2012/WitsmlExtension"><stressReliefFlag>false</stressReliefFlag><gender>Box</gender><hydrostaticTestPressure uom="Pa">0</hydrostaticTestPressure><driftDiameter uom="m">0</driftDiameter><linearWeight uom="kg/m">0</linearWeight><bsr>3.087</bsr><tensYield uom="N">0</tensYield><ApiConnectionFlag>false</ApiConnectionFlag></cd_connection></customData></connection><customData><cd_tubularComponent xsi:schemaLocation="http://schema.slb.com/2012/WitsmlExtension cd_tubular_component.xsd" schemaVersion="1.4.1.10" xmlns="http://schema.slb.com/2012/WitsmlExtension"><numSerial /><name>8" Collar</name><catalogUid /><weight uom="kg">1990.7579331285</weight><tensYield uom="N">0</tensYield><MagneticPoleStrength uom="Wb">0</MagneticPoleStrength><thermalconductivity uom="W/(m.K)">42.7</thermalconductivity><anisotropyRating uom="">1</anisotropyRating><thermalExpansionCoefficient uom="1/K">1.24E-05</thermalExpansionCoefficient><specheatcapacity uom="J/(kg.K)">473</specheatcapacity><NonMagFlag>true</NonMagFlag><subType>Drill Collar</subType><maxMakeUpTorque uom="J">0</maxMakeUpTorque><WobMaxHasLimit>false</WobMaxHasLimit><WobMinHasLimit>false</WobMinHasLimit><RpmMaxHasLimit>false</RpmMaxHasLimit><RpmMinHasLimit>false</RpmMinHasLimit><FlowRateMaxHasLimit>false</FlowRateMaxHasLimit><FlowRateMinHasLimit>false</FlowRateMinHasLimit><TensileLoadMaxHasLimit>false</TensileLoadMaxHasLimit><OperatingTemperatureMaxHasLimit>false</OperatingTemperatureMaxHasLimit><OperatingPressureMaxHasLimit>false</OperatingPressureMaxHasLimit><DlsSlidingMaxHasLimit>false</DlsSlidingMaxHasLimit><DlsRotatingMaxHasLimit>false</DlsRotatingMaxHasLimit><IsObsolete>false</IsObsolete><type>COLLAR</type><Remarks>8" Collar</Remarks><SteelGrade><GradeType>G-105</GradeType></SteelGrade><Density uom="kg/m3">7860</Density><PoissonRatio>0.3</PoissonRatio><YoungsModulus uom="Pa">209945000000</YoungsModulus></cd_tubularComponent></customData></tubularComponent><tubularComponent uid="e41618606ece4024b3ff45e7663245ae"><typeTubularComp>drill collar</typeTubularComp><sequence>9</sequence><description>8" Collar</description><id uom="m">0.0762</id><od uom="m">0.2032</od><odMx uom="m">0.2032</odMx><len uom="m">27.432</len><lenJointAv uom="m">9.144</lenJointAv><numJointStand>3</numJointStand><wtPerLen uom="kg/m">217.711935241694</wtPerLen><grade>G-105</grade><odDrift uom="m">0</odDrift><tqYield uom="J">0</tqYield><stressFatig uom="Pa">0</stressFatig><lenFishneck uom="m">0</lenFishneck><idFishneck uom="m">0</idFishneck><odFishneck uom="m">0</odFishneck><disp uom="m3">0</disp><wearWall uom="%">0.0635</wearWall><configCon>bottom pin top box</configCon><torsionalStiffness uom="N/m">0</torsionalStiffness><typeMaterial>non-magnetic steel</typeMaterial><doglegMx uom="rad/m">0</doglegMx><model>COLLAR</model><connection><id uom="m">0.0762</id><od uom="m">0.2032</od><len uom="m">0</len><typeThread>NC56</typeThread><tqYield uom="J">0</tqYield><position>bottom</position><criticalCrossSection uom="m2">0</criticalCrossSection><presLeak uom="Pa">0</presLeak><tqMakeup uom="J">64672.5161354078</tqMakeup><customData><cd_connection xsi:schemaLocation="http://schema.slb.com/2012/WitsmlExtension cd_tubular_component.xsd" schemaVersion="1.4.1.10" xmlns="http://schema.slb.com/2012/WitsmlExtension"><stressReliefFlag>false</stressReliefFlag><gender>Pin</gender><hydrostaticTestPressure uom="Pa">0</hydrostaticTestPressure><driftDiameter uom="m">0</driftDiameter><linearWeight uom="kg/m">0</linearWeight><bsr>3.087</bsr><tensYield uom="N">0</tensYield><ApiConnectionFlag>false</ApiConnectionFlag></cd_connection></customData></connection><connection><id uom="m">0.0762</id><od uom="m">0.2032</od><len uom="m">0</len><typeThread>NC56</typeThread><tqYield uom="J">0</tqYield><position>top</position><criticalCrossSection uom="m2">0</criticalCrossSection><presLeak uom="Pa">0</presLeak><tqMakeup uom="J">64536.9343405746</tqMakeup><customData><cd_connection xsi:schemaLocation="http://schema.slb.com/2012/WitsmlExtension cd_tubular_component.xsd" schemaVersion="1.4.1.10" xmlns="http://schema.slb.com/2012/WitsmlExtension"><stressReliefFlag>false</stressReliefFlag><gender>Box</gender><hydrostaticTestPressure uom="Pa">0</hydrostaticTestPressure><driftDiameter uom="m">0</driftDiameter><linearWeight uom="kg/m">0</linearWeight><bsr>2.934</bsr><tensYield uom="N">0</tensYield><ApiConnectionFlag>false</ApiConnectionFlag></cd_connection></customData></connection><customData><cd_tubularComponent xsi:schemaLocation="http://schema.slb.com/2012/WitsmlExtension cd_tubular_component.xsd" schemaVersion="1.4.1.10" xmlns="http://schema.slb.com/2012/WitsmlExtension"><numSerial /><name>8" Collar</name><catalogUid /><weight uom="kg">5972.27379983909</weight><tensYield uom="N">0</tensYield><MagneticPoleStrength uom="Wb">0</MagneticPoleStrength><thermalconductivity uom="W/(m.K)">42.7</thermalconductivity><anisotropyRating uom="">1</anisotropyRating><thermalExpansionCoefficient uom="1/K">1.24E-05</thermalExpansionCoefficient><specheatcapacity uom="J/(kg.K)">473</specheatcapacity><NonMagFlag>true</NonMagFlag><subType>Drill Collar</subType><maxMakeUpTorque uom="J">0</maxMakeUpTorque><WobMaxHasLimit>false</WobMaxHasLimit><WobMinHasLimit>false</WobMinHasLimit><RpmMaxHasLimit>false</RpmMaxHasLimit><RpmMinHasLimit>false</RpmMinHasLimit><FlowRateMaxHasLimit>false</FlowRateMaxHasLimit><FlowRateMinHasLimit>false</FlowRateMinHasLimit><TensileLoadMaxHasLimit>false</TensileLoadMaxHasLimit><OperatingTemperatureMaxHasLimit>false</OperatingTemperatureMaxHasLimit><OperatingPressureMaxHasLimit>false</OperatingPressureMaxHasLimit><DlsSlidingMaxHasLimit>false</DlsSlidingMaxHasLimit><DlsRotatingMaxHasLimit>false</DlsRotatingMaxHasLimit><IsObsolete>false</IsObsolete><type>COLLAR</type><Remarks>8" Collar</Remarks><SteelGrade><GradeType>G-105</GradeType></SteelGrade><Density uom="kg/m3">7860</Density><PoissonRatio>0.3</PoissonRatio><YoungsModulus uom="Pa">209945000000</YoungsModulus></cd_tubularComponent></customData></tubularComponent><tubularComponent uid="6a61ec44ee334abca41c866b1bd08139"><typeTubularComp>other</typeTubularComp><sequence>10</sequence><description>8" Misc. Sub</description><id uom="m">0.0635</id><od uom="m">0.2032</od><odMx uom="m">0.2032</odMx><len uom="m">0.9144</len><wtPerLen uom="kg/m">228.59753155733</wtPerLen><grade>G-105</grade><odDrift uom="m">0</odDrift><tqYield uom="J">0</tqYield><stressFatig uom="Pa">0</stressFatig><lenFishneck uom="m">0</lenFishneck><idFishneck uom="m">0</idFishneck><odFishneck uom="m">0</odFishneck><disp uom="m3">0</disp><wearWall uom="%">0</wearWall><configCon>bottom pin top box</configCon><torsionalStiffness uom="N/m">0</torsionalStiffness><typeMaterial>non-magnetic steel</typeMaterial><doglegMx uom="rad/m">0</doglegMx><connection><id uom="m">0.0635</id><od uom="m">0.2032</od><len uom="m">0</len><typeThread>NC56</typeThread><tqYield uom="J">0</tqYield><position>bottom</position><criticalCrossSection uom="m2">0</criticalCrossSection><presLeak uom="Pa">0</presLeak><tqMakeup uom="J">64536.9343405746</tqMakeup><customData><cd_connection xsi:schemaLocation="http://schema.slb.com/2012/WitsmlExtension cd_tubular_component.xsd" schemaVersion="1.4.1.10" xmlns="http://schema.slb.com/2012/WitsmlExtension"><stressReliefFlag>false</stressReliefFlag><gender>Pin</gender><hydrostaticTestPressure uom="Pa">0</hydrostaticTestPressure><driftDiameter uom="m">0</driftDiameter><linearWeight uom="kg/m">0</linearWeight><bsr>2.934</bsr><tensYield uom="N">0</tensYield><ApiConnectionFlag>false</ApiConnectionFlag></cd_connection></customData></connection><connection><id uom="m">0.0635</id><od uom="m">0.2032</od><len uom="m">0</len><typeThread>4-1/2 XH</typeThread><tqYield uom="J">0</tqYield><position>top</position><criticalCrossSection uom="m2">0</criticalCrossSection><presLeak uom="Pa">0</presLeak><tqMakeup uom="J">63723.4435715758</tqMakeup><customData><cd_connection xsi:schemaLocation="http://schema.slb.com/2012/WitsmlExtension cd_tubular_component.xsd" schemaVersion="1.4.1.10" xmlns="http://schema.slb.com/2012/WitsmlExtension"><stressReliefFlag>false</stressReliefFlag><gender>Box</gender><hydrostaticTestPressure uom="Pa">0</hydrostaticTestPressure><driftDiameter uom="m">0</driftDiameter><linearWeight uom="kg/m">0</linearWeight><bsr>NaN</bsr><tensYield uom="N">0</tensYield><ApiConnectionFlag>false</ApiConnectionFlag></cd_connection></customData></connection><customData><cd_tubularComponent xsi:schemaLocation="http://schema.slb.com/2012/WitsmlExtension cd_tubular_component.xsd" schemaVersion="1.4.1.10" xmlns="http://schema.slb.com/2012/WitsmlExtension"><numSerial /><name>8" Misc. Sub</name><catalogUid /><weight uom="kg">209.029582856022</weight><tensYield uom="N">0</tensYield><MagneticPoleStrength uom="Wb">0</MagneticPoleStrength><thermalconductivity uom="W/(m.K)">42.7</thermalconductivity><anisotropyRating uom="">1</anisotropyRating><thermalExpansionCoefficient uom="1/K">1.24E-05</thermalExpansionCoefficient><specheatcapacity uom="J/(kg.K)">473</specheatcapacity><NonMagFlag>true</NonMagFlag><subType /><maxMakeUpTorque uom="J">0</maxMakeUpTorque><WobMaxHasLimit>false</WobMaxHasLimit><WobMinHasLimit>false</WobMinHasLimit><RpmMaxHasLimit>false</RpmMaxHasLimit><RpmMinHasLimit>false</RpmMinHasLimit><FlowRateMaxHasLimit>false</FlowRateMaxHasLimit><FlowRateMinHasLimit>false</FlowRateMinHasLimit><TensileLoadMaxHasLimit>false</TensileLoadMaxHasLimit><OperatingTemperatureMaxHasLimit>false</OperatingTemperatureMaxHasLimit><OperatingPressureMaxHasLimit>false</OperatingPressureMaxHasLimit><DlsSlidingMaxHasLimit>false</DlsSlidingMaxHasLimit><DlsRotatingMaxHasLimit>false</DlsRotatingMaxHasLimit><IsObsolete>false</IsObsolete><type>MISCSUB</type><type>Drill_Sub</type><miscSubType /><Remarks>8" Misc. Sub</Remarks><SteelGrade><GradeType>G-105</GradeType></SteelGrade><Density uom="kg/m3">7860</Density><PoissonRatio>0.3</PoissonRatio><YoungsModulus uom="Pa">209945000000</YoungsModulus></cd_tubularComponent></customData></tubularComponent><tubularComponent uid="335710604a144aaf9440df328f4f4313"><typeTubularComp>drill collar</typeTubularComp><sequence>11</sequence><description>6.5" Collar</description><id uom="m">0.0714375</id><od uom="m">0.1651</od><odMx uom="m">0.1651</odMx><len uom="m">182.88</len><lenJointAv uom="m">9.144</lenJointAv><numJointStand>20</numJointStand><wtPerLen uom="kg/m">135.930796479163</wtPerLen><grade>G-105</grade><odDrift uom="m">0</odDrift><tqYield uom="J">0</tqYield><stressFatig uom="Pa">0</stressFatig><lenFishneck uom="m">0</lenFishneck><idFishneck uom="m">0</idFishneck><odFishneck uom="m">0</odFishneck><disp uom="m3">0</disp><wearWall uom="%">0.046831</wearWall><configCon>bottom pin top box</configCon><torsionalStiffness uom="N/m">0</torsionalStiffness><typeMaterial>non-magnetic steel</typeMaterial><doglegMx uom="rad/m">0</doglegMx><model>COLLAR</model><connection><id uom="m">0.0714375</id><od uom="m">0.1651</od><len uom="m">0</len><typeThread>4-1/2 XH</typeThread><tqYield uom="J">0</tqYield><position>bottom</position><criticalCrossSection uom="m2">0</criticalCrossSection><presLeak uom="Pa">0</presLeak><tqMakeup uom="J">63723.4435715758</tqMakeup><customData><cd_connection xsi:schemaLocation="http://schema.slb.com/2012/WitsmlExtension cd_tubular_component.xsd" schemaVersion="1.4.1.10" xmlns="http://schema.slb.com/2012/WitsmlExtension"><stressReliefFlag>false</stressReliefFlag><gender>Pin</gender><hydrostaticTestPressure uom="Pa">0</hydrostaticTestPressure><driftDiameter uom="m">0</driftDiameter><linearWeight uom="kg/m">0</linearWeight><bsr>NaN</bsr><tensYield uom="N">0</tensYield><ApiConnectionFlag>false</ApiConnectionFlag></cd_connection></customData></connection><connection><id uom="m">0.0714375</id><od uom="m">0.1651</od><len uom="m">0</len><typeThread>4-1/2 XH</typeThread><tqYield uom="J">0</tqYield><position>top</position><criticalCrossSection uom="m2">0</criticalCrossSection><presLeak uom="Pa">0</presLeak><tqMakeup uom="J">61825.2984439118</tqMakeup><customData><cd_connection xsi:schemaLocation="http://schema.slb.com/2012/WitsmlExtension cd_tubular_component.xsd" schemaVersion="1.4.1.10" xmlns="http://schema.slb.com/2012/WitsmlExtension"><stressReliefFlag>false</stressReliefFlag><gender>Box</gender><hydrostaticTestPressure uom="Pa">0</hydrostaticTestPressure><driftDiameter uom="m">0</driftDiameter><linearWeight uom="kg/m">0</linearWeight><bsr>NaN</bsr><tensYield uom="N">0</tensYield><ApiConnectionFlag>false</ApiConnectionFlag></cd_connection></customData></connection><customData><cd_tubularComponent xsi:schemaLocation="http://schema.slb.com/2012/WitsmlExtension cd_tubular_component.xsd" schemaVersion="1.4.1.10" xmlns="http://schema.slb.com/2012/WitsmlExtension"><numSerial /><name>6.5" Collar</name><catalogUid /><weight uom="kg">24859.0241349521</weight><tensYield uom="N">0</tensYield><MagneticPoleStrength uom="Wb">0</MagneticPoleStrength><thermalconductivity uom="W/(m.K)">42.7</thermalconductivity><anisotropyRating uom="">1</anisotropyRating><thermalExpansionCoefficient uom="1/K">1.24E-05</thermalExpansionCoefficient><specheatcapacity uom="J/(kg.K)">473</specheatcapacity><NonMagFlag>true</NonMagFlag><subType>Drill Collar</subType><maxMakeUpTorque uom="J">0</maxMakeUpTorque><WobMaxHasLimit>false</WobMaxHasLimit><WobMinHasLimit>false</WobMinHasLimit><RpmMaxHasLimit>false</RpmMaxHasLimit><RpmMinHasLimit>false</RpmMinHasLimit><FlowRateMaxHasLimit>false</FlowRateMaxHasLimit><FlowRateMinHasLimit>false</FlowRateMinHasLimit><TensileLoadMaxHasLimit>false</TensileLoadMaxHasLimit><OperatingTemperatureMaxHasLimit>false</OperatingTemperatureMaxHasLimit><OperatingPressureMaxHasLimit>false</OperatingPressureMaxHasLimit><DlsSlidingMaxHasLimit>false</DlsSlidingMaxHasLimit><DlsRotatingMaxHasLimit>false</DlsRotatingMaxHasLimit><IsObsolete>false</IsObsolete><type>COLLAR</type><Remarks>6.5" Collar</Remarks><SteelGrade><GradeType>G-105</GradeType></SteelGrade><Density uom="kg/m3">7860</Density><PoissonRatio>0.3</PoissonRatio><YoungsModulus uom="Pa">209945000000</YoungsModulus></cd_tubularComponent></customData></tubularComponent><tubularComponent uid="aa6c4a0d24244467b4ba9886c30c1ee1"><typeTubularComp>jar</typeTubularComp><sequence>12</sequence><description>Hydra-Jar 6 1/2"</description><id uom="m">0.06985</id><od uom="m">0.1651</od><odMx uom="m">0.1651</odMx><len uom="m">9.497568</len><wtPerLen uom="kg/m">88.3522933297244</wtPerLen><grade>G-105</grade><tqYield uom="J">82704.8948482154</tqYield><wearWall uom="%">1.875</wearWall><configCon>bottom pin top box</configCon><typeMaterial>steel</typeMaterial><vendor>Schlumberger</vendor><model>Hydra-Jar 6 1/2"</model><connection><id uom="m">0.06985</id><od uom="m">0.1651</od><typeThread>4-1/2 XH</typeThread><position>bottom</position><tqMakeup uom="J">61825.2984439118</tqMakeup><customData><cd_connection xsi:schemaLocation="http://schema.slb.com/2012/WitsmlExtension cd_tubular_component.xsd" schemaVersion="1.4.1.10" xmlns="http://schema.slb.com/2012/WitsmlExtension"><stressReliefFlag>false</stressReliefFlag><gender>Pin</gender><bsr>NaN</bsr><ApiConnectionFlag>false</ApiConnectionFlag></cd_connection></customData></connection><connection><id uom="m">0.06985</id><od uom="m">0.1651</od><typeThread>4-1/2 XH</typeThread><position>top</position><tqMakeup uom="J">62367.6256232444</tqMakeup><customData><cd_connection xsi:schemaLocation="http://schema.slb.com/2012/WitsmlExtension cd_tubular_component.xsd" schemaVersion="1.4.1.10" xmlns="http://schema.slb.com/2012/WitsmlExtension"><stressReliefFlag>false</stressReliefFlag><gender>Box</gender><bsr>NaN</bsr><ApiConnectionFlag>false</ApiConnectionFlag></cd_connection></customData></connection><jar><typeJar>hydraulic</typeJar><jarAction>unknown</jarAction></jar><customData><cd_tubularComponent xsi:schemaLocation="http://schema.slb.com/2012/WitsmlExtension cd_tubular_component.xsd" schemaVersion="1.4.1.10" xmlns="http://schema.slb.com/2012/WitsmlExtension"><numSerial /><name>Hydra-Jar 6 1/2"</name><catalogUid>2972</catalogUid><weight uom="kg">839.131913855004</weight><tensYield uom="N">4003399.45373445</tensYield><MagneticPoleStrength uom="Wb">0</MagneticPoleStrength><thermalconductivity uom="W/(m.K)">42.7</thermalconductivity><anisotropyRating uom="">1</anisotropyRating><thermalExpansionCoefficient uom="1/K">1.24E-05</thermalExpansionCoefficient><specheatcapacity uom="J/(kg.K)">473</specheatcapacity><NonMagFlag>false</NonMagFlag><subType /><WobMaxHasLimit>false</WobMaxHasLimit><WobMinHasLimit>false</WobMinHasLimit><RpmMaxHasLimit>false</RpmMaxHasLimit><RpmMinHasLimit>false</RpmMinHasLimit><FlowRateMaxHasLimit>false</FlowRateMaxHasLimit><FlowRateMinHasLimit>false</FlowRateMinHasLimit><TensileLoadMaxHasLimit>false</TensileLoadMaxHasLimit><OperatingTemperatureMaxHasLimit>false</OperatingTemperatureMaxHasLimit><OperatingPressureMaxHasLimit>false</OperatingPressureMaxHasLimit><DlsSlidingMaxHasLimit>false</DlsSlidingMaxHasLimit><DlsRotatingMaxHasLimit>false</DlsRotatingMaxHasLimit><IsObsolete>false</IsObsolete><type>JAR</type><Remarks>Hydra-Jar 6 1/2"</Remarks><impactToolProperties /><SteelGrade><GradeType>G-105</GradeType></SteelGrade><Density uom="kg/m3">7860</Density><PoissonRatio>0.3</PoissonRatio><YoungsModulus uom="Pa">209945000000</YoungsModulus></cd_tubularComponent></customData></tubularComponent><tubularComponent uid="1c8c8afa17ed4d4086d14e1e717cb9af"><typeTubularComp>drill collar</typeTubularComp><sequence>13</sequence><description>6.5" Collar</description><id uom="m">0.0714375</id><od uom="m">0.1651</od><odMx uom="m">0.1651</odMx><len uom="m">27.432</len><lenJointAv uom="m">9.144</lenJointAv><numJointStand>3</numJointStand><wtPerLen uom="kg/m">135.930796479163</wtPerLen><grade>G-105</grade><odDrift uom="m">0</odDrift><tqYield uom="J">0</tqYield><stressFatig uom="Pa">0</stressFatig><lenFishneck uom="m">0</lenFishneck><idFishneck uom="m">0</idFishneck><odFishneck uom="m">0</odFishneck><disp uom="m3">0</disp><wearWall uom="%">0.046831</wearWall><configCon>bottom pin top box</configCon><torsionalStiffness uom="N/m">0</torsionalStiffness><typeMaterial>other</typeMaterial><doglegMx uom="rad/m">0</doglegMx><vendor>.</vendor><model>COLLAR</model><connection><id uom="m">0.0714375</id><od uom="m">0.1651</od><len uom="m">0</len><typeThread>4-1/2 XH</typeThread><tqYield uom="J">0</tqYield><position>bottom</position><criticalCrossSection uom="m2">0</criticalCrossSection><presLeak uom="Pa">0</presLeak><tqMakeup uom="J">62367.6256232444</tqMakeup><customData><cd_connection xsi:schemaLocation="http://schema.slb.com/2012/WitsmlExtension cd_tubular_component.xsd" schemaVersion="1.4.1.10" xmlns="http://schema.slb.com/2012/WitsmlExtension"><stressReliefFlag>false</stressReliefFlag><gender>Pin</gender><hydrostaticTestPressure uom="Pa">0</hydrostaticTestPressure><driftDiameter uom="m">0</driftDiameter><linearWeight uom="kg/m">0</linearWeight><bsr>NaN</bsr><tensYield uom="N">0</tensYield><ApiConnectionFlag>false</ApiConnectionFlag></cd_connection></customData></connection><connection><id uom="m">0.0714375</id><od uom="m">0.1651</od><len uom="m">0</len><typeThread>4-1/2 XH</typeThread><tqYield uom="J">0</tqYield><position>top</position><criticalCrossSection uom="m2">0</criticalCrossSection><presLeak uom="Pa">0</presLeak><tqMakeup uom="J">61011.807674913</tqMakeup><customData><cd_connection xsi:schemaLocation="http://schema.slb.com/2012/WitsmlExtension cd_tubular_component.xsd" schemaVersion="1.4.1.10" xmlns="http://schema.slb.com/2012/WitsmlExtension"><stressReliefFlag>false</stressReliefFlag><gender>Box</gender><hydrostaticTestPressure uom="Pa">0</hydrostaticTestPressure><driftDiameter uom="m">0</driftDiameter><linearWeight uom="kg/m">0</linearWeight><bsr>NaN</bsr><tensYield uom="N">0</tensYield><ApiConnectionFlag>false</ApiConnectionFlag></cd_connection></customData></connection><customData><cd_tubularComponent xsi:schemaLocation="http://schema.slb.com/2012/WitsmlExtension cd_tubular_component.xsd" schemaVersion="1.4.1.10" xmlns="http://schema.slb.com/2012/WitsmlExtension"><numSerial /><name>6.5" Collar</name><catalogUid /><weight uom="kg">3728.85362035621</weight><tensYield uom="N">0</tensYield><MagneticPoleStrength uom="Wb">0</MagneticPoleStrength><thermalconductivity uom="W/(m.K)">42.7</thermalconductivity><anisotropyRating uom="">1</anisotropyRating><thermalExpansionCoefficient uom="1/K">1.24E-05</thermalExpansionCoefficient><specheatcapacity uom="J/(kg.K)">473</specheatcapacity><NonMagFlag>false</NonMagFlag><subType>Drill Collar</subType><maxMakeUpTorque uom="J">0</maxMakeUpTorque><WobMaxHasLimit>false</WobMaxHasLimit><WobMinHasLimit>false</WobMinHasLimit><RpmMaxHasLimit>false</RpmMaxHasLimit><RpmMinHasLimit>false</RpmMinHasLimit><FlowRateMaxHasLimit>false</FlowRateMaxHasLimit><FlowRateMinHasLimit>false</FlowRateMinHasLimit><TensileLoadMaxHasLimit>false</TensileLoadMaxHasLimit><OperatingTemperatureMaxHasLimit>false</OperatingTemperatureMaxHasLimit><OperatingPressureMaxHasLimit>false</OperatingPressureMaxHasLimit><DlsSlidingMaxHasLimit>false</DlsSlidingMaxHasLimit><DlsRotatingMaxHasLimit>false</DlsRotatingMaxHasLimit><IsObsolete>false</IsObsolete><type>COLLAR</type><Remarks>6.5" Collar</Remarks><SteelGrade><GradeType>G-105</GradeType></SteelGrade><Density uom="kg/m3">7860</Density><PoissonRatio>0.3</PoissonRatio><YoungsModulus uom="Pa">209945000000</YoungsModulus></cd_tubularComponent></customData></tubularComponent><tubularComponent uid="af4614a9d77041d69b2c2e1f1a896aa3"><typeTubularComp>other</typeTubularComp><sequence>14</sequence><description>6.75" Misc. Sub</description><id uom="m">0.073025</id><od uom="m">0.17145</od><odMx uom="m">0.17145</odMx><len uom="m">1.524</len><wtPerLen uom="kg/m">147.635905332391</wtPerLen><grade>G-105</grade><odDrift uom="m">0</odDrift><tqYield uom="J">0</tqYield><stressFatig uom="Pa">0</stressFatig><lenFishneck uom="m">0</lenFishneck><idFishneck uom="m">0</idFishneck><odFishneck uom="m">0</odFishneck><disp uom="m3">0</disp><wearWall uom="%">0</wearWall><configCon>bottom pin top box</configCon><torsionalStiffness uom="N/m">0</torsionalStiffness><typeMaterial>other</typeMaterial><doglegMx uom="rad/m">0</doglegMx><connection><id uom="m">0.073025</id><od uom="m">0.1143</od><len uom="m">0</len><typeThread>4-1/2 XH</typeThread><tqYield uom="J">0</tqYield><position>bottom</position><criticalCrossSection uom="m2">0</criticalCrossSection><presLeak uom="Pa">0</presLeak><tqMakeup uom="J">61011.807674913</tqMakeup><customData><cd_connection xsi:schemaLocation="http://schema.slb.com/2012/WitsmlExtension cd_tubular_component.xsd" schemaVersion="1.4.1.10" xmlns="http://schema.slb.com/2012/WitsmlExtension"><stressReliefFlag>false</stressReliefFlag><gender>Pin</gender><hydrostaticTestPressure uom="Pa">0</hydrostaticTestPressure><driftDiameter uom="m">0</driftDiameter><linearWeight uom="kg/m">0</linearWeight><bsr>NaN</bsr><tensYield uom="N">0</tensYield><ApiConnectionFlag>false</ApiConnectionFlag></cd_connection></customData></connection><connection><id uom="m">0.073025</id><od uom="m">0.1143</od><len uom="m">0</len><typeThread>4-1/2 IF</typeThread><tqYield uom="J">0</tqYield><position>top</position><criticalCrossSection uom="m2">0</criticalCrossSection><presLeak uom="Pa">0</presLeak><tqMakeup uom="J">55588.5358815874</tqMakeup><customData><cd_connection xsi:schemaLocation="http://schema.slb.com/2012/WitsmlExtension cd_tubular_component.xsd" schemaVersion="1.4.1.10" xmlns="http://schema.slb.com/2012/WitsmlExtension"><stressReliefFlag>false</stressReliefFlag><gender>Box</gender><hydrostaticTestPressure uom="Pa">0</hydrostaticTestPressure><driftDiameter uom="m">0</driftDiameter><linearWeight uom="kg/m">0</linearWeight><bsr>NaN</bsr><tensYield uom="N">0</tensYield><ApiConnectionFlag>false</ApiConnectionFlag></cd_connection></customData></connection><customData><cd_tubularComponent xsi:schemaLocation="http://schema.slb.com/2012/WitsmlExtension cd_tubular_component.xsd" schemaVersion="1.4.1.10" xmlns="http://schema.slb.com/2012/WitsmlExtension"><numSerial /><name>6.75" Misc. Sub</name><catalogUid /><weight uom="kg">224.997120633749</weight><tensYield uom="N">0</tensYield><MagneticPoleStrength uom="Wb">0</MagneticPoleStrength><thermalconductivity uom="W/(m.K)">42.7</thermalconductivity><anisotropyRating uom="">1</anisotropyRating><thermalExpansionCoefficient uom="1/K">1.24E-05</thermalExpansionCoefficient><specheatcapacity uom="J/(kg.K)">473</specheatcapacity><NonMagFlag>false</NonMagFlag><subType /><maxMakeUpTorque uom="J">0</maxMakeUpTorque><WobMaxHasLimit>false</WobMaxHasLimit><WobMinHasLimit>false</WobMinHasLimit><RpmMaxHasLimit>false</RpmMaxHasLimit><RpmMinHasLimit>false</RpmMinHasLimit><FlowRateMaxHasLimit>false</FlowRateMaxHasLimit><FlowRateMinHasLimit>false</FlowRateMinHasLimit><TensileLoadMaxHasLimit>false</TensileLoadMaxHasLimit><OperatingTemperatureMaxHasLimit>false</OperatingTemperatureMaxHasLimit><OperatingPressureMaxHasLimit>false</OperatingPressureMaxHasLimit><DlsSlidingMaxHasLimit>false</DlsSlidingMaxHasLimit><DlsRotatingMaxHasLimit>false</DlsRotatingMaxHasLimit><IsObsolete>false</IsObsolete><type>MISCSUB</type><type>Drill_Sub</type><miscSubType /><Remarks>6.75" Misc. Sub</Remarks><SteelGrade><GradeType>G-105</GradeType></SteelGrade><Density uom="kg/m3">7860</Density><PoissonRatio>0.3</PoissonRatio><YoungsModulus uom="Pa">209945000000</YoungsModulus></cd_tubularComponent></customData></tubularComponent><tubularComponent uid="3570532beff24520908f77c8a39b0330"><typeTubularComp>drill pipe</typeTubularComp><sequence>15</sequence><description>5" 19.50 DPS, 10% Wear</description><id uom="m">0.1086104</id><od uom="m">0.1251712</od><odMx uom="m">0.168275</odMx><len uom="m">9.4488</len><lenJointAv uom="m">9.4488</lenJointAv><numJointStand>1</numJointStand><wtPerLen uom="kg/m">33.6325051246719</wtPerLen><grade>S-135</grade><odDrift uom="m">0.1251712</odDrift><tqYield uom="J">89520.5916758331</tqYield><stressFatig uom="Pa">0</stressFatig><lenFishneck uom="m">0</lenFishneck><idFishneck uom="m">0</idFishneck><odFishneck uom="m">0</odFishneck><disp uom="m3">0</disp><classService>10% Wear</classService><wearWall uom="%">0</wearWall><configCon>bottom pin top box</configCon><torsionalStiffness uom="N/m">0</torsionalStiffness><typeMaterial>steel</typeMaterial><doglegMx uom="rad/m">0</doglegMx><model>S-135</model><connection><id uom="m">0.1086104</id><od uom="m">0.127</od><len uom="m">0</len><typeThread>4-1/2 IF</typeThread><tqYield uom="J">85958.8579255666</tqYield><position>bottom</position><criticalCrossSection uom="m2">0</criticalCrossSection><presLeak uom="Pa">0</presLeak><tqMakeup uom="J">55588.5358815874</tqMakeup><customData><cd_connection xsi:schemaLocation="http://schema.slb.com/2012/WitsmlExtension cd_tubular_component.xsd" schemaVersion="1.4.1.10" xmlns="http://schema.slb.com/2012/WitsmlExtension"><stressReliefFlag>false</stressReliefFlag><gender>Pin</gender><standardizationName>NC50 (4 1/2 IF) IEU</standardizationName><hydrostaticTestPressure uom="Pa">0</hydrostaticTestPressure><upsetType>IEU</upsetType><driftDiameter uom="m">0</driftDiameter><linearWeight uom="kg/m">0</linearWeight><bsr>NaN</bsr><tensYield uom="N">6902305.48040417</tensYield><ApiConnectionFlag>false</ApiConnectionFlag></cd_connection></customData></connection><connection><id uom="m">0.1086104</id><od uom="m">0.127</od><len uom="m">0</len><typeThread>4-1/2 IF</typeThread><tqYield uom="J">85958.8579255666</tqYield><position>top</position><criticalCrossSection uom="m2">0</criticalCrossSection><presLeak uom="Pa">0</presLeak><tqMakeup uom="J">50165.2640882618</tqMakeup><customData><cd_connection xsi:schemaLocation="http://schema.slb.com/2012/WitsmlExtension cd_tubular_component.xsd" schemaVersion="1.4.1.10" xmlns="http://schema.slb.com/2012/WitsmlExtension"><stressReliefFlag>false</stressReliefFlag><gender>Box</gender><standardizationName>NC50 (4 1/2 IF) IEU</standardizationName><hydrostaticTestPressure uom="Pa">0</hydrostaticTestPressure><upsetType>IEU</upsetType><driftDiameter uom="m">0</driftDiameter><linearWeight uom="kg/m">0</linearWeight><tensYield uom="N">6902305.48040417</tensYield><ApiConnectionFlag>false</ApiConnectionFlag></cd_connection></customData></connection><customData><cd_tubularComponent xsi:schemaLocation="http://schema.slb.com/2012/WitsmlExtension cd_tubular_component.xsd" schemaVersion="1.4.1.10" xmlns="http://schema.slb.com/2012/WitsmlExtension"><numSerial /><name>5" 19.50 DPS, 10% Wear</name><catalogUid /><weight uom="kg">317.786814422</weight><tensYield uom="N">2828450.6445056</tensYield><MagneticPoleStrength uom="Wb">0</MagneticPoleStrength><thermalconductivity uom="W/(m.K)">42.7</thermalconductivity><anisotropyRating uom="">1</anisotropyRating><thermalExpansionCoefficient uom="1/K">1.24E-05</thermalExpansionCoefficient><specheatcapacity uom="J/(kg.K)">473</specheatcapacity><NonMagFlag>false</NonMagFlag><subType /><maxMakeUpTorque uom="J">0</maxMakeUpTorque><WobMaxHasLimit>false</WobMaxHasLimit><WobMinHasLimit>false</WobMinHasLimit><RpmMaxHasLimit>false</RpmMaxHasLimit><RpmMinHasLimit>false</RpmMinHasLimit><FlowRateMaxHasLimit>false</FlowRateMaxHasLimit><FlowRateMinHasLimit>false</FlowRateMinHasLimit><TensileLoadMaxHasLimit>false</TensileLoadMaxHasLimit><OperatingTemperatureMaxHasLimit>false</OperatingTemperatureMaxHasLimit><OperatingPressureMaxHasLimit>false</OperatingPressureMaxHasLimit><DlsSlidingMaxHasLimit>false</DlsSlidingMaxHasLimit><DlsRotatingMaxHasLimit>false</DlsRotatingMaxHasLimit><IsObsolete>false</IsObsolete><type>DP</type><toolJointLength uom="m">0</toolJointLength><toolJointNominalInsideDiameter uom="m">0.06985</toolJointNominalInsideDiameter><toolJointNominalOutsideDiameter uom="m">0.168275</toolJointNominalOutsideDiameter><toolJointPercentWear uom="">0</toolJointPercentWear><Remarks>5" 19.50 DPS, 10% Wear</Remarks><drillPipe><hydrostaticTestPressure uom="Pa">0</hydrostaticTestPressure><nominalWallThickness uom="m">0</nominalWallThickness><nominalOutsideDiameter uom="m">0.127</nominalOutsideDiameter><nominalInsideDiameter uom="m">0</nominalInsideDiameter><nominalLinearWeight uom="kg/m">29.0191968996063</nominalLinearWeight><heavyWeightFlag>false</heavyWeightFlag></drillPipe><SteelGrade><GradeType>S-135</GradeType></SteelGrade><Density uom="kg/m3">7860</Density><PoissonRatio>0.3</PoissonRatio><YoungsModulus uom="Pa">209945000000</YoungsModulus></cd_tubularComponent></customData></tubularComponent><commonData><itemState>unknown</itemState></commonData><customData><cd_tubular xsi:schemaLocation="http://schema.slb.com/2012/WitsmlExtension cd_tubular_component.xsd" schemaVersion="1.4.1.10" xmlns="http://schema.slb.com/2012/WitsmlExtension"><jobNumber /></cd_tubular></customData></tubular></tubulars>