<tubulars xsi:schemaLocation="http://www.witsml.org/schemas/1series http://w3.energistics.org/schema/WITSML_v1.4.1.1_Data_Schema/witsml_v1.4.1.1_data/xsd_schemas/obj_tubular.xsd" version="1.4.1.1" xmlns="http://www.witsml.org/schemas/1series" xmlns:xsi="http://www.w3.org/2001/XMLSchema-instance"><tubular uidWell="6ee5e05a209b405690a57d3dbf6b424f" uidWellbore="90597c66990f49aaa6407713fb77a26d" uid="04ef6cd6445649febdb08807a4ac8499"><nameWell>Jorge_Well-01</nameWell><nameWellbore>Jorge_Well-01</nameWellbore><name>8.5" BHA Run2</name><typeTubularAssy>drilling</typeTubularAssy><tubularComponent uid="29f66951d4ae4127840259cdad2f02d8"><typeTubularComp>bit PDC fixed cutter</typeTubularComp><sequence>1</sequence><description>8  1/2 " Bit</description><id uom="m">0.0508</id><od uom="m">0.127</od><odMx uom="m">0.2159</odMx><len uom="m">0.3048</len><wtPerLen uom="kg/m">190.515259984171</wtPerLen><grade>G-105</grade><odDrift uom="m">0</odDrift><stressFatig uom="Pa">0</stressFatig><idFishneck uom="m">0</idFishneck><disp uom="m3">0</disp><configCon>bottom pin</configCon><torsionalStiffness uom="N/m">0</torsionalStiffness><typeMaterial>steel</typeMaterial><model>PDC</model><bitRecord><numBit>0</numBit><diaBit uom="m">0.2159</diaBit><diaPassThru uom="m">0</diaPassThru><diaPilot uom="m">0</diaPilot><typeBit>PDC</typeBit><condInitInner>0</condInitInner><condInitOuter>0</condInitOuter><condInitBearing>0</condInitBearing><condFinalInner>0</condFinalInner><condFinalOuter>0</condFinalOuter><condFinalBearing>0</condFinalBearing><bitClass>U</bitClass><customData><cd_bitRecord xsi:schemaLocation="http://schema.slb.com/2012/WitsmlExtension cd_tubular_component.xsd" schemaVersion="1.4.1.10" xmlns="http://schema.slb.com/2012/WitsmlExtension"><BOM>64362B0401</BOM><gaugePadType>2</gaugePadType><sleeveIsUsed>false</sleeveIsUsed><topType>2</topType><bladeTopIsUsed>false</bladeTopIsUsed><loVibeIsUsed>false</loVibeIsUsed><mdocIsUsed>false</mdocIsUsed></cd_bitRecord></customData></bitRecord><areaNozzleFlow uom="m2">0.000524521413909519</areaNozzleFlow><nozzle><index>4</index><diaNozzle uom="m">0.009525</diaNozzle><typeNozzle>unknown</typeNozzle></nozzle><nozzle><index>3</index><diaNozzle uom="m">0.009525</diaNozzle><typeNozzle>unknown</typeNozzle></nozzle><nozzle><index>2</index><diaNozzle uom="m">0.009525</diaNozzle><typeNozzle>unknown</typeNozzle></nozzle><nozzle><index>1</index><diaNozzle uom="m">0.009525</diaNozzle><typeNozzle>unknown</typeNozzle></nozzle><nozzle><index>4</index><diaNozzle uom="m">0.00873125</diaNozzle><typeNozzle>unknown</typeNozzle></nozzle><nozzle><index>3</index><diaNozzle uom="m">0.00873125</diaNozzle><typeNozzle>unknown</typeNozzle></nozzle><nozzle><index>2</index><diaNozzle uom="m">0.00873125</diaNozzle><typeNozzle>unknown</typeNozzle></nozzle><nozzle><index>1</index><diaNozzle uom="m">0.00873125</diaNozzle><typeNozzle>unknown</typeNozzle></nozzle><connection><id uom="m">0.05715</id><od uom="m">0.1143</od><len uom="m">0</len><typeThread>4-1/2 REG</typeThread><position>top</position><criticalCrossSection uom="m2">0</criticalCrossSection><presLeak uom="Pa">0</presLeak><tqMakeup uom="J">28472.1769149594</tqMakeup><customData><cd_connection xsi:schemaLocation="http://schema.slb.com/2012/WitsmlExtension cd_tubular_component.xsd" schemaVersion="1.4.1.10" xmlns="http://schema.slb.com/2012/WitsmlExtension"><stressReliefFlag>false</stressReliefFlag><gender>Pin</gender><hydrostaticTestPressure uom="Pa">0</hydrostaticTestPressure><driftDiameter uom="m">0</driftDiameter><linearWeight uom="kg/m">0</linearWeight><bsr>4.157</bsr><diameterAtLET uom="m">0.1067054</diameterAtLET><ApiConnectionFlag>false</ApiConnectionFlag></cd_connection></customData></connection><customData><cd_tubularComponent xsi:schemaLocation="http://schema.slb.com/2012/WitsmlExtension cd_tubular_component.xsd" schemaVersion="1.4.1.10" xmlns="http://schema.slb.com/2012/WitsmlExtension"><numSerial /><name>8  1/2 " Bit</name><catalogUid /><weight uom="kg">58.0690512431753</weight><MagneticPoleStrength uom="Wb">0</MagneticPoleStrength><thermalconductivity uom="W/(m.K)">42.7</thermalconductivity><specheatcapacity uom="J/(kg.K)">473</specheatcapacity><diaShank uom="m">0.127</diaShank><lenShank uom="m">0</lenShank><lenGauge uom="m">0</lenGauge><octalBitSize /><ProductStatus>Active</ProductStatus><Remarks>8  1/2 " Bit</Remarks><WobMaxHasLimit>false</WobMaxHasLimit><WobMinHasLimit>false</WobMinHasLimit><RpmMaxHasLimit>false</RpmMaxHasLimit><RpmMinHasLimit>false</RpmMinHasLimit><FlowRateMaxHasLimit>false</FlowRateMaxHasLimit><FlowRateMinHasLimit>false</FlowRateMinHasLimit><TensileLoadMaxHasLimit>false</TensileLoadMaxHasLimit><OperatingTemperatureMaxHasLimit>false</OperatingTemperatureMaxHasLimit><OperatingPressureMaxHasLimit>false</OperatingPressureMaxHasLimit><DlsSlidingMaxHasLimit>false</DlsSlidingMaxHasLimit><DlsRotatingMaxHasLimit>false</DlsRotatingMaxHasLimit><IsObsolete>false</IsObsolete><type>BIT</type><SteelGrade><GradeType>G-105</GradeType></SteelGrade><Density uom="kg/m3">7860</Density><PoissonRatio>0.3</PoissonRatio><YoungsModulus uom="Pa">209945000000</YoungsModulus></cd_tubularComponent></customData></tubularComponent><tubularComponent uid="15f0703ba63447dab5e15bac444160dc"><typeTubularComp>rotary steering tool</typeTubularComp><sequence>2</sequence><description>PD 675 Orbit AA 8 1/2" Stabilized CC</description><id uom="m">0.10668</id><od uom="m">0.17145</od><odMx uom="m">0.212725</odMx><len uom="m">4.1079578496</len><wtPerLen uom="kg/m">150.045811235657</wtPerLen><grade>G-105</grade><odDrift uom="m">0.206502</odDrift><tqYield uom="J">0</tqYield><stressFatig uom="Pa">0</stressFatig><idFishneck uom="m">0</idFishneck><disp uom="m3">0</disp><configCon>bottom box, top box</configCon><torsionalStiffness uom="N/m">0</torsionalStiffness><typeMaterial>non-magnetic steel</typeMaterial><doglegMx uom="rad/m">0</doglegMx><model>PD 675 Orbit AA 8 1/2" Stabilized CC</model><connection><id uom="m">0.10668</id><od uom="m">0.17145</od><len uom="m">0</len><typeThread>4-1/2 REG</typeThread><tqYield uom="J">0</tqYield><position>bottom</position><criticalCrossSection uom="m2">0</criticalCrossSection><presLeak uom="Pa">0</presLeak><tqMakeup uom="J">28472.1769149594</tqMakeup><customData><cd_connection xsi:schemaLocation="http://schema.slb.com/2012/WitsmlExtension cd_tubular_component.xsd" schemaVersion="1.4.1.10" xmlns="http://schema.slb.com/2012/WitsmlExtension"><stressReliefFlag>false</stressReliefFlag><gender>Box</gender><hydrostaticTestPressure uom="Pa">0</hydrostaticTestPressure><driftDiameter uom="m">0</driftDiameter><linearWeight uom="kg/m">0</linearWeight><bsr>4.157</bsr><tensYield uom="N">0</tensYield><diameterAtLET uom="m">0.090424</diameterAtLET><ApiConnectionFlag>false</ApiConnectionFlag></cd_connection></customData></connection><connection><id uom="m">0.10668</id><od uom="m">0.17145</od><len uom="m">0</len><typeThread>NC50 (4 1/2 IF)</typeThread><tqYield uom="J">0</tqYield><position>top</position><criticalCrossSection uom="m2">0</criticalCrossSection><presLeak uom="Pa">0</presLeak><tqMakeup uom="J">35251.2666566164</tqMakeup><customData><cd_connection xsi:schemaLocation="http://schema.slb.com/2012/WitsmlExtension cd_tubular_component.xsd" schemaVersion="1.4.1.10" xmlns="http://schema.slb.com/2012/WitsmlExtension"><stressReliefFlag>false</stressReliefFlag><gender>Box</gender><hydrostaticTestPressure uom="Pa">0</hydrostaticTestPressure><driftDiameter uom="m">0</driftDiameter><linearWeight uom="kg/m">0</linearWeight><bsr>NaN</bsr><tensYield uom="N">0</tensYield><ApiConnectionFlag>false</ApiConnectionFlag></cd_connection></customData></connection><stabilizer><lenBlade uom="m">0.21336</lenBlade><lenBladeGauge uom="m">0</lenBladeGauge><odBladeMx uom="m">0.212725</odBladeMx><odBladeMn uom="m">0</odBladeMn><distBladeBot uom="m">3.099816</distBladeBot><shapeBlade>unknown</shapeBlade><typeBlade>unknown</typeBlade><customData><cd_stabilizer xsi:schemaLocation="http://schema.slb.com/2012/WitsmlExtension cd_tubular_component.xsd" schemaVersion="1.4.1.10" xmlns="http://schema.slb.com/2012/WitsmlExtension"><gaugeLength uom="m">0</gaugeLength><bladeCount>0</bladeCount><bladeHeight uom="m">0</bladeHeight><bladeWidth uom="m">0</bladeWidth><bladeHeightOpenPosition uom="m">0</bladeHeightOpenPosition><bladeSpiral uom="rad">0</bladeSpiral><materialType>steel</materialType><nonMagFlag>false</nonMagFlag><MagneticPoleStrength uom="Wb">0</MagneticPoleStrength><BladeAlignType>none</BladeAlignType><BladeProfileType>square</BladeProfileType></cd_stabilizer></customData></stabilizer><rotarySteerableTool><deflectionMethod>push bit</deflectionMethod><bendAngle uom="rad">0</bendAngle><holeSizeMn uom="m">0.2159</holeSizeMn><holeSizeMx uom="m">0.2159</holeSizeMx><wobMx uom="N">0</wobMx><operatingSpeed uom="rad/s">0</operatingSpeed><speedMx uom="rad/s">0</speedMx><flowRateMn uom="m3/s">0</flowRateMn><flowRateMx uom="m3/s">0</flowRateMx><downLinkFlowRateMn uom="m3/s">0</downLinkFlowRateMn><downLinkFlowRateMx uom="m3/s">0</downLinkFlowRateMx><pressLossFact>56000</pressLossFact><padCount>3</padCount><sensor><offsetBot uom="m">2.215896</offsetBot><customData><cd_sensor xsi:schemaLocation="http://schema.slb.com/2012/WitsmlExtension cd_tubular_component.xsd" schemaVersion="1.4.1.10" xmlns="http://schema.slb.com/2012/WitsmlExtension"><typeMeasurement>azimuth</typeMeasurement></cd_sensor></customData></sensor><sensor><offsetBot uom="m">1.95072</offsetBot><customData><cd_sensor xsi:schemaLocation="http://schema.slb.com/2012/WitsmlExtension cd_tubular_component.xsd" schemaVersion="1.4.1.10" xmlns="http://schema.slb.com/2012/WitsmlExtension"><typeMeasurement>Gamma Ray</typeMeasurement></cd_sensor></customData></sensor><customData><cd_rotarySteerableTool xsi:schemaLocation="http://schema.slb.com/2012/WitsmlExtension cd_tubular_component.xsd" schemaVersion="1.4.1.10" xmlns="http://schema.slb.com/2012/WitsmlExtension"><readOutPortOffset uom="m">0</readOutPortOffset><bendOffset uom="m">0</bendOffset><IsSinglePower>false</IsSinglePower></cd_rotarySteerableTool></customData></rotarySteerableTool><customData><cd_tubularComponent xsi:schemaLocation="http://schema.slb.com/2012/WitsmlExtension cd_tubular_component.xsd" schemaVersion="1.4.1.10" xmlns="http://schema.slb.com/2012/WitsmlExtension"><numSerial /><name>PD 675 Orbit AA 8 1/2" Stabilized CC</name><catalogUid /><weight uom="kg">616.381888915051</weight><tensYield uom="N">0</tensYield><MagneticPoleStrength uom="Wb">0</MagneticPoleStrength><thermalconductivity uom="W/(m.K)">42.7</thermalconductivity><anisotropyRating uom="">1</anisotropyRating><thermalExpansionCoefficient uom="1/K">1.24E-05</thermalExpansionCoefficient><specheatcapacity uom="J/(kg.K)">473</specheatcapacity><NonMagFlag>true</NonMagFlag><subType>Orbit</subType><maxDoglegSliding uom="rad/m">0</maxDoglegSliding><toolSize>675</toolSize><holeSize>8.4999999926</holeSize><Remarks>PD 675 Orbit AA 8 1/2" Stabilized CC</Remarks><controlUnit><id uom="m">0.10668</id><od uom="m">0.17145</od><odMx uom="m">0.212725</odMx><len uom="m">3.105912</len><lenJointAv uom="m">0</lenJointAv><numJointStand>1</numJointStand><wtPerLen uom="kg/m">148.816394356955</wtPerLen><odDrift uom="m">0</odDrift><lenFishneck uom="m">0</lenFishneck><odFishneck uom="m">0</odFishneck><thickWall uom="m">0</thickWall><typeMaterial>non-magnetic steel</typeMaterial><pressLossFact>56000</pressLossFact><vendor>Schlumberger</vendor></controlUnit><extensionSub><id uom="m">0.0635</id><od uom="m">0.17145</od><odMx uom="m">0.17145</odMx><len uom="m">0.234696</len><lenJointAv uom="m">0</lenJointAv><numJointStand>1</numJointStand><wtPerLen uom="kg/m">0</wtPerLen><odDrift uom="m">0.0635</odDrift><lenFishneck uom="m">0</lenFishneck><odFishneck uom="m">0</odFishneck><thickWall uom="m">0</thickWall><typeMaterial>non-magnetic steel</typeMaterial><vendor>Schlumberger</vendor></extensionSub><biasUnit><id uom="m">0.058000011</id><od uom="m">0.1746499936</od><odMx uom="m">0.2039999984</odMx><len uom="m">0.7673498496</len><lenJointAv uom="m">0</lenJointAv><numJointStand>1</numJointStand><wtPerLen uom="kg/m">200.938294765719</wtPerLen><odDrift uom="m">0</odDrift><lenFishneck uom="m">0</lenFishneck><odFishneck uom="m">0</odFishneck><thickWall uom="m">0</thickWall><typeMaterial>non-magnetic steel</typeMaterial><closePadOd uom="m">0.2039999984</closePadOd><openPadOd uom="m">0.226822</openPadOd><padLen uom="m">0.1874000062</padLen><padOffset uom="m">0.1159999966</padOffset><padWidth uom="m">0.05588</padWidth><padActivationAngle uom="rad" classification="Confidential">IC+9zU11TWfjxuNLkh01Vw==</padActivationAngle><padTotalStroke uom="m" classification="Confidential">5xG6rbXQ0a8=</padTotalStroke><pistonCount classification="Confidential">A9qAFUH4StY=</pistonCount><pistonDiameter uom="m" classification="Confidential">besMUobp9SwS4+CpT24ujg==</pistonDiameter><biasUnitFlowRestrictor uom="m">0.0238125</biasUnitFlowRestrictor><defaultFlowRestrictor uom="m">0.079375</defaultFlowRestrictor><vendor>Schlumberger</vendor><padVolume uom="m3" classification="Confidential">Kq4QjTFnbQDtuqYe/30d49q7LxPF296o</padVolume><pistonChokeDiameter uom="m" classification="Confidential">XlKj/xoDeCmpEa+ZL+B1zg==</pistonChokeDiameter><ballRadialGapFace1Upper uom="m">6E-05</ballRadialGapFace1Upper><ballRadialGapFace1Lower uom="m">5.6E-05</ballRadialGapFace1Lower><numberOfBallsFace1>0</numberOfBallsFace1><numberOfGroovesFace1>0</numberOfGroovesFace1><ballRadialGapFace2Upper uom="m">6E-05</ballRadialGapFace2Upper><ballRadialGapFace2Lower uom="m">7E-05</ballRadialGapFace2Lower><numberOfBallsFace2>0</numberOfBallsFace2><numberOfGroovesFace2>0</numberOfGroovesFace2><ballRadialGapFace3Upper uom="m">6E-05</ballRadialGapFace3Upper><ballRadialGapFace3Lower uom="m">6.5E-05</ballRadialGapFace3Lower><numberOfBallsFace3>0</numberOfBallsFace3><numberOfGroovesFace3>0</numberOfGroovesFace3></biasUnit><tempMx uom="K">423.150000000005</tempMx><maxTempIncreaseRate uom="degC/s">0</maxTempIncreaseRate><WobMaxHasLimit>false</WobMaxHasLimit><WobMax uom="N">0</WobMax><WobMinHasLimit>false</WobMinHasLimit><RpmMaxHasLimit>false</RpmMaxHasLimit><RpmMax uom="rad/s">0</RpmMax><RpmMinHasLimit>false</RpmMinHasLimit><FlowRateMaxHasLimit>false</FlowRateMaxHasLimit><FlowRateMax uom="m3/s">0</FlowRateMax><FlowRateMinHasLimit>false</FlowRateMinHasLimit><FlowRateMin uom="m3/s">0</FlowRateMin><TensileLoadMaxHasLimit>false</TensileLoadMaxHasLimit><OperatingTemperatureMaxHasLimit>false</OperatingTemperatureMaxHasLimit><OperatingTemperatureMax uom="K">423.150000000005</OperatingTemperatureMax><OperatingPressureMaxHasLimit>false</OperatingPressureMaxHasLimit><DlsSlidingMaxHasLimit>false</DlsSlidingMaxHasLimit><DlsRotatingMaxHasLimit>false</DlsRotatingMaxHasLimit><IsObsolete>false</IsObsolete><type>ROTARYSTEERABLE</type><SteelGrade><GradeType>G-105</GradeType></SteelGrade><Density uom="kg/m3">7860</Density><PoissonRatio>0.3</PoissonRatio><YoungsModulus uom="Pa">209945000000</YoungsModulus></cd_tubularComponent></customData></tubularComponent><tubularComponent uid="1f31cd9fec984bac8ebdee924d1ff35d"><typeTubularComp>sub-orienting</typeTubularComp><sequence>3</sequence><description>6.75" Misc. Sub</description><id uom="m">0.073025</id><od uom="m">0.168275</od><odMx uom="m">0.17145</odMx><len uom="m">1.0668</len><wtPerLen uom="kg/m">141.01795842632</wtPerLen><grade>G-105</grade><odDrift uom="m">0</odDrift><tqYield uom="J">0</tqYield><stressFatig uom="Pa">0</stressFatig><idFishneck uom="m">0</idFishneck><disp uom="m3">0</disp><configCon>bottom pin top box</configCon><torsionalStiffness uom="N/m">0</torsionalStiffness><typeMaterial>other</typeMaterial><doglegMx uom="rad/m">0</doglegMx><connection><id uom="m">0.0762</id><od uom="m">0.1143</od><len uom="m">0</len><typeThread>NC50 (4 1/2 IF)</typeThread><tqYield uom="J">0</tqYield><position>bottom</position><criticalCrossSection uom="m2">0</criticalCrossSection><presLeak uom="Pa">0</presLeak><tqMakeup uom="J">35251.2666566164</tqMakeup><customData><cd_connection xsi:schemaLocation="http://schema.slb.com/2012/WitsmlExtension cd_tubular_component.xsd" schemaVersion="1.4.1.10" xmlns="http://schema.slb.com/2012/WitsmlExtension"><stressReliefFlag>false</stressReliefFlag><gender>Pin</gender><hydrostaticTestPressure uom="Pa">0</hydrostaticTestPressure><driftDiameter uom="m">0</driftDiameter><linearWeight uom="kg/m">0</linearWeight><bsr>NaN</bsr><tensYield uom="N">0</tensYield><ApiConnectionFlag>false</ApiConnectionFlag></cd_connection></customData></connection><connection><id uom="m">0.0762</id><od uom="m">0.1143</od><len uom="m">0</len><typeThread>NC50 (4 1/2 IF)</typeThread><tqYield uom="J">0</tqYield><position>top</position><criticalCrossSection uom="m2">0</criticalCrossSection><presLeak uom="Pa">0</presLeak><tqMakeup uom="J">35251.2666566164</tqMakeup><customData><cd_connection xsi:schemaLocation="http://schema.slb.com/2012/WitsmlExtension cd_tubular_component.xsd" schemaVersion="1.4.1.10" xmlns="http://schema.slb.com/2012/WitsmlExtension"><stressReliefFlag>false</stressReliefFlag><gender>Box</gender><hydrostaticTestPressure uom="Pa">0</hydrostaticTestPressure><driftDiameter uom="m">0</driftDiameter><linearWeight uom="kg/m">0</linearWeight><bsr>NaN</bsr><tensYield uom="N">0</tensYield><ApiConnectionFlag>false</ApiConnectionFlag></cd_connection></customData></connection><customData><cd_tubularComponent xsi:schemaLocation="http://schema.slb.com/2012/WitsmlExtension cd_tubular_component.xsd" schemaVersion="1.4.1.10" xmlns="http://schema.slb.com/2012/WitsmlExtension"><numSerial /><name>6.75" Misc. Sub</name><catalogUid /><weight uom="kg">150.437957822402</weight><tensYield uom="N">0</tensYield><MagneticPoleStrength uom="Wb">0</MagneticPoleStrength><otherMaterial>monel</otherMaterial><thermalconductivity uom="W/(m.K)">26</thermalconductivity><anisotropyRating uom="">-999.25</anisotropyRating><thermalExpansionCoefficient uom="1/K">-999.25</thermalExpansionCoefficient><specheatcapacity uom="J/(kg.K)">430</specheatcapacity><NonMagFlag>true</NonMagFlag><subType /><maxMakeUpTorque uom="J">0</maxMakeUpTorque><maxDoglegSliding uom="rad/m">0</maxDoglegSliding><WobMaxHasLimit>false</WobMaxHasLimit><WobMinHasLimit>false</WobMinHasLimit><RpmMaxHasLimit>false</RpmMaxHasLimit><RpmMinHasLimit>false</RpmMinHasLimit><FlowRateMaxHasLimit>false</FlowRateMaxHasLimit><FlowRateMinHasLimit>false</FlowRateMinHasLimit><TensileLoadMaxHasLimit>false</TensileLoadMaxHasLimit><OperatingTemperatureMaxHasLimit>false</OperatingTemperatureMaxHasLimit><OperatingPressureMaxHasLimit>false</OperatingPressureMaxHasLimit><DlsSlidingMaxHasLimit>false</DlsSlidingMaxHasLimit><DlsRotatingMaxHasLimit>false</DlsRotatingMaxHasLimit><IsObsolete>false</IsObsolete><type>MISCSUB</type><type>Drill_Sub</type><miscSubType>UBHO Sub</miscSubType><Remarks>6.75" Misc. Sub</Remarks><SteelGrade><GradeType>G-105</GradeType></SteelGrade><Density uom="kg/m3">7860</Density><PoissonRatio>0.3</PoissonRatio><YoungsModulus uom="Pa">209945000000</YoungsModulus></cd_tubularComponent></customData></tubularComponent><tubularComponent uid="d38f8b1005d5473fba96b62b351b1002"><typeTubularComp>MWD pulser</typeTubularComp><sequence>4</sequence><description>CLPS 675</description><id uom="m">0.073025</id><od uom="m">0.1741805</od><odMx uom="m">0.1753108</odMx><len uom="m">1.2192</len><wtPerLen uom="kg/m">131.107243428478</wtPerLen><grade>G-105</grade><odDrift uom="m">0</odDrift><tqYield uom="J">0</tqYield><stressFatig uom="Pa">0</stressFatig><lenFishneck uom="m">0.539496</lenFishneck><idFishneck uom="m">0</idFishneck><odFishneck uom="m">0.1753108</odFishneck><disp uom="m3">0</disp><configCon>bottom pin top box</configCon><torsionalStiffness uom="N/m">0</torsionalStiffness><typeMaterial>non-magnetic steel</typeMaterial><doglegMx uom="rad/m">0.00858921875981461</doglegMx><model>CLPS 675</model><connection><id uom="m">0.071374</id><od uom="m">0.1753108</od><len uom="m">0</len><typeThread>NC50 (4 1/2 IF)</typeThread><tqYield uom="J">0</tqYield><position>bottom</position><criticalCrossSection uom="m2">0</criticalCrossSection><presLeak uom="Pa">0</presLeak><tqMakeup uom="J">35251.2666566164</tqMakeup><customData><cd_connection xsi:schemaLocation="http://schema.slb.com/2012/WitsmlExtension cd_tubular_component.xsd" schemaVersion="1.4.1.10" xmlns="http://schema.slb.com/2012/WitsmlExtension"><stressReliefFlag>false</stressReliefFlag><gender>Pin</gender><hydrostaticTestPressure uom="Pa">0</hydrostaticTestPressure><driftDiameter uom="m">0</driftDiameter><linearWeight uom="kg/m">0</linearWeight><bsr>NaN</bsr><tensYield uom="N">0</tensYield><ApiConnectionFlag>false</ApiConnectionFlag></cd_connection></customData></connection><connection><id uom="m">0.071374</id><od uom="m">0.1753108</od><len uom="m">0</len><typeThread>NC50 (4 1/2 IF)</typeThread><tqYield uom="J">0</tqYield><position>top</position><criticalCrossSection uom="m2">0</criticalCrossSection><presLeak uom="Pa">0</presLeak><tqMakeup uom="J">35251.2666566164</tqMakeup><customData><cd_connection xsi:schemaLocation="http://schema.slb.com/2012/WitsmlExtension cd_tubular_component.xsd" schemaVersion="1.4.1.10" xmlns="http://schema.slb.com/2012/WitsmlExtension"><stressReliefFlag>false</stressReliefFlag><gender>Box</gender><hydrostaticTestPressure uom="Pa">0</hydrostaticTestPressure><driftDiameter uom="m">0</driftDiameter><linearWeight uom="kg/m">0</linearWeight><bsr>NaN</bsr><tensYield uom="N">0</tensYield><ApiConnectionFlag>false</ApiConnectionFlag></cd_connection></customData></connection><mwdTool><flowrateMn uom="m3/s">0</flowrateMn><flowrateMx uom="m3/s">0.0315451</flowrateMx><tempMx uom="K">423.150000000005</tempMx><idEquv uom="m">0</idEquv><customData><cd_mwdTool xsi:schemaLocation="http://schema.slb.com/2012/WitsmlExtension cd_tubular_component.xsd" schemaVersion="1.4.1.10" xmlns="http://schema.slb.com/2012/WitsmlExtension"><pressureDropCoef>136929</pressureDropCoef><linearPressureDropCoefficient uom="kg/(m4.s)">0</linearPressureDropCoefficient><constantPressureDropCoefficient uom="Pa">0</constantPressureDropCoefficient><distToReadOutPort uom="m">0.3048</distToReadOutPort><maxTempIncreaseRate uom="degC/s">0</maxTempIncreaseRate><IsSinglePower>false</IsSinglePower></cd_mwdTool></customData></mwdTool><customData><cd_tubularComponent xsi:schemaLocation="http://schema.slb.com/2012/WitsmlExtension cd_tubular_component.xsd" schemaVersion="1.4.1.10" xmlns="http://schema.slb.com/2012/WitsmlExtension"><numSerial /><name>CLPS 675</name><catalogUid /><weight uom="kg">159.845951188</weight><tensYield uom="N">0</tensYield><MagneticPoleStrength uom="Wb">0</MagneticPoleStrength><thermalconductivity uom="W/(m.K)">42.7</thermalconductivity><anisotropyRating uom="">1</anisotropyRating><thermalExpansionCoefficient uom="1/K">1.24E-05</thermalExpansionCoefficient><specheatcapacity uom="J/(kg.K)">473</specheatcapacity><NonMagFlag>true</NonMagFlag><subType /><maxMakeUpTorque uom="J">0</maxMakeUpTorque><maxDoglegSliding uom="rad/m">0.0114522916797528</maxDoglegSliding><WobMaxHasLimit>false</WobMaxHasLimit><WobMinHasLimit>false</WobMinHasLimit><RpmMaxHasLimit>false</RpmMaxHasLimit><RpmMinHasLimit>false</RpmMinHasLimit><FlowRateMaxHasLimit>false</FlowRateMaxHasLimit><FlowRateMax uom="m3/s">0.0315451</FlowRateMax><FlowRateMinHasLimit>false</FlowRateMinHasLimit><FlowRateMin uom="m3/s">0</FlowRateMin><TensileLoadMaxHasLimit>false</TensileLoadMaxHasLimit><OperatingTemperatureMaxHasLimit>false</OperatingTemperatureMaxHasLimit><OperatingTemperatureMax uom="K">423.150000000005</OperatingTemperatureMax><OperatingPressureMaxHasLimit>false</OperatingPressureMaxHasLimit><DlsSlidingMaxHasLimit>false</DlsSlidingMaxHasLimit><DlsRotatingMaxHasLimit>false</DlsRotatingMaxHasLimit><IsObsolete>false</IsObsolete><type>MWD</type><Remarks>CLPS 675</Remarks><SteelGrade><GradeType>G-105</GradeType></SteelGrade><Density uom="kg/m3">7860</Density><PoissonRatio>0.3</PoissonRatio><YoungsModulus uom="Pa">209945000000</YoungsModulus></cd_tubularComponent></customData></tubularComponent><tubularComponent uid="b5dd5819f50f4775957e563d810855d7"><typeTubularComp>MWD pulser</typeTubularComp><sequence>5</sequence><description>SlimPulse 675 - Bat. On top</description><id uom="m">0.073025</id><od uom="m">0.17145</od><odMx uom="m">0.174498</odMx><len uom="m">9.144</len><wtPerLen uom="kg/m">150.259913382218</wtPerLen><grade>G-105</grade><odDrift uom="m">0</odDrift><tqYield uom="J">0</tqYield><stressFatig uom="Pa">0</stressFatig><idFishneck uom="m">0</idFishneck><disp uom="m3">0</disp><wearWall uom="%">1.435</wearWall><configCon>bottom pin top box</configCon><torsionalStiffness uom="N/m">0</torsionalStiffness><typeMaterial>non-magnetic steel</typeMaterial><doglegMx uom="rad/m">0.00229045833595056</doglegMx><model>SlimPulse 675 - Battery On Top/Bottom</model><connection><id uom="m">0.098552</id><od uom="m">0.17145</od><len uom="m">0</len><typeThread>NC50 (4 1/2 IF)</typeThread><tqYield uom="J">0</tqYield><position>bottom</position><criticalCrossSection uom="m2">0</criticalCrossSection><presLeak uom="Pa">0</presLeak><tqMakeup uom="J">35251.2666566164</tqMakeup><customData><cd_connection xsi:schemaLocation="http://schema.slb.com/2012/WitsmlExtension cd_tubular_component.xsd" schemaVersion="1.4.1.10" xmlns="http://schema.slb.com/2012/WitsmlExtension"><stressReliefFlag>false</stressReliefFlag><gender>Pin</gender><hydrostaticTestPressure uom="Pa">0</hydrostaticTestPressure><driftDiameter uom="m">0</driftDiameter><linearWeight uom="kg/m">0</linearWeight><bsr>NaN</bsr><tensYield uom="N">0</tensYield><ApiConnectionFlag>false</ApiConnectionFlag></cd_connection></customData></connection><connection><id uom="m">0.098552</id><od uom="m">0.17145</od><len uom="m">0</len><typeThread>NC50 (4 1/2 IF)</typeThread><tqYield uom="J">0</tqYield><position>top</position><criticalCrossSection uom="m2">0</criticalCrossSection><presLeak uom="Pa">0</presLeak><tqMakeup uom="J">37962.9025532792</tqMakeup><customData><cd_connection xsi:schemaLocation="http://schema.slb.com/2012/WitsmlExtension cd_tubular_component.xsd" schemaVersion="1.4.1.10" xmlns="http://schema.slb.com/2012/WitsmlExtension"><stressReliefFlag>false</stressReliefFlag><gender>Box</gender><hydrostaticTestPressure uom="Pa">0</hydrostaticTestPressure><driftDiameter uom="m">0</driftDiameter><linearWeight uom="kg/m">0</linearWeight><bsr>NaN</bsr><tensYield uom="N">0</tensYield><ApiConnectionFlag>false</ApiConnectionFlag></cd_connection></customData></connection><mwdTool><flowrateMn uom="m3/s">0.004416314</flowrateMn><flowrateMx uom="m3/s">0.048579454</flowrateMx><tempMx uom="K">423.150000000005</tempMx><idEquv uom="m">0</idEquv><sensor><offsetBot uom="m">3.5052</offsetBot><customData><cd_sensor xsi:schemaLocation="http://schema.slb.com/2012/WitsmlExtension cd_tubular_component.xsd" schemaVersion="1.4.1.10" xmlns="http://schema.slb.com/2012/WitsmlExtension"><typeMeasurement>azimuth</typeMeasurement></cd_sensor></customData></sensor><sensor><offsetBot uom="m">4.4196</offsetBot><customData><cd_sensor xsi:schemaLocation="http://schema.slb.com/2012/WitsmlExtension cd_tubular_component.xsd" schemaVersion="1.4.1.10" xmlns="http://schema.slb.com/2012/WitsmlExtension"><typeMeasurement>MWD Gamma Ray</typeMeasurement></cd_sensor></customData></sensor><customData><cd_mwdTool xsi:schemaLocation="http://schema.slb.com/2012/WitsmlExtension cd_tubular_component.xsd" schemaVersion="1.4.1.10" xmlns="http://schema.slb.com/2012/WitsmlExtension"><pressureDropCoef>7500</pressureDropCoef><linearPressureDropCoefficient uom="kg/(m4.s)">0</linearPressureDropCoefficient><constantPressureDropCoefficient uom="Pa">0</constantPressureDropCoefficient><distToReadOutPort uom="m">0</distToReadOutPort><maxTempIncreaseRate uom="degC/s">0</maxTempIncreaseRate><IsSinglePower>false</IsSinglePower></cd_mwdTool></customData></mwdTool><customData><cd_tubularComponent xsi:schemaLocation="http://schema.slb.com/2012/WitsmlExtension cd_tubular_component.xsd" schemaVersion="1.4.1.10" xmlns="http://schema.slb.com/2012/WitsmlExtension"><numSerial /><name>SlimPulse 675 - Bat. On top</name><catalogUid /><weight uom="kg">1373.976647967</weight><tensYield uom="N">0</tensYield><MagneticPoleStrength uom="Wb">0</MagneticPoleStrength><thermalconductivity uom="W/(m.K)">42.7</thermalconductivity><anisotropyRating uom="">1</anisotropyRating><thermalExpansionCoefficient uom="1/K">1.24E-05</thermalExpansionCoefficient><specheatcapacity uom="J/(kg.K)">473</specheatcapacity><NonMagFlag>true</NonMagFlag><subType /><maxMakeUpTorque uom="J">0</maxMakeUpTorque><maxDoglegSliding uom="rad/m">0.00858921875981461</maxDoglegSliding><WobMaxHasLimit>false</WobMaxHasLimit><WobMinHasLimit>false</WobMinHasLimit><RpmMaxHasLimit>false</RpmMaxHasLimit><RpmMinHasLimit>false</RpmMinHasLimit><FlowRateMaxHasLimit>false</FlowRateMaxHasLimit><FlowRateMax uom="m3/s">0.048579454</FlowRateMax><FlowRateMinHasLimit>false</FlowRateMinHasLimit><FlowRateMin uom="m3/s">0.004416314</FlowRateMin><TensileLoadMaxHasLimit>false</TensileLoadMaxHasLimit><OperatingTemperatureMaxHasLimit>false</OperatingTemperatureMaxHasLimit><OperatingTemperatureMax uom="K">423.150000000005</OperatingTemperatureMax><OperatingPressureMaxHasLimit>false</OperatingPressureMaxHasLimit><DlsSlidingMaxHasLimit>false</DlsSlidingMaxHasLimit><DlsRotatingMaxHasLimit>false</DlsRotatingMaxHasLimit><IsObsolete>false</IsObsolete><type>MWD</type><Remarks>SlimPulse 675 - Bat. On top</Remarks><SteelGrade><GradeType>G-105</GradeType></SteelGrade><Density uom="kg/m3">7860</Density><PoissonRatio>0.3</PoissonRatio><YoungsModulus uom="Pa">209945000000</YoungsModulus></cd_tubularComponent></customData></tubularComponent><tubularComponent uid="7635eacbec2d4a4899dbee9b5cb66c45"><typeTubularComp>sub-orienting</typeTubularComp><sequence>6</sequence><description>6.75" Misc. Sub</description><id uom="m">0.0714375</id><od uom="m">0.17145</od><odMx uom="m">0.17145</odMx><len uom="m">0.9144</len><wtPerLen uom="kg/m">149.042992616151</wtPerLen><grade>G-105</grade><odDrift uom="m">0</odDrift><tqYield uom="J">0</tqYield><stressFatig uom="Pa">0</stressFatig><idFishneck uom="m">0</idFishneck><disp uom="m3">0</disp><configCon>bottom pin top box</configCon><torsionalStiffness uom="N/m">0</torsionalStiffness><typeMaterial>non-magnetic steel</typeMaterial><doglegMx uom="rad/m">0</doglegMx><model>6.75" UBHO Sub</model><connection><id uom="m">0.0714375</id><od uom="m">0.1143</od><len uom="m">0</len><typeThread>NC50 (4 1/2 IF)</typeThread><tqYield uom="J">0</tqYield><position>bottom</position><criticalCrossSection uom="m2">0</criticalCrossSection><presLeak uom="Pa">0</presLeak><tqMakeup uom="J">37962.9025532792</tqMakeup><customData><cd_connection xsi:schemaLocation="http://schema.slb.com/2012/WitsmlExtension cd_tubular_component.xsd" schemaVersion="1.4.1.10" xmlns="http://schema.slb.com/2012/WitsmlExtension"><stressReliefFlag>false</stressReliefFlag><gender>Pin</gender><hydrostaticTestPressure uom="Pa">0</hydrostaticTestPressure><driftDiameter uom="m">0</driftDiameter><linearWeight uom="kg/m">0</linearWeight><bsr>NaN</bsr><tensYield uom="N">0</tensYield><ApiConnectionFlag>false</ApiConnectionFlag></cd_connection></customData></connection><connection><id uom="m">0.0714375</id><od uom="m">0.1143</od><len uom="m">0</len><typeThread>NC50 (4 1/2 IF)</typeThread><tqYield uom="J">0</tqYield><position>top</position><criticalCrossSection uom="m2">0</criticalCrossSection><presLeak uom="Pa">0</presLeak><tqMakeup uom="J">35251.2666566164</tqMakeup><customData><cd_connection xsi:schemaLocation="http://schema.slb.com/2012/WitsmlExtension cd_tubular_component.xsd" schemaVersion="1.4.1.10" xmlns="http://schema.slb.com/2012/WitsmlExtension"><stressReliefFlag>false</stressReliefFlag><gender>Box</gender><hydrostaticTestPressure uom="Pa">0</hydrostaticTestPressure><driftDiameter uom="m">0</driftDiameter><linearWeight uom="kg/m">0</linearWeight><bsr>NaN</bsr><tensYield uom="N">0</tensYield><ApiConnectionFlag>false</ApiConnectionFlag></cd_connection></customData></connection><customData><cd_tubularComponent xsi:schemaLocation="http://schema.slb.com/2012/WitsmlExtension cd_tubular_component.xsd" schemaVersion="1.4.1.10" xmlns="http://schema.slb.com/2012/WitsmlExtension"><numSerial /><name>6.75" Misc. Sub</name><catalogUid /><weight uom="kg">136.284912901801</weight><tensYield uom="N">0</tensYield><MagneticPoleStrength uom="Wb">0</MagneticPoleStrength><thermalconductivity uom="W/(m.K)">42.7</thermalconductivity><anisotropyRating uom="">1</anisotropyRating><thermalExpansionCoefficient uom="1/K">1.24E-05</thermalExpansionCoefficient><specheatcapacity uom="J/(kg.K)">473</specheatcapacity><NonMagFlag>true</NonMagFlag><subType /><maxMakeUpTorque uom="J">0</maxMakeUpTorque><maxDoglegSliding uom="rad/m">0</maxDoglegSliding><WobMaxHasLimit>false</WobMaxHasLimit><WobMinHasLimit>false</WobMinHasLimit><RpmMaxHasLimit>false</RpmMaxHasLimit><RpmMinHasLimit>false</RpmMinHasLimit><FlowRateMaxHasLimit>false</FlowRateMaxHasLimit><FlowRateMinHasLimit>false</FlowRateMinHasLimit><TensileLoadMaxHasLimit>false</TensileLoadMaxHasLimit><OperatingTemperatureMaxHasLimit>false</OperatingTemperatureMaxHasLimit><OperatingPressureMaxHasLimit>false</OperatingPressureMaxHasLimit><DlsSlidingMaxHasLimit>false</DlsSlidingMaxHasLimit><DlsRotatingMaxHasLimit>false</DlsRotatingMaxHasLimit><IsObsolete>false</IsObsolete><type>MISCSUB</type><type>Drill_Sub</type><miscSubType>UBHO Sub</miscSubType><Remarks>6.75" Misc. Sub</Remarks><SteelGrade><GradeType>G-105</GradeType></SteelGrade><Density uom="kg/m3">7860</Density><PoissonRatio>0.3</PoissonRatio><YoungsModulus uom="Pa">209945000000</YoungsModulus></cd_tubularComponent></customData></tubularComponent><tubularComponent uid="b50cb0d01bfb4cff99e7f98dda19251b"><typeTubularComp>sub-crossover</typeTubularComp><sequence>7</sequence><description>6.75" Misc. Sub</description><id uom="m">0.08255</id><od uom="m">0.17145</od><odMx uom="m">0.17145</odMx><len uom="m">0.9144</len><wtPerLen uom="kg/m">138.543958790169</wtPerLen><grade>G-105</grade><odDrift uom="m">0</odDrift><stressFatig uom="Pa">0</stressFatig><idFishneck uom="m">0</idFishneck><disp uom="m3">0</disp><configCon>bottom pin top box</configCon><torsionalStiffness uom="N/m">0</torsionalStiffness><typeMaterial>steel</typeMaterial><doglegMx uom="rad/m">0</doglegMx><connection><id uom="m">0.05715</id><od uom="m">0.1143</od><len uom="m">0</len><typeThread>NC50 (4 1/2 IF)</typeThread><position>bottom</position><criticalCrossSection uom="m2">0</criticalCrossSection><presLeak uom="Pa">0</presLeak><tqMakeup uom="J">35251.2666566164</tqMakeup><customData><cd_connection xsi:schemaLocation="http://schema.slb.com/2012/WitsmlExtension cd_tubular_component.xsd" schemaVersion="1.4.1.10" xmlns="http://schema.slb.com/2012/WitsmlExtension"><stressReliefFlag>false</stressReliefFlag><gender>Pin</gender><hydrostaticTestPressure uom="Pa">0</hydrostaticTestPressure><driftDiameter uom="m">0</driftDiameter><linearWeight uom="kg/m">0</linearWeight><bsr>NaN</bsr><ApiConnectionFlag>false</ApiConnectionFlag></cd_connection></customData></connection><connection><id uom="m">0.05715</id><od uom="m">0.1143</od><len uom="m">0</len><typeThread>NC50 (4 1/2 IF)</typeThread><position>top</position><criticalCrossSection uom="m2">0</criticalCrossSection><presLeak uom="Pa">0</presLeak><tqMakeup uom="J">35251.2666566164</tqMakeup><customData><cd_connection xsi:schemaLocation="http://schema.slb.com/2012/WitsmlExtension cd_tubular_component.xsd" schemaVersion="1.4.1.10" xmlns="http://schema.slb.com/2012/WitsmlExtension"><stressReliefFlag>false</stressReliefFlag><gender>Box</gender><hydrostaticTestPressure uom="Pa">0</hydrostaticTestPressure><driftDiameter uom="m">0</driftDiameter><linearWeight uom="kg/m">0</linearWeight><bsr>NaN</bsr><ApiConnectionFlag>false</ApiConnectionFlag></cd_connection></customData></connection><customData><cd_tubularComponent xsi:schemaLocation="http://schema.slb.com/2012/WitsmlExtension cd_tubular_component.xsd" schemaVersion="1.4.1.10" xmlns="http://schema.slb.com/2012/WitsmlExtension"><numSerial /><name>6.75" Misc. Sub</name><catalogUid /><weight uom="kg">126.684595917731</weight><MagneticPoleStrength uom="Wb">0</MagneticPoleStrength><thermalconductivity uom="W/(m.K)">42.7</thermalconductivity><anisotropyRating uom="">1</anisotropyRating><thermalExpansionCoefficient uom="1/K">1.24E-05</thermalExpansionCoefficient><specheatcapacity uom="J/(kg.K)">473</specheatcapacity><NonMagFlag>false</NonMagFlag><subType /><maxMakeUpTorque uom="J">0</maxMakeUpTorque><maxDoglegSliding uom="rad/m">0</maxDoglegSliding><WobMaxHasLimit>false</WobMaxHasLimit><WobMinHasLimit>false</WobMinHasLimit><RpmMaxHasLimit>false</RpmMaxHasLimit><RpmMinHasLimit>false</RpmMinHasLimit><FlowRateMaxHasLimit>false</FlowRateMaxHasLimit><FlowRateMinHasLimit>false</FlowRateMinHasLimit><TensileLoadMaxHasLimit>false</TensileLoadMaxHasLimit><OperatingTemperatureMaxHasLimit>false</OperatingTemperatureMaxHasLimit><OperatingPressureMaxHasLimit>false</OperatingPressureMaxHasLimit><DlsSlidingMaxHasLimit>false</DlsSlidingMaxHasLimit><DlsRotatingMaxHasLimit>false</DlsRotatingMaxHasLimit><IsObsolete>false</IsObsolete><type>MISCSUB</type><type>Drill_Sub</type><miscSubType>Crossover</miscSubType><Remarks>6.75" Misc. Sub</Remarks><SteelGrade><GradeType>G-105</GradeType></SteelGrade><Density uom="kg/m3">7860</Density><PoissonRatio>0.3</PoissonRatio><YoungsModulus uom="Pa">209945000000</YoungsModulus></cd_tubularComponent></customData></tubularComponent><tubularComponent uid="3f18d0d668d542b88fe2a58420f40e0c"><typeTubularComp>stabilizer</typeTubularComp><sequence>8</sequence><description>6 3/4" OD</description><id uom="m">0.073025</id><od uom="m">0.17145</od><odMx uom="m">0.20955</odMx><len uom="m">1.8288</len><wtPerLen uom="kg/m">147.6258632021</wtPerLen><grade>G-105</grade><odDrift uom="m">0</odDrift><stressFatig uom="Pa">0</stressFatig><idFishneck uom="m">0</idFishneck><disp uom="m3">0</disp><wearWall uom="%">1.9375</wearWall><configCon>bottom pin top box</configCon><torsionalStiffness uom="N/m">0</torsionalStiffness><typeMaterial>non-magnetic steel</typeMaterial><doglegMx uom="rad/m">0</doglegMx><model>6 3/4" OD</model><connection><id uom="m">0.073025</id><od uom="m">0.17145</od><len uom="m">0</len><typeThread>NC50 (4 1/2 IF)</typeThread><position>bottom</position><criticalCrossSection uom="m2">0</criticalCrossSection><presLeak uom="Pa">0</presLeak><tqMakeup uom="J">35251.2666566164</tqMakeup><customData><cd_connection xsi:schemaLocation="http://schema.slb.com/2012/WitsmlExtension cd_tubular_component.xsd" schemaVersion="1.4.1.10" xmlns="http://schema.slb.com/2012/WitsmlExtension"><stressReliefFlag>false</stressReliefFlag><gender>Pin</gender><hydrostaticTestPressure uom="Pa">0</hydrostaticTestPressure><driftDiameter uom="m">0</driftDiameter><linearWeight uom="kg/m">0</linearWeight><bsr>NaN</bsr><ApiConnectionFlag>false</ApiConnectionFlag></cd_connection></customData></connection><connection><id uom="m">0.073025</id><od uom="m">0.17145</od><len uom="m">0</len><typeThread>4-1/2 IF</typeThread><position>top</position><criticalCrossSection uom="m2">0</criticalCrossSection><presLeak uom="Pa">0</presLeak><tqMakeup uom="J">35251.2666566164</tqMakeup><customData><cd_connection xsi:schemaLocation="http://schema.slb.com/2012/WitsmlExtension cd_tubular_component.xsd" schemaVersion="1.4.1.10" xmlns="http://schema.slb.com/2012/WitsmlExtension"><stressReliefFlag>false</stressReliefFlag><gender>Box</gender><hydrostaticTestPressure uom="Pa">0</hydrostaticTestPressure><driftDiameter uom="m">0</driftDiameter><linearWeight uom="kg/m">0</linearWeight><bsr>NaN</bsr><ApiConnectionFlag>false</ApiConnectionFlag></cd_connection></customData></connection><stabilizer><lenBlade uom="m">0.6096</lenBlade><lenBladeGauge uom="m">0</lenBladeGauge><odBladeMx uom="m">0.20955</odBladeMx><odBladeMn uom="m">0</odBladeMn><distBladeBot uom="m">0.15239999999999998</distBladeBot><shapeBlade>spiral</shapeBlade><typeBlade>integral</typeBlade><customData><cd_stabilizer xsi:schemaLocation="http://schema.slb.com/2012/WitsmlExtension cd_tubular_component.xsd" schemaVersion="1.4.1.10" xmlns="http://schema.slb.com/2012/WitsmlExtension"><gaugeLength uom="m">0</gaugeLength><bladeCount>3</bladeCount><bladeHeight uom="m">0</bladeHeight><bladeWidth uom="m">0</bladeWidth><bladeHeightOpenPosition uom="m">0</bladeHeightOpenPosition><bladeSpiral uom="rad">0</bladeSpiral><materialType>steel</materialType><nonMagFlag>false</nonMagFlag><MagneticPoleStrength uom="Wb">0</MagneticPoleStrength><BladeAlignType>none</BladeAlignType><BladeProfileType>square</BladeProfileType></cd_stabilizer></customData></stabilizer><customData><cd_tubularComponent xsi:schemaLocation="http://schema.slb.com/2012/WitsmlExtension cd_tubular_component.xsd" schemaVersion="1.4.1.10" xmlns="http://schema.slb.com/2012/WitsmlExtension"><numSerial /><name>6 3/4" OD</name><catalogUid /><weight uom="kg">269.978178624</weight><MagneticPoleStrength uom="Wb">0</MagneticPoleStrength><thermalconductivity uom="W/(m.K)">42.7</thermalconductivity><anisotropyRating uom="">1</anisotropyRating><thermalExpansionCoefficient uom="1/K">1.24E-05</thermalExpansionCoefficient><specheatcapacity uom="J/(kg.K)">473</specheatcapacity><NonMagFlag>true</NonMagFlag><subType /><maxMakeUpTorque uom="J">0</maxMakeUpTorque><maxDoglegSliding uom="rad/m">0</maxDoglegSliding><WobMaxHasLimit>false</WobMaxHasLimit><WobMinHasLimit>false</WobMinHasLimit><RpmMaxHasLimit>false</RpmMaxHasLimit><RpmMinHasLimit>false</RpmMinHasLimit><FlowRateMaxHasLimit>false</FlowRateMaxHasLimit><FlowRateMinHasLimit>false</FlowRateMinHasLimit><TensileLoadMaxHasLimit>false</TensileLoadMaxHasLimit><OperatingTemperatureMaxHasLimit>false</OperatingTemperatureMaxHasLimit><OperatingPressureMaxHasLimit>false</OperatingPressureMaxHasLimit><DlsSlidingMaxHasLimit>false</DlsSlidingMaxHasLimit><DlsRotatingMaxHasLimit>false</DlsRotatingMaxHasLimit><IsObsolete>false</IsObsolete><type>STABILIZER</type><Remarks>6 3/4" OD</Remarks><SteelGrade><GradeType>G-105</GradeType></SteelGrade><Density uom="kg/m3">7860</Density><PoissonRatio>0.3</PoissonRatio><YoungsModulus uom="Pa">209945000000</YoungsModulus></cd_tubularComponent></customData></tubularComponent><tubularComponent uid="8356eaecaddc4fe8b26d51e0a20c28bd"><typeTubularComp>motor</typeTubularComp><sequence>9</sequence><description>7.00 DynaForce 675 7/8 5.0 Vortex</description><id uom="m">0.1397</id><od uom="m">0.17145</od><odMx uom="m">0.212725</odMx><len uom="m">7.8461616</len><wtPerLen uom="kg/m">136.641405179365</wtPerLen><grade>4330V</grade><configCon>bottom pin top box</configCon><typeMaterial>steel</typeMaterial><vendor>Schlumberger</vendor><model>7.00 DynaForce 675 7/8 5.0 Vortex</model><connection><id uom="m">0.0762</id><od uom="m">0.17145</od><typeThread>4-1/2 IF</typeThread><position>bottom</position><tqMakeup uom="J">35251.2666566164</tqMakeup><customData><cd_connection xsi:schemaLocation="http://schema.slb.com/2012/WitsmlExtension cd_tubular_component.xsd" schemaVersion="1.4.1.10" xmlns="http://schema.slb.com/2012/WitsmlExtension"><stressReliefFlag>false</stressReliefFlag><gender>Pin</gender><bsr>NaN</bsr><ApiConnectionFlag>false</ApiConnectionFlag></cd_connection></customData></connection><connection><id uom="m">0.0762</id><od uom="m">0.17145</od><typeThread>4-1/2 IF</typeThread><position>top</position><tqMakeup uom="J">35251.2666566164</tqMakeup><customData><cd_connection xsi:schemaLocation="http://schema.slb.com/2012/WitsmlExtension cd_tubular_component.xsd" schemaVersion="1.4.1.10" xmlns="http://schema.slb.com/2012/WitsmlExtension"><stressReliefFlag>false</stressReliefFlag><gender>Box</gender><bsr>NaN</bsr><ApiConnectionFlag>false</ApiConnectionFlag></cd_connection></customData></connection><motor><flowrateMn uom="m3/s">0.01892706</flowrateMn><flowrateMx uom="m3/s">0.03785412</flowrateMx><lobesRotor>7</lobesRotor><lobesStator>8</lobesStator><typeBearing>unknown</typeBearing><rotorCatcher>false</rotorCatcher><dumpValve>false</dumpValve><rotatable>false</rotatable><customData><cd_motor xsi:schemaLocation="http://schema.slb.com/2012/WitsmlExtension cd_tubular_component.xsd" schemaVersion="1.4.1.10" xmlns="http://schema.slb.com/2012/WitsmlExtension"><stages>5</stages><statorStageLength uom="m">0.9118601016</statorStageLength><fullLoad uom="Pa">3447378.64658418</fullLoad><stageMajorDiameter uom="m">0.1272032</stageMajorDiameter><a>111.578947368421</a><b>0</b><c>9.1578947368421</c><d>0</d><e>-12.9969696972117</e><f>0.300666666624014</f><g>0.0415416666685121</g><h>-3.583333327709E-05</h><i>-4.82007575796251E-05</i><j>2.08333333312289E-08</j><k1>0</k1><k2>0</k2><k3>0</k3><linearPressureDropCoefficient uom="kg/(m4.s)">0</linearPressureDropCoefficient><constantPressureDropCoefficient uom="Pa">0</constantPressureDropCoefficient><W uom="N">7117.1545844168</W><X>0.0096774</X><Y>0.011999976</Y><BearingCapacity uom="N">0</BearingCapacity><MudLubricatedOrOilSealedBearing>0</MudLubricatedOrOilSealedBearing><MotorUpperRadialBearingClearance>0.000660400000000033</MotorUpperRadialBearingClearance><MotorLowerRadialBearingClearance>0.000609599999999988</MotorLowerRadialBearingClearance><MinHoleSize uom="m">0</MinHoleSize><MaxHoleSize uom="m">0</MaxHoleSize><StepSize uom="rad">0</StepSize><BitBoxLength uom="m">0.2286</BitBoxLength><BitBoxOutsideDiameter uom="m">0.18415</BitBoxOutsideDiameter><BitBoxMaxOutsideDiameter uom="m">0</BitBoxMaxOutsideDiameter><BitBoxInsideDiameter uom="m">0.0508</BitBoxInsideDiameter><ExternalDriveShaftLength uom="m">0</ExternalDriveShaftLength><ExternalDriveOutsideDiameter uom="m">0</ExternalDriveOutsideDiameter><ExternalDriveMaxOutsideDiameter uom="m">0</ExternalDriveMaxOutsideDiameter><ExternalDriveInsideDiameter uom="m">0</ExternalDriveInsideDiameter><BearingSectionLength uom="m">0.9147048</BearingSectionLength><PowerSectionBottomtoBend uom="m">0</PowerSectionBottomtoBend><PowerSectionLength uom="m">4.9401984</PowerSectionLength><TopSubLength uom="m">0.3557016</TopSubLength><InternalDriveShaftOutsideDiameter uom="m">0</InternalDriveShaftOutsideDiameter><InternalDriveShaftInsideDiameter uom="m">0</InternalDriveShaftInsideDiameter><InternalTransmissionOutsideDiameter uom="m">0.0762</InternalTransmissionOutsideDiameter><InternalTransmissionInsideDiameter uom="m">0</InternalTransmissionInsideDiameter><RotorInsideDiameter uom="m">0</RotorInsideDiameter><RotorMinorDiameter uom="m">0.0888238</RotorMinorDiameter><RotorMajorDiameter uom="m">0.114808</RotorMajorDiameter><RotorAverageOutsideDiameter uom="m">0.1018032</RotorAverageOutsideDiameter><RotorEccentricity uom="m">0.0065024</RotorEccentricity><ABHLength uom="m">0</ABHLength><UpperBearingLength uom="m">0.0904241016</UpperBearingLength><UpperBearingRotatingOutsideDiameter uom="m">0.1289304</UpperBearingRotatingOutsideDiameter><UpperBearingRotatingOutsideDiameterNew uom="m">0.1289304</UpperBearingRotatingOutsideDiameterNew><UpperBearingRotatingOutsideDiameterScrap uom="m">0.127762</UpperBearingRotatingOutsideDiameterScrap><UpperBearingStationaryInsideDiameter uom="m">0.1295908</UpperBearingStationaryInsideDiameter><UpperBearingStationaryInsideDiameterNew uom="m">0.1295908</UpperBearingStationaryInsideDiameterNew><UpperBearingStationaryInsideDiameterScrap uom="m">0.13081</UpperBearingStationaryInsideDiameterScrap><LowerBearingLength uom="m">0.2014218984</LowerBearingLength><LowerBearingRotatingOutsideDiameter uom="m">0.1353058</LowerBearingRotatingOutsideDiameter><LowerBearingRotatingOutsideDiameterNew uom="m">0.1353058</LowerBearingRotatingOutsideDiameterNew><LowerBearingRotatingOutsideDiameterScrap uom="m">0.134112</LowerBearingRotatingOutsideDiameterScrap><LowerBearingStationaryInsideDiameter uom="m">0.1359154</LowerBearingStationaryInsideDiameter><LowerBearingStationaryInsideDiameterNew uom="m">0.1359154</LowerBearingStationaryInsideDiameterNew><LowerBearingStationaryInsideDiameterScrap uom="m">0.1372362</LowerBearingStationaryInsideDiameterScrap><maxTempIncreaseRate uom="degC/s">0</maxTempIncreaseRate><RevPerGal uom="rad/m3">464.755721704873</RevPerGal><StatorRubberType>DynaPower HR</StatorRubberType><SubCategory>DynaForce</SubCategory><TorquePerDeltaPressure uom="N.m/Pa">0</TorquePerDeltaPressure><MudTestID>MudID1017_Ran5085061</MudTestID><MudTestMudName>Integrade</MudTestMudName><MudTestMudType>OBM</MudTestMudType><MudTestRan>5085061</MudTestRan><MudTestDate>10/7/2015</MudTestDate><MudTestLocation>Midland TX, US Land</MudTestLocation><motorPowerSection><CatalogUid>PS331260B616F5E647A3B2086A53024D34</CatalogUid><Source>DOX</Source><ModelName>675 7:8 5</ModelName><ComponentName>675 7:8 5</ComponentName><Remarks>675 7:8 5</Remarks><Manufacturer>Schlumberger</Manufacturer><MaterialType>steel</MaterialType><BusinessSystemName>675 7:8 5</BusinessSystemName><IsObsolete>false</IsObsolete><Size>675</Size><Configuration>6757850</Configuration><StatorProfileType>STD</StatorProfileType><StatorIsReversible>false</StatorIsReversible><RotorProfileType>STD</RotorProfileType><RotorType>Unknown</RotorType><WorkshopTemperature uom="K">294.150000000001</WorkshopTemperature><GeometryFactor uom="m" classification="Confidential">ehA+rduHYqVQTjs2t+pynQ==</GeometryFactor><SwellFactor uom="m" classification="Confidential">crEshs3LyyKpGWO8qdQb3w==</SwellFactor><TargetDownholeFit uom="m" classification="Confidential">MIEqX3IewSfTFagtnjrhLr+6mZ41H48u</TargetDownholeFit><FitCriteriaValue uom="m" classification="Confidential">9puYvvgHDPOei//CBNF36Q==</FitCriteriaValue><StatorHousingOutsideDiameter uom="m" classification="Confidential">Dy1Jp/hWQSA=</StatorHousingOutsideDiameter><StatorHousingInsideDiameter uom="m" classification="Confidential">vyxSYja0vg8=</StatorHousingInsideDiameter><StatorMinorDiameter uom="m">0.1012698</StatorMinorDiameter><StatorLinearWeight uom="kg/m" classification="Confidential">QIB0V0hywp6TPfb0bCjvYQ==</StatorLinearWeight><RotorLinearWeight uom="kg/m" classification="Confidential">iQsECcORt2n8bgEzVdieNA==</RotorLinearWeight><RpmMaxHasLimit>true</RpmMaxHasLimit><RpmMinHasLimit>true</RpmMinHasLimit><FlowRateMaxHasLimit>true</FlowRateMaxHasLimit><FlowRateMinHasLimit>true</FlowRateMinHasLimit><TensileLoadMaxHasLimit>true</TensileLoadMaxHasLimit><OperatingTemperatureMaxHasLimit>true</OperatingTemperatureMaxHasLimit><OperatingPressureMaxHasLimit>true</OperatingPressureMaxHasLimit><DlsSlidingMaxHasLimit>true</DlsSlidingMaxHasLimit><DlsRotatingMaxHasLimit>true</DlsRotatingMaxHasLimit><RpmMin uom="rad/s">0</RpmMin><FlowRateMax uom="m3/s">0.03785412</FlowRateMax><FlowRateMin uom="m3/s">0.01892706</FlowRateMin><IsUsePowerDesignerModel>false</IsUsePowerDesignerModel><CompSide>0.0122</CompSide></motorPowerSection><motorLowerEnd><CatalogUid>LE331260B616F5E647A3B2086A53024D34</CatalogUid><Source>DOX</Source><ModelName>7.00 DynaForce 675 7/8 5.0 Vortex</ModelName><ComponentName>7.00 DynaForce 675 7/8 5.0 Vortex</ComponentName><Remarks>7.00 DynaForce 675 7/8 5.0 Vortex</Remarks><Manufacturer>Schlumberger</Manufacturer><MaterialType>steel</MaterialType><BusinessSystemName>MOTOR ASSY 675 - DynaForce</BusinessSystemName><MaxTorque uom="N.m">40674.538449942</MaxTorque><WobMaxHasLimit>true</WobMaxHasLimit><WobMinHasLimit>true</WobMinHasLimit><WobMin uom="N">0</WobMin></motorLowerEnd><motorTransmissionSection><HousingInsideDiameter uom="m" classification="Confidential">vyxSYja0vg8=</HousingInsideDiameter><ShaftUpperEndJointType>None</ShaftUpperEndJointType><ShaftLowerEndJointType>None</ShaftLowerEndJointType></motorTransmissionSection><motorBearingSection /><motorDriveShaft /></cd_motor></customData></motor><stabilizer><lenBlade uom="m">0.2738118984</lenBlade><lenBladeGauge uom="m">0.2738118984</lenBladeGauge><odBladeMx uom="m">0.212725</odBladeMx><odBladeMn uom="m">0.212725</odBladeMn><distBladeBot uom="m">0.6208268508</distBladeBot><shapeBlade>unknown</shapeBlade><typeBlade>unknown</typeBlade><customData><cd_stabilizer xsi:schemaLocation="http://schema.slb.com/2012/WitsmlExtension cd_tubular_component.xsd" schemaVersion="1.4.1.10" xmlns="http://schema.slb.com/2012/WitsmlExtension"><gaugeLength uom="m">0.2738118984</gaugeLength><bladeCount>3</bladeCount><bladeWidth uom="m">0.0634998984</bladeWidth><bladeSpiral uom="rad">0.349065798038988</bladeSpiral><materialType>steel</materialType><nonMagFlag>false</nonMagFlag><BladeAlignType>none</BladeAlignType><BladeProfileType>square</BladeProfileType></cd_stabilizer></customData></stabilizer><bend><angle uom="rad">0</angle><distBendBot uom="m">1.2576048</distBendBot></bend><customData><cd_tubularComponent xsi:schemaLocation="http://schema.slb.com/2012/WitsmlExtension cd_tubular_component.xsd" schemaVersion="1.4.1.10" xmlns="http://schema.slb.com/2012/WitsmlExtension"><numSerial /><name>7.00 DynaForce 675 7/8 5.0 Vortex</name><catalogUid>331260B616F5E647A3B2086A53024D34</catalogUid><weight uom="kg">1072.11055197189</weight><thermalconductivity uom="W/(m.K)">42.7</thermalconductivity><anisotropyRating uom="">1</anisotropyRating><thermalExpansionCoefficient uom="1/K">1.24E-05</thermalExpansionCoefficient><specheatcapacity uom="J/(kg.K)">473</specheatcapacity><NonMagFlag>false</NonMagFlag><subType>DynaForce</subType><WobMaxHasLimit>true</WobMaxHasLimit><WobMinHasLimit>true</WobMinHasLimit><WobMin uom="N">0</WobMin><RpmMaxHasLimit>true</RpmMaxHasLimit><RpmMinHasLimit>true</RpmMinHasLimit><RpmMin uom="rad/s">0</RpmMin><FlowRateMaxHasLimit>true</FlowRateMaxHasLimit><FlowRateMax uom="m3/s">0.03785412</FlowRateMax><FlowRateMinHasLimit>true</FlowRateMinHasLimit><FlowRateMin uom="m3/s">0.01892706</FlowRateMin><TensileLoadMaxHasLimit>true</TensileLoadMaxHasLimit><OperatingTemperatureMaxHasLimit>true</OperatingTemperatureMaxHasLimit><OperatingPressureMaxHasLimit>true</OperatingPressureMaxHasLimit><DlsSlidingMaxHasLimit>true</DlsSlidingMaxHasLimit><DlsRotatingMaxHasLimit>true</DlsRotatingMaxHasLimit><IsObsolete>false</IsObsolete><type>MOTOR</type><businessSystemName>MOTOR ASSY 675 - DynaForce</businessSystemName><Remarks>7.00 DynaForce 675 7/8 5.0 Vortex</Remarks><collarsection><ParentType>PowerSection.TopSubSections</ParentType><id uom="m">0.0941578</id><od uom="m">0.17145</od><len uom="m">0.3557016</len><index>0</index><linearWeight uom="kg/m">131.57006687942</linearWeight><SectionType>Common</SectionType></collarsection><collarsection><ParentType>LowerEnd.TransmissionSection.ShaftSections</ParentType><id uom="m">0</id><od uom="m">0.0762</od><SectionType>Common</SectionType></collarsection><collarsection><ParentType>LowerEnd.DriveShaft.ShaftSections</ParentType><id uom="m">0</id><od uom="m">0</od><len uom="m">0</len><SectionType>Common</SectionType></collarsection><collarsection><ParentType>LowerEnd.DriveShaft.ShaftSections</ParentType><id uom="m">0</id><od uom="m">0</od><SectionType>Common</SectionType></collarsection><SteelGrade><CatalogUid>f012bb0e59294ca3809bacc500730c3d</CatalogUid><ComponentName>4330V</ComponentName><GradeType>4330V</GradeType></SteelGrade><Density uom="kg/m3">7860</Density><PoissonRatio>0.3</PoissonRatio><YoungsModulus uom="Pa">209945000000</YoungsModulus></cd_tubularComponent></customData></tubularComponent><tubularComponent uid="3f86fdcc85c84bf285a101208c204d7d"><typeTubularComp>stabilizer</typeTubularComp><sequence>10</sequence><description>6 3/4" OD</description><id uom="m">0.0714502</id><od uom="m">0.17145</od><odMx uom="m">0.20955</odMx><len uom="m">1.8288</len><wtPerLen uom="kg/m">147.6258632021</wtPerLen><grade>G-105</grade><odDrift uom="m">0</odDrift><stressFatig uom="Pa">0</stressFatig><idFishneck uom="m">0</idFishneck><disp uom="m3">0</disp><wearWall uom="%">1.9375</wearWall><configCon>bottom pin top box</configCon><torsionalStiffness uom="N/m">0</torsionalStiffness><typeMaterial>non-magnetic steel</typeMaterial><doglegMx uom="rad/m">0</doglegMx><model>6 3/4" OD</model><connection><id uom="m">0.073025</id><od uom="m">0.17145</od><len uom="m">0</len><typeThread>4-1/2 IF</typeThread><position>bottom</position><criticalCrossSection uom="m2">0</criticalCrossSection><presLeak uom="Pa">0</presLeak><tqMakeup uom="J">35251.2666566164</tqMakeup><customData><cd_connection xsi:schemaLocation="http://schema.slb.com/2012/WitsmlExtension cd_tubular_component.xsd" schemaVersion="1.4.1.10" xmlns="http://schema.slb.com/2012/WitsmlExtension"><stressReliefFlag>false</stressReliefFlag><gender>Pin</gender><hydrostaticTestPressure uom="Pa">0</hydrostaticTestPressure><driftDiameter uom="m">0</driftDiameter><linearWeight uom="kg/m">0</linearWeight><bsr>NaN</bsr><ApiConnectionFlag>false</ApiConnectionFlag></cd_connection></customData></connection><connection><id uom="m">0.073025</id><od uom="m">0.17145</od><len uom="m">0</len><typeThread>4-1/2 IF</typeThread><position>top</position><criticalCrossSection uom="m2">0</criticalCrossSection><presLeak uom="Pa">0</presLeak><tqMakeup uom="J">37991.3747301942</tqMakeup><customData><cd_connection xsi:schemaLocation="http://schema.slb.com/2012/WitsmlExtension cd_tubular_component.xsd" schemaVersion="1.4.1.10" xmlns="http://schema.slb.com/2012/WitsmlExtension"><stressReliefFlag>false</stressReliefFlag><gender>Box</gender><hydrostaticTestPressure uom="Pa">0</hydrostaticTestPressure><driftDiameter uom="m">0</driftDiameter><linearWeight uom="kg/m">0</linearWeight><bsr>NaN</bsr><ApiConnectionFlag>false</ApiConnectionFlag></cd_connection></customData></connection><stabilizer><lenBlade uom="m">0.6096</lenBlade><lenBladeGauge uom="m">0</lenBladeGauge><odBladeMx uom="m">0.20955</odBladeMx><odBladeMn uom="m">0</odBladeMn><distBladeBot uom="m">0.15239999999999998</distBladeBot><shapeBlade>unknown</shapeBlade><typeBlade>unknown</typeBlade><customData><cd_stabilizer xsi:schemaLocation="http://schema.slb.com/2012/WitsmlExtension cd_tubular_component.xsd" schemaVersion="1.4.1.10" xmlns="http://schema.slb.com/2012/WitsmlExtension"><gaugeLength uom="m">0</gaugeLength><bladeCount>0</bladeCount><bladeHeight uom="m">0</bladeHeight><bladeWidth uom="m">0</bladeWidth><bladeHeightOpenPosition uom="m">0</bladeHeightOpenPosition><bladeSpiral uom="rad">0</bladeSpiral><materialType>steel</materialType><nonMagFlag>false</nonMagFlag><MagneticPoleStrength uom="Wb">0</MagneticPoleStrength><BladeAlignType>none</BladeAlignType><BladeProfileType>square</BladeProfileType></cd_stabilizer></customData></stabilizer><customData><cd_tubularComponent xsi:schemaLocation="http://schema.slb.com/2012/WitsmlExtension cd_tubular_component.xsd" schemaVersion="1.4.1.10" xmlns="http://schema.slb.com/2012/WitsmlExtension"><numSerial /><name>6 3/4" OD</name><catalogUid /><weight uom="kg">269.978178624</weight><MagneticPoleStrength uom="Wb">0</MagneticPoleStrength><thermalconductivity uom="W/(m.K)">42.7</thermalconductivity><anisotropyRating uom="">1</anisotropyRating><thermalExpansionCoefficient uom="1/K">1.24E-05</thermalExpansionCoefficient><specheatcapacity uom="J/(kg.K)">473</specheatcapacity><NonMagFlag>true</NonMagFlag><subType /><maxMakeUpTorque uom="J">0</maxMakeUpTorque><maxDoglegSliding uom="rad/m">0</maxDoglegSliding><WobMaxHasLimit>false</WobMaxHasLimit><WobMinHasLimit>false</WobMinHasLimit><RpmMaxHasLimit>false</RpmMaxHasLimit><RpmMinHasLimit>false</RpmMinHasLimit><FlowRateMaxHasLimit>false</FlowRateMaxHasLimit><FlowRateMinHasLimit>false</FlowRateMinHasLimit><TensileLoadMaxHasLimit>false</TensileLoadMaxHasLimit><OperatingTemperatureMaxHasLimit>false</OperatingTemperatureMaxHasLimit><OperatingPressureMaxHasLimit>false</OperatingPressureMaxHasLimit><DlsSlidingMaxHasLimit>false</DlsSlidingMaxHasLimit><DlsRotatingMaxHasLimit>false</DlsRotatingMaxHasLimit><IsObsolete>false</IsObsolete><type>STABILIZER</type><Remarks>6 3/4" OD</Remarks><SteelGrade><GradeType>G-105</GradeType></SteelGrade><Density uom="kg/m3">7860</Density><PoissonRatio>0.3</PoissonRatio><YoungsModulus uom="Pa">209945000000</YoungsModulus></cd_tubularComponent></customData></tubularComponent><tubularComponent uid="0fc52acb8e164774accc04fe717f3054"><typeTubularComp>drill collar</typeTubularComp><sequence>11</sequence><description>6.75" Collar</description><id uom="m">0.05715</id><od uom="m">0.17145</od><odMx uom="m">0.17145</odMx><len uom="m">9.144</len><lenJointAv uom="m">9.144</lenJointAv><numJointStand>1</numJointStand><wtPerLen uom="kg/m">160.315152909604</wtPerLen><grade>G-105</grade><wearWall uom="%">2.25</wearWall><configCon>bottom pin top box</configCon><typeMaterial>steel</typeMaterial><model>COLLAR</model><connection><id uom="m">0.05715</id><od uom="m">0.17145</od><typeThread>4-1/2 IF</typeThread><position>bottom</position><tqMakeup uom="J">37991.3747301942</tqMakeup><customData><cd_connection xsi:schemaLocation="http://schema.slb.com/2012/WitsmlExtension cd_tubular_component.xsd" schemaVersion="1.4.1.10" xmlns="http://schema.slb.com/2012/WitsmlExtension"><stressReliefFlag>false</stressReliefFlag><gender>Pin</gender><bsr>NaN</bsr><ApiConnectionFlag>false</ApiConnectionFlag></cd_connection></customData></connection><connection><id uom="m">0.05715</id><od uom="m">0.17145</od><typeThread>4-1/2 IF</typeThread><position>top</position><tqMakeup uom="J">37991.3747301942</tqMakeup><customData><cd_connection xsi:schemaLocation="http://schema.slb.com/2012/WitsmlExtension cd_tubular_component.xsd" schemaVersion="1.4.1.10" xmlns="http://schema.slb.com/2012/WitsmlExtension"><stressReliefFlag>false</stressReliefFlag><gender>Box</gender><bsr>NaN</bsr><ApiConnectionFlag>false</ApiConnectionFlag></cd_connection></customData></connection><customData><cd_tubularComponent xsi:schemaLocation="http://schema.slb.com/2012/WitsmlExtension cd_tubular_component.xsd" schemaVersion="1.4.1.10" xmlns="http://schema.slb.com/2012/WitsmlExtension"><numSerial /><name>6.75" Collar</name><catalogUid>439</catalogUid><weight uom="kg">1465.92175412309</weight><tensileStrength uom="Pa">792897088.714362</tensileStrength><thermalconductivity uom="W/(m.K)">42.7</thermalconductivity><anisotropyRating uom="">1</anisotropyRating><thermalExpansionCoefficient uom="1/K">1.24E-05</thermalExpansionCoefficient><specheatcapacity uom="J/(kg.K)">473</specheatcapacity><NonMagFlag>false</NonMagFlag><subType>Drill Collar</subType><WobMaxHasLimit>false</WobMaxHasLimit><WobMinHasLimit>false</WobMinHasLimit><RpmMaxHasLimit>false</RpmMaxHasLimit><RpmMinHasLimit>false</RpmMinHasLimit><FlowRateMaxHasLimit>false</FlowRateMaxHasLimit><FlowRateMinHasLimit>false</FlowRateMinHasLimit><TensileLoadMaxHasLimit>false</TensileLoadMaxHasLimit><OperatingTemperatureMaxHasLimit>false</OperatingTemperatureMaxHasLimit><OperatingPressureMaxHasLimit>false</OperatingPressureMaxHasLimit><DlsSlidingMaxHasLimit>false</DlsSlidingMaxHasLimit><DlsRotatingMaxHasLimit>false</DlsRotatingMaxHasLimit><IsObsolete>false</IsObsolete><type>COLLAR</type><Remarks>6.75" Collar</Remarks><SteelGrade><GradeType>G-105</GradeType><TensileUltimateStress uom="Pa">792897088.714362</TensileUltimateStress><TensileYieldStress uom="Pa">723949515.782678</TensileYieldStress></SteelGrade><Density uom="kg/m3">7860</Density><PoissonRatio>0.3</PoissonRatio><YoungsModulus uom="Pa">209945000000</YoungsModulus></cd_tubularComponent></customData></tubularComponent><tubularComponent uid="c48f066ebcca429ebccbc26e83587853"><typeTubularComp>drill pipe</typeTubularComp><sequence>12</sequence><description>5" 19.50 DPS, Premium</description><id uom="m">0.1086104</id><od uom="m">0.123317</od><odMx uom="m">0.168275</odMx><len uom="m">10.0000000152</len><lenJointAv uom="m">10.0000000152</lenJointAv><numJointStand>1</numJointStand><wtPerLen uom="kg/m">33.9152562739501</wtPerLen><grade>S-135</grade><odDrift uom="m">0.123317</odDrift><tqYield uom="J">78792.004249331</tqYield><classService>Premium</classService><configCon>bottom pin top box</configCon><typeMaterial>steel</typeMaterial><model>S-135</model><connection><id uom="m">0.08255</id><od uom="m">0.168275</od><typeThread>4-1/2 IF</typeThread><tqYield uom="J">70095.7879287334</tqYield><position>bottom</position><tqMakeup uom="J">37991.3747301942</tqMakeup><customData><cd_connection xsi:schemaLocation="http://schema.slb.com/2012/WitsmlExtension cd_tubular_component.xsd" schemaVersion="1.4.1.10" xmlns="http://schema.slb.com/2012/WitsmlExtension"><stressReliefFlag>false</stressReliefFlag><gender>Pin</gender><standardizationName>NC50 (4 1/2 IF) IEU</standardizationName><upsetType>IEU</upsetType><bsr>NaN</bsr><tensYield uom="N">5644793.22976557</tensYield><ApiConnectionFlag>false</ApiConnectionFlag></cd_connection></customData></connection><connection><id uom="m">0.08255</id><od uom="m">0.168275</od><typeThread>4-1/2 IF</typeThread><tqYield uom="J">70095.7879287334</tqYield><position>top</position><tqMakeup uom="J">36335.9210152815</tqMakeup><customData><cd_connection xsi:schemaLocation="http://schema.slb.com/2012/WitsmlExtension cd_tubular_component.xsd" schemaVersion="1.4.1.10" xmlns="http://schema.slb.com/2012/WitsmlExtension"><stressReliefFlag>false</stressReliefFlag><gender>Box</gender><standardizationName>NC50 (4 1/2 IF) IEU</standardizationName><upsetType>IEU</upsetType><tensYield uom="N">5644793.22976557</tensYield><ApiConnectionFlag>false</ApiConnectionFlag></cd_connection></customData></connection><customData><cd_tubularComponent xsi:schemaLocation="http://schema.slb.com/2012/WitsmlExtension cd_tubular_component.xsd" schemaVersion="1.4.1.10" xmlns="http://schema.slb.com/2012/WitsmlExtension"><numSerial /><name>5" 19.50 DPS, Premium</name><catalogUid>22ccc1cb844743608b8c630f1b8ea210</catalogUid><weight uom="kg">339.152563159759</weight><tensYield uom="N">2494402.54585994</tensYield><tensileStrength uom="Pa">999739807.509412</tensileStrength><thermalconductivity uom="W/(m.K)">42.7</thermalconductivity><anisotropyRating uom="">1</anisotropyRating><thermalExpansionCoefficient uom="1/K">1.24E-05</thermalExpansionCoefficient><specheatcapacity uom="J/(kg.K)">473</specheatcapacity><NonMagFlag>false</NonMagFlag><subType /><WobMaxHasLimit>false</WobMaxHasLimit><WobMinHasLimit>false</WobMinHasLimit><RpmMaxHasLimit>false</RpmMaxHasLimit><RpmMinHasLimit>false</RpmMinHasLimit><FlowRateMaxHasLimit>false</FlowRateMaxHasLimit><FlowRateMinHasLimit>false</FlowRateMinHasLimit><TensileLoadMaxHasLimit>false</TensileLoadMaxHasLimit><OperatingTemperatureMaxHasLimit>false</OperatingTemperatureMaxHasLimit><OperatingPressureMaxHasLimit>false</OperatingPressureMaxHasLimit><DlsSlidingMaxHasLimit>false</DlsSlidingMaxHasLimit><DlsRotatingMaxHasLimit>false</DlsRotatingMaxHasLimit><IsObsolete>false</IsObsolete><type>DP</type><toolJointLength uom="m">0.4318</toolJointLength><toolJointNominalInsideDiameter uom="m">0.08255</toolJointNominalInsideDiameter><toolJointNominalOutsideDiameter uom="m">0.168275</toolJointNominalOutsideDiameter><Remarks>5" 19.50 DPS, Premium</Remarks><drillPipe><nominalOutsideDiameter uom="m">0.127</nominalOutsideDiameter><nominalLinearWeight uom="kg/m">29.0191968996063</nominalLinearWeight><heavyWeightFlag>false</heavyWeightFlag></drillPipe><SteelGrade><GradeType>S-135</GradeType><TensileUltimateStress uom="Pa">999739807.509412</TensileUltimateStress><TensileYieldStress uom="Pa">930792234.577729</TensileYieldStress></SteelGrade><Density uom="kg/m3">7860</Density><PoissonRatio>0.3</PoissonRatio><YoungsModulus uom="Pa">209945000000</YoungsModulus></cd_tubularComponent></customData></tubularComponent><commonData><itemState>unknown</itemState></commonData><customData><cd_tubular xsi:schemaLocation="http://schema.slb.com/2012/WitsmlExtension cd_tubular_component.xsd" schemaVersion="1.4.1.10" xmlns="http://schema.slb.com/2012/WitsmlExtension"><jobNumber /></cd_tubular></customData></tubular></tubulars>