<tubulars xsi:schemaLocation="http://www.witsml.org/schemas/1series http://w3.energistics.org/schema/WITSML_v1.4.1.1_Data_Schema/witsml_v1.4.1.1_data/xsd_schemas/obj_tubular.xsd" version="1.4.1.1" xmlns="http://www.witsml.org/schemas/1series" xmlns:xsi="http://www.w3.org/2001/XMLSchema-instance"><tubular uidWell="1ea98a07127840d4989de323b373a3b5" uidWellbore="b32c6e1f80f841f1af18ccbc41513494" uid="(9e67)-b578bd29a08e4829804380b06647ab10"><nameWell>Well01</nameWell><nameWellbore>Well01</nameWellbore><name>6.125in Contingency BHA</name><typeTubularAssy>drilling</typeTubularAssy><tubularComponent uid="8902352e0c74422580c5a832520e9eb8"><typeTubularComp>bit PDC fixed cutter</typeTubularComp><sequence>1</sequence><description>6  1/8 " Bit</description><id uom="m">0.03175</id><od uom="m">0.098425</od><odMx uom="m">0.155575</odMx><len uom="m">0.219456</len><wtPerLen uom="kg/m">98.8853006984013</wtPerLen><grade>G-105</grade><configCon>bottom pin</configCon><typeMaterial>steel</typeMaterial><vendor>Generic</vendor><model>BIT</model><bitRecord><numBit>0</numBit><diaBit uom="m">0.155575</diaBit><manufacturer>Generic</manufacturer><typeBit>unknown</typeBit><condInitInner>0</condInitInner><condInitOuter>0</condInitOuter><condInitBearing>0</condInitBearing><condFinalInner>0</condFinalInner><condFinalOuter>0</condFinalOuter><condFinalBearing>0</condFinalBearing><customData><cd_bitRecord xsi:schemaLocation="http://schema.slb.com/2012/WitsmlExtension cd_tubular_component.xsd" schemaVersion="1.4.1.9" xmlns="http://schema.slb.com/2012/WitsmlExtension"><gaugePadType>0</gaugePadType><sleeveIsUsed>false</sleeveIsUsed><topType>0</topType><bladeTopIsUsed>false</bladeTopIsUsed><loVibeIsUsed>false</loVibeIsUsed><mdocIsUsed>false</mdocIsUsed></cd_bitRecord></customData></bitRecord><areaNozzleFlow uom="m2">0.000370628810394556</areaNozzleFlow><nozzle><index>5</index><diaNozzle uom="m">0.00873125</diaNozzle><typeNozzle>unknown</typeNozzle></nozzle><nozzle><index>4</index><diaNozzle uom="m">0.00873125</diaNozzle><typeNozzle>unknown</typeNozzle></nozzle><nozzle><index>3</index><diaNozzle uom="m">0.00873125</diaNozzle><typeNozzle>unknown</typeNozzle></nozzle><nozzle><index>2</index><diaNozzle uom="m">0.00873125</diaNozzle><typeNozzle>unknown</typeNozzle></nozzle><nozzle><index>1</index><diaNozzle uom="m">0.00873125</diaNozzle><typeNozzle>unknown</typeNozzle></nozzle><nozzle><index>1</index><diaNozzle uom="m">0.009525</diaNozzle><typeNozzle>unknown</typeNozzle></nozzle><connection><id uom="m">0.03175</id><od uom="m">0.0889</od><typeThread>3-1/2 REG</typeThread><position>top</position><tqMakeup uom="J">10846.5435866512</tqMakeup><customData><cd_connection xsi:schemaLocation="http://schema.slb.com/2012/WitsmlExtension cd_tubular_component.xsd" schemaVersion="1.4.1.9" xmlns="http://schema.slb.com/2012/WitsmlExtension"><stressReliefFlag>false</stressReliefFlag><gender>Pin</gender><bsr>4.042</bsr><ApiConnectionFlag>false</ApiConnectionFlag></cd_connection></customData></connection><customData><cd_tubularComponent xsi:schemaLocation="http://schema.slb.com/2012/WitsmlExtension cd_tubular_component.xsd" schemaVersion="1.4.1.9" xmlns="http://schema.slb.com/2012/WitsmlExtension"><numSerial /><name>6  1/8 " Bit</name><catalogUid>29</catalogUid><weight uom="kg">21.7009725500684</weight><thermalconductivity uom="W/(m.K)">42.7</thermalconductivity><specheatcapacity uom="J/(kg.K)">473</specheatcapacity><diaShank uom="m">0.098425</diaShank><octalBitSize /><ProductStatus>Active</ProductStatus><Remarks>6  1/8 " Bit</Remarks><WobMaxHasLimit>false</WobMaxHasLimit><WobMinHasLimit>false</WobMinHasLimit><RpmMaxHasLimit>false</RpmMaxHasLimit><RpmMinHasLimit>false</RpmMinHasLimit><FlowRateMaxHasLimit>false</FlowRateMaxHasLimit><FlowRateMinHasLimit>false</FlowRateMinHasLimit><TensileLoadMaxHasLimit>false</TensileLoadMaxHasLimit><OperatingTemperatureMaxHasLimit>false</OperatingTemperatureMaxHasLimit><OperatingPressureMaxHasLimit>false</OperatingPressureMaxHasLimit><DlsSlidingMaxHasLimit>false</DlsSlidingMaxHasLimit><DlsRotatingMaxHasLimit>false</DlsRotatingMaxHasLimit><IsObsolete>false</IsObsolete><type>BIT</type><SteelGrade><GradeType>G-105</GradeType><TensileUltimateStress uom="Pa">792897088.714362</TensileUltimateStress><TensileYieldStress uom="Pa">723949515.782678</TensileYieldStress></SteelGrade><Density uom="kg/m3">7860</Density><PoissonRatio>0.3</PoissonRatio><YoungsModulus uom="Pa">209945000000</YoungsModulus></cd_tubularComponent></customData></tubularComponent><tubularComponent uid="0d1f359a7285454082046c175639a06d"><typeTubularComp>rotary steering tool</typeTubularComp><sequence>2</sequence><description>PD 475 Orbit 6 1/8" Slick 5.25" CC w/ Type III Pads</description><id uom="m">0.092456</id><od uom="m">0.126492</od><odMx uom="m">0.14859</odMx><len uom="m">4.1154681216</len><wtPerLen uom="kg/m">75.3044468898204</wtPerLen><grade>P550</grade><configCon>bottom box, top box</configCon><typeMaterial>non-magnetic steel</typeMaterial><doglegMx uom="rad/m">0.00581776417331443</doglegMx><vendor>Schlumberger</vendor><model>PD 475 Orbit AA 6 1/8" Slick CC</model><connection><id uom="m">0.092456</id><od uom="m">0.126492</od><typeThread>3-1/2 REG</typeThread><position>bottom</position><tqMakeup uom="J">10846.5435866512</tqMakeup><customData><cd_connection xsi:schemaLocation="http://schema.slb.com/2012/WitsmlExtension cd_tubular_component.xsd" schemaVersion="1.4.1.9" xmlns="http://schema.slb.com/2012/WitsmlExtension"><stressReliefFlag>false</stressReliefFlag><gender>Box</gender><bsr>4.042</bsr><ApiConnectionFlag>false</ApiConnectionFlag></cd_connection></customData></connection><connection><id uom="m">0.092456</id><od uom="m">0.126492</od><typeThread>NC38 (3 1/2 IF)</typeThread><position>top</position><tqMakeup uom="J">8999.99953428278</tqMakeup><customData><cd_connection xsi:schemaLocation="http://schema.slb.com/2012/WitsmlExtension cd_tubular_component.xsd" schemaVersion="1.4.1.9" xmlns="http://schema.slb.com/2012/WitsmlExtension"><stressReliefFlag>false</stressReliefFlag><gender>Box</gender><bsr>NaN</bsr><ApiConnectionFlag>false</ApiConnectionFlag></cd_connection></customData></connection><rotarySteerableTool><deflectionMethod>push bit</deflectionMethod><holeSizeMn uom="m">0.14605</holeSizeMn><holeSizeMx uom="m">0.155575</holeSizeMx><speedMx uom="rad/s">36.651914291881</speedMx><flowRateMn uom="m3/s">0.007570824</flowRateMn><flowRateMx uom="m3/s">0.022397021</flowRateMx><padCount>3</padCount><customData><cd_rotarySteerableTool xsi:schemaLocation="http://schema.slb.com/2012/WitsmlExtension cd_tubular_component.xsd" schemaVersion="1.4.1.9" xmlns="http://schema.slb.com/2012/WitsmlExtension"><readOutPortOffset uom="m">1.077640212</readOutPortOffset><IsSinglePower>false</IsSinglePower></cd_rotarySteerableTool></customData></rotarySteerableTool><customData><cd_tubularComponent xsi:schemaLocation="http://schema.slb.com/2012/WitsmlExtension cd_tubular_component.xsd" schemaVersion="1.4.1.9" xmlns="http://schema.slb.com/2012/WitsmlExtension"><numSerial /><name>PD 475 Orbit 6 1/8" Slick 5.25" CC w/ Type III Pads</name><catalogUid>C40C78C7083F0C47B9F9E70E57214BFD</catalogUid><weight uom="kg">309.913050981506</weight><MagneticPoleStrength uom="Wb">0</MagneticPoleStrength><thermalconductivity uom="W/(m.K)">42.7</thermalconductivity><anisotropyRating uom="">1</anisotropyRating><thermalExpansionCoefficient uom="1/K">1.24E-05</thermalExpansionCoefficient><specheatcapacity uom="J/(kg.K)">473</specheatcapacity><NonMagFlag>true</NonMagFlag><subType>Orbit</subType><maxDoglegSliding uom="rad/m">0.0174532925199433</maxDoglegSliding><toolSize>475</toolSize><Remarks>PD 475 Orbit AA 6 1/8" Slick CC</Remarks><controlUnit><id uom="m">0.092456</id><od uom="m">0.126492</od><odMx uom="m">0.126492</odMx><len uom="m">3.157728</len><lenJointAv uom="m">0</lenJointAv><numJointStand>1</numJointStand><wtPerLen uom="kg/m">74.4081971784777</wtPerLen><typeMaterial>non-magnetic steel</typeMaterial><pressLossFact>14500</pressLossFact><vendor>Schlumberger</vendor></controlUnit><extensionSub><id uom="m">0</id><od uom="m">0</od><len uom="m">0</len><lenJointAv uom="m">0</lenJointAv><numJointStand>1</numJointStand><typeMaterial>non-magnetic steel</typeMaterial><vendor>Schlumberger</vendor></extensionSub><biasUnit><id uom="m">0.0409999942</id><od uom="m">0.1349499968</od><odMx uom="m">0.1520000008</odMx><len uom="m">0.9577401216</len><lenJointAv uom="m">0</lenJointAv><numJointStand>1</numJointStand><wtPerLen uom="kg/m">77.2642457030417</wtPerLen><typeMaterial>non-magnetic steel</typeMaterial><closePadOd uom="m">0.151892</closePadOd><openPadOd uom="m">0.1622552</openPadOd><padLen uom="m">0.131826</padLen><padOffset uom="m">0.22987</padOffset><padWidth uom="m">0.1016</padWidth><padActivationAngle uom="rad" classification="Confidential">IC+9zU11TWfjxuNLkh01Vw==</padActivationAngle><padTotalStroke uom="m" classification="Confidential">Sg+1Ej+gR1zPKUUKy/hGSg==</padTotalStroke><pistonCount classification="Confidential">A9qAFUH4StY=</pistonCount><pistonDiameter uom="m" classification="Confidential">Gl6Nzt/Rhcmi/ajOYsI2yQ==</pistonDiameter><biasUnitFlowRestrictor uom="m">0.015875</biasUnitFlowRestrictor><vendor>Schlumberger</vendor><padVolume uom="m3" classification="Confidential">xw8riAOWywxR9LNPdiTSUDukQD2umKwf</padVolume><pistonChokeDiameter uom="m" classification="Confidential">lMLkqcAU858dN184hHJTDg==</pistonChokeDiameter></biasUnit><tempMx uom="K">423.150000000005</tempMx><WobMaxHasLimit>false</WobMaxHasLimit><WobMinHasLimit>false</WobMinHasLimit><RpmMaxHasLimit>false</RpmMaxHasLimit><RpmMax uom="rad/s">36.651914291881</RpmMax><RpmMinHasLimit>false</RpmMinHasLimit><FlowRateMaxHasLimit>false</FlowRateMaxHasLimit><FlowRateMax uom="m3/s">0.022397021</FlowRateMax><FlowRateMinHasLimit>false</FlowRateMinHasLimit><FlowRateMin uom="m3/s">0.007570824</FlowRateMin><TensileLoadMaxHasLimit>false</TensileLoadMaxHasLimit><OperatingTemperatureMaxHasLimit>false</OperatingTemperatureMaxHasLimit><OperatingTemperatureMax uom="K">423.150000000005</OperatingTemperatureMax><OperatingPressureMaxHasLimit>false</OperatingPressureMaxHasLimit><DlsSlidingMaxHasLimit>false</DlsSlidingMaxHasLimit><DlsRotatingMaxHasLimit>false</DlsRotatingMaxHasLimit><IsObsolete>false</IsObsolete><type>ROTARYSTEERABLE</type><SteelGrade><GradeType>P550</GradeType></SteelGrade><Density uom="kg/m3">7860</Density><PoissonRatio>0.3</PoissonRatio><YoungsModulus uom="Pa">209945000000</YoungsModulus></cd_tubularComponent></customData></tubularComponent><tubularComponent uid="d557898e5fc24e34a42dbfd9087f2b61"><typeTubularComp>stabilizer</typeTubularComp><sequence>3</sequence><description>4.75" NM Stab 1/8" UG w/ float &amp; hardcoating</description><id uom="m">0.0635</id><od uom="m">0.12065</od><odMx uom="m">0.1524</odMx><len uom="m">1.524</len><wtPerLen uom="kg/m">64.5863151509186</wtPerLen><grade>G-105</grade><wearWall uom="%">1.125</wearWall><configCon>bottom pin top box</configCon><typeMaterial>non-magnetic steel</typeMaterial><vendor>Schlumberger</vendor><model>Stabilizer</model><connection><id uom="m">0.0635</id><od uom="m">0.12065</od><typeThread>NC38 (3 1/2 IF)</typeThread><position>bottom</position><tqMakeup uom="J">8999.99953428278</tqMakeup><customData><cd_connection xsi:schemaLocation="http://schema.slb.com/2012/WitsmlExtension cd_tubular_component.xsd" schemaVersion="1.4.1.9" xmlns="http://schema.slb.com/2012/WitsmlExtension"><stressReliefFlag>false</stressReliefFlag><gender>Pin</gender><bsr>NaN</bsr><ApiConnectionFlag>false</ApiConnectionFlag></cd_connection></customData></connection><connection><id uom="m">0.0635</id><od uom="m">0.12065</od><typeThread>NC38 (3 1/2 IF)</typeThread><position>top</position><tqMakeup uom="J">9499.99943308639</tqMakeup><customData><cd_connection xsi:schemaLocation="http://schema.slb.com/2012/WitsmlExtension cd_tubular_component.xsd" schemaVersion="1.4.1.9" xmlns="http://schema.slb.com/2012/WitsmlExtension"><stressReliefFlag>false</stressReliefFlag><gender>Box</gender><bsr>NaN</bsr><ApiConnectionFlag>false</ApiConnectionFlag></cd_connection></customData></connection><stabilizer><lenBlade uom="m">0.5334</lenBlade><lenBladeGauge uom="m">0.2286</lenBladeGauge><odBladeMx uom="m">0.1524</odBladeMx><distBladeBot uom="m">0.4953</distBladeBot><shapeBlade>spiral</shapeBlade><typeBlade>unknown</typeBlade><customData><cd_stabilizer xsi:schemaLocation="http://schema.slb.com/2012/WitsmlExtension cd_tubular_component.xsd" schemaVersion="1.4.1.9" xmlns="http://schema.slb.com/2012/WitsmlExtension"><gaugeLength uom="m">0.2286</gaugeLength><bladeCount>0</bladeCount><bladeHeight uom="m">0</bladeHeight><bladeWidth uom="m">0</bladeWidth><bladeHeightOpenPosition uom="m">0</bladeHeightOpenPosition><bladeSpiral uom="rad">0</bladeSpiral><materialType>non-magnetic steel</materialType><nonMagFlag>true</nonMagFlag><MagneticPoleStrength uom="Wb">0</MagneticPoleStrength><BladeAlignType>none</BladeAlignType><BladeProfileType>square</BladeProfileType></cd_stabilizer></customData></stabilizer><customData><cd_tubularComponent xsi:schemaLocation="http://schema.slb.com/2012/WitsmlExtension cd_tubular_component.xsd" schemaVersion="1.4.1.9" xmlns="http://schema.slb.com/2012/WitsmlExtension"><numSerial /><name>4.75" NM Stab 1/8" UG w/ float &amp; hardcoating</name><catalogUid>6201</catalogUid><weight uom="kg">98.42954429</weight><MagneticPoleStrength uom="Wb">0</MagneticPoleStrength><thermalconductivity uom="W/(m.K)">42.7</thermalconductivity><anisotropyRating uom="">1</anisotropyRating><thermalExpansionCoefficient uom="1/K">1.24E-05</thermalExpansionCoefficient><specheatcapacity uom="J/(kg.K)">473</specheatcapacity><NonMagFlag>true</NonMagFlag><subType /><WobMaxHasLimit>false</WobMaxHasLimit><WobMinHasLimit>false</WobMinHasLimit><RpmMaxHasLimit>false</RpmMaxHasLimit><RpmMinHasLimit>false</RpmMinHasLimit><FlowRateMaxHasLimit>false</FlowRateMaxHasLimit><FlowRateMinHasLimit>false</FlowRateMinHasLimit><TensileLoadMaxHasLimit>false</TensileLoadMaxHasLimit><OperatingTemperatureMaxHasLimit>false</OperatingTemperatureMaxHasLimit><OperatingPressureMaxHasLimit>false</OperatingPressureMaxHasLimit><DlsSlidingMaxHasLimit>false</DlsSlidingMaxHasLimit><DlsRotatingMaxHasLimit>false</DlsRotatingMaxHasLimit><IsObsolete>false</IsObsolete><type>STABILIZER</type><Remarks>Stabilizer</Remarks><SteelGrade><GradeType>G-105</GradeType></SteelGrade><Density uom="kg/m3">7860</Density><PoissonRatio>0.3</PoissonRatio><YoungsModulus uom="Pa">209945000000</YoungsModulus></cd_tubularComponent></customData></tubularComponent><tubularComponent uid="4a78040cae524d26a665eba398d07335"><typeTubularComp>sub-filter</typeTubularComp><sequence>4</sequence><description>4.75" Filter Sub</description><id uom="m">0.0635</id><od uom="m">0.12065</od><odMx uom="m">0.12065</odMx><len uom="m">0.9144</len><wtPerLen uom="kg/m">64.5713814257449</wtPerLen><grade>G-105</grade><configCon>bottom pin top box</configCon><typeMaterial>steel</typeMaterial><vendor>Schlumberger</vendor><model>4.75" Misc. Sub</model><connection><id uom="m">0.0635</id><od uom="m">0.12065</od><typeThread>NC38 (3 1/2 IF)</typeThread><position>bottom</position><tqMakeup uom="J">9499.99943308639</tqMakeup><customData><cd_connection xsi:schemaLocation="http://schema.slb.com/2012/WitsmlExtension cd_tubular_component.xsd" schemaVersion="1.4.1.9" xmlns="http://schema.slb.com/2012/WitsmlExtension"><stressReliefFlag>false</stressReliefFlag><gender>Pin</gender><bsr>NaN</bsr><ApiConnectionFlag>false</ApiConnectionFlag></cd_connection></customData></connection><connection><id uom="m">0.0635</id><od uom="m">0.12065</od><typeThread>NC38 (3 1/2 IF)</typeThread><position>top</position><tqMakeup uom="J">10500.0005865115</tqMakeup><customData><cd_connection xsi:schemaLocation="http://schema.slb.com/2012/WitsmlExtension cd_tubular_component.xsd" schemaVersion="1.4.1.9" xmlns="http://schema.slb.com/2012/WitsmlExtension"><stressReliefFlag>false</stressReliefFlag><gender>Box</gender><bsr>NaN</bsr><ApiConnectionFlag>false</ApiConnectionFlag></cd_connection></customData></connection><customData><cd_tubularComponent xsi:schemaLocation="http://schema.slb.com/2012/WitsmlExtension cd_tubular_component.xsd" schemaVersion="1.4.1.9" xmlns="http://schema.slb.com/2012/WitsmlExtension"><numSerial /><name>4.75" Filter Sub</name><catalogUid>30115</catalogUid><weight uom="kg">59.0440707221088</weight><MagneticPoleStrength uom="Wb">0</MagneticPoleStrength><thermalconductivity uom="W/(m.K)">42.7</thermalconductivity><anisotropyRating uom="">1</anisotropyRating><thermalExpansionCoefficient uom="1/K">1.24E-05</thermalExpansionCoefficient><specheatcapacity uom="J/(kg.K)">473</specheatcapacity><NonMagFlag>false</NonMagFlag><subType /><WobMaxHasLimit>false</WobMaxHasLimit><WobMinHasLimit>false</WobMinHasLimit><RpmMaxHasLimit>false</RpmMaxHasLimit><RpmMinHasLimit>false</RpmMinHasLimit><FlowRateMaxHasLimit>false</FlowRateMaxHasLimit><FlowRateMinHasLimit>false</FlowRateMinHasLimit><TensileLoadMaxHasLimit>false</TensileLoadMaxHasLimit><OperatingTemperatureMaxHasLimit>false</OperatingTemperatureMaxHasLimit><OperatingPressureMaxHasLimit>false</OperatingPressureMaxHasLimit><DlsSlidingMaxHasLimit>false</DlsSlidingMaxHasLimit><DlsRotatingMaxHasLimit>false</DlsRotatingMaxHasLimit><IsObsolete>false</IsObsolete><type>MISCSUB</type><type>Drill_Sub</type><miscSubType>Downhole Filter Sub</miscSubType><Remarks>4.75" Misc. Sub</Remarks><SteelGrade><GradeType>G-105</GradeType></SteelGrade><Density uom="kg/m3">7860</Density><PoissonRatio>0.3</PoissonRatio><YoungsModulus uom="Pa">209945000000</YoungsModulus></cd_tubularComponent></customData></tubularComponent><tubularComponent uid="1ce385c7164c40cc95a140ba491de0f0"><typeTubularComp>motor</typeTubularComp><sequence>5</sequence><description>5" Motor 7/8 8.2 Vortex</description><id uom="m">0.09525</id><od uom="m">0.127</od><odMx uom="m">0.127</odMx><len uom="m">8.4958937016</len><wtPerLen uom="kg/m">60.9439922304417</wtPerLen><grade>4340V</grade><configCon>bottom pin top box</configCon><typeMaterial>steel</typeMaterial><vendor>Schlumberger</vendor><model>5.00 DynaForce 475 7/8 2.6 Vortex</model><connection><id uom="m">0.0508</id><od uom="m">0.12065</od><typeThread>NC38 (3 1/2 IF)</typeThread><position>bottom</position><tqMakeup uom="J">10500.0005865115</tqMakeup><customData><cd_connection xsi:schemaLocation="http://schema.slb.com/2012/WitsmlExtension cd_tubular_component.xsd" schemaVersion="1.4.1.9" xmlns="http://schema.slb.com/2012/WitsmlExtension"><stressReliefFlag>false</stressReliefFlag><gender>Pin</gender><bsr>NaN</bsr><ApiConnectionFlag>false</ApiConnectionFlag></cd_connection></customData></connection><connection><id uom="m">0.09525</id><od uom="m">0.12065</od><typeThread>NC38 (3 1/2 IF)</typeThread><position>top</position><tqMakeup uom="J">8999.99953428278</tqMakeup><customData><cd_connection xsi:schemaLocation="http://schema.slb.com/2012/WitsmlExtension cd_tubular_component.xsd" schemaVersion="1.4.1.9" xmlns="http://schema.slb.com/2012/WitsmlExtension"><stressReliefFlag>false</stressReliefFlag><gender>Box</gender><bsr>NaN</bsr><ApiConnectionFlag>false</ApiConnectionFlag></cd_connection></customData></connection><motor><flowrateMn uom="m3/s">0.00946353</flowrateMn><flowrateMx uom="m3/s">0.01892706</flowrateMx><lobesRotor>7</lobesRotor><lobesStator>8</lobesStator><typeBearing>unknown</typeBearing><rotorCatcher>false</rotorCatcher><dumpValve>false</dumpValve><rotatable>false</rotatable><customData><cd_motor xsi:schemaLocation="http://schema.slb.com/2012/WitsmlExtension cd_tubular_component.xsd" schemaVersion="1.4.1.9" xmlns="http://schema.slb.com/2012/WitsmlExtension"><stages>8.2</stages><fullLoad uom="Pa">2151164.27546853</fullLoad><stageMajorDiameter uom="m">0.0874522</stageMajorDiameter><a>87.5</a><b>0</b><c>8.75</c><d>0</d><e>-1.25249999319359</e><f>0.250633333354991</f><g>0.0103250000048431</g><h>5.09999999478883E-05</h><i>-4.54166666755591E-05</i><j>-4.99999999817086E-08</j><k1>0</k1><k2>0</k2><k3>0</k3><linearPressureDropCoefficient uom="kg/(m4.s)">0</linearPressureDropCoefficient><constantPressureDropCoefficient uom="Pa">0</constantPressureDropCoefficient><W uom="N">0</W><X>0</X><Y>0</Y><BearingCapacity uom="N">0</BearingCapacity><MudLubricatedOrOilSealedBearing>0</MudLubricatedOrOilSealedBearing><MotorUpperRadialBearingClearance>0.000457199999999991</MotorUpperRadialBearingClearance><MotorLowerRadialBearingClearance>0.000508000000000008</MotorLowerRadialBearingClearance><MinHoleSize uom="m">0</MinHoleSize><MaxHoleSize uom="m">0</MaxHoleSize><StepSize uom="rad">0</StepSize><BitBoxLength uom="m">0.2146301016</BitBoxLength><BitBoxOutsideDiameter uom="m">0.1287272</BitBoxOutsideDiameter><BitBoxMaxOutsideDiameter uom="m">0</BitBoxMaxOutsideDiameter><BitBoxInsideDiameter uom="m">0.03175</BitBoxInsideDiameter><ExternalDriveShaftLength uom="m">0</ExternalDriveShaftLength><ExternalDriveOutsideDiameter uom="m">0</ExternalDriveOutsideDiameter><ExternalDriveMaxOutsideDiameter uom="m">0</ExternalDriveMaxOutsideDiameter><ExternalDriveInsideDiameter uom="m">0</ExternalDriveInsideDiameter><BearingSectionLength uom="m">0.6333744</BearingSectionLength><PowerSectionBottomtoBend uom="m">0</PowerSectionBottomtoBend><PowerSectionLength uom="m">5.8229501016</PowerSectionLength><TopSubLength uom="m">0.5968998984</TopSubLength><InternalDriveShaftOutsideDiameter uom="m">0</InternalDriveShaftOutsideDiameter><InternalDriveShaftInsideDiameter uom="m">0</InternalDriveShaftInsideDiameter><InternalTransmissionOutsideDiameter uom="m">0.05842</InternalTransmissionOutsideDiameter><InternalTransmissionInsideDiameter uom="m">0</InternalTransmissionInsideDiameter><RotorInsideDiameter uom="m">0</RotorInsideDiameter><RotorMinorDiameter uom="m">0.0609854</RotorMinorDiameter><RotorMajorDiameter uom="m">0.0788924</RotorMajorDiameter><RotorAverageOutsideDiameter uom="m">0.0699389</RotorAverageOutsideDiameter><RotorEccentricity uom="m">0.0044196</RotorEccentricity><ABHLength uom="m">0</ABHLength><UpperBearingLength uom="m">0.0949961016</UpperBearingLength><UpperBearingRotatingOutsideDiameter uom="m">0.089916</UpperBearingRotatingOutsideDiameter><UpperBearingRotatingOutsideDiameterNew uom="m">0.089916</UpperBearingRotatingOutsideDiameterNew><UpperBearingRotatingOutsideDiameterScrap uom="m">0.08763</UpperBearingRotatingOutsideDiameterScrap><UpperBearingStationaryInsideDiameter uom="m">0.0903732</UpperBearingStationaryInsideDiameter><UpperBearingStationaryInsideDiameterNew uom="m">0.0903732</UpperBearingStationaryInsideDiameterNew><UpperBearingStationaryInsideDiameterScrap uom="m">0.09271</UpperBearingStationaryInsideDiameterScrap><LowerBearingLength uom="m">0.17145</LowerBearingLength><LowerBearingRotatingOutsideDiameter uom="m">0.092456</LowerBearingRotatingOutsideDiameter><LowerBearingRotatingOutsideDiameterNew uom="m">0.092456</LowerBearingRotatingOutsideDiameterNew><LowerBearingRotatingOutsideDiameterScrap uom="m">0.09017</LowerBearingRotatingOutsideDiameterScrap><LowerBearingStationaryInsideDiameter uom="m">0.092964</LowerBearingStationaryInsideDiameter><LowerBearingStationaryInsideDiameterNew uom="m">0.092964</LowerBearingStationaryInsideDiameterNew><LowerBearingStationaryInsideDiameterScrap uom="m">0.09525</LowerBearingStationaryInsideDiameterScrap><maxTempIncreaseRate uom="degC/s">0</maxTempIncreaseRate><RevPerGal uom="rad/m3">431.558884440239</RevPerGal><StatorRubberType>0</StatorRubberType><SubCategory>0</SubCategory><TorquePerDeltaPressure uom="N.m/Pa">0</TorquePerDeltaPressure><motorPowerSection><MaterialType>steel</MaterialType><IsObsolete>false</IsObsolete><StatorIsReversible>false</StatorIsReversible><RotorType>Unknown</RotorType><WorkshopTemperature uom="K">294.150000000001</WorkshopTemperature><RpmMaxHasLimit>true</RpmMaxHasLimit><RpmMinHasLimit>true</RpmMinHasLimit><FlowRateMaxHasLimit>true</FlowRateMaxHasLimit><FlowRateMinHasLimit>true</FlowRateMinHasLimit><TensileLoadMaxHasLimit>true</TensileLoadMaxHasLimit><OperatingTemperatureMaxHasLimit>true</OperatingTemperatureMaxHasLimit><OperatingPressureMaxHasLimit>true</OperatingPressureMaxHasLimit><DlsSlidingMaxHasLimit>true</DlsSlidingMaxHasLimit><DlsRotatingMaxHasLimit>true</DlsRotatingMaxHasLimit><IsUsePowerDesignerModel>false</IsUsePowerDesignerModel></motorPowerSection><motorLowerEnd><MaterialType>steel</MaterialType><WobMaxHasLimit>true</WobMaxHasLimit><WobMinHasLimit>true</WobMinHasLimit></motorLowerEnd><motorTransmissionSection><ShaftUpperEndJointType>None</ShaftUpperEndJointType><ShaftLowerEndJointType>None</ShaftLowerEndJointType></motorTransmissionSection><motorBearingSection /><motorDriveShaft /></cd_motor></customData></motor><bend><angle uom="rad">0</angle><distBendBot uom="m">1.0766045016</distBendBot></bend><customData><cd_tubularComponent xsi:schemaLocation="http://schema.slb.com/2012/WitsmlExtension cd_tubular_component.xsd" schemaVersion="1.4.1.9" xmlns="http://schema.slb.com/2012/WitsmlExtension"><numSerial /><name>5" Motor 7/8 8.2 Vortex</name><catalogUid>BAB13E5866604441A585CD43C8285F13</catalogUid><weight uom="kg">517.773674590508</weight><MagneticPoleStrength uom="Wb">0</MagneticPoleStrength><thermalconductivity uom="W/(m.K)">42.7</thermalconductivity><anisotropyRating uom="">1</anisotropyRating><thermalExpansionCoefficient uom="1/K">1.24E-05</thermalExpansionCoefficient><specheatcapacity uom="J/(kg.K)">473</specheatcapacity><NonMagFlag>false</NonMagFlag><subType /><WobMaxHasLimit>false</WobMaxHasLimit><WobMinHasLimit>false</WobMinHasLimit><RpmMaxHasLimit>false</RpmMaxHasLimit><RpmMinHasLimit>false</RpmMinHasLimit><FlowRateMaxHasLimit>false</FlowRateMaxHasLimit><FlowRateMax uom="m3/s">0.01892706</FlowRateMax><FlowRateMinHasLimit>false</FlowRateMinHasLimit><FlowRateMin uom="m3/s">0.00946353</FlowRateMin><TensileLoadMaxHasLimit>false</TensileLoadMaxHasLimit><OperatingTemperatureMaxHasLimit>false</OperatingTemperatureMaxHasLimit><OperatingPressureMaxHasLimit>false</OperatingPressureMaxHasLimit><DlsSlidingMaxHasLimit>false</DlsSlidingMaxHasLimit><DlsRotatingMaxHasLimit>false</DlsRotatingMaxHasLimit><IsObsolete>false</IsObsolete><type>MOTOR</type><businessSystemName>MOTOR ASSY 475 - DynaForce</businessSystemName><Remarks>5.00 DynaForce 475 7/8 2.6 Vortex</Remarks><collarsection><ParentType>PowerSection.TopSubSections</ParentType><len uom="m" classification="Confidential">By/EIXhuNBgiFcbPlfCIvw==</len><SectionType>Common</SectionType></collarsection><collarsection><ParentType>LowerEnd.TransmissionSection.ShaftSections</ParentType><id uom="m" classification="Confidential">NMAeId0t6k0=</id><od uom="m" classification="Confidential">U7w9aWILops=</od><SectionType>Common</SectionType></collarsection><collarsection><ParentType>LowerEnd.DriveShaft.ShaftSections</ParentType><id uom="m" classification="Confidential">NMAeId0t6k0=</id><od uom="m" classification="Confidential">NMAeId0t6k0=</od><len uom="m" classification="Confidential">NMAeId0t6k0=</len><SectionType>Common</SectionType></collarsection><collarsection><ParentType>LowerEnd.DriveShaft.ShaftSections</ParentType><id uom="m" classification="Confidential">NMAeId0t6k0=</id><od uom="m" classification="Confidential">NMAeId0t6k0=</od><SectionType>Common</SectionType></collarsection><SteelGrade><GradeType>4340V</GradeType></SteelGrade><Density uom="kg/m3">7860</Density><PoissonRatio>0.3</PoissonRatio><YoungsModulus uom="Pa">209945000000</YoungsModulus></cd_tubularComponent></customData></tubularComponent><tubularComponent uid="4dea8956be39468a8e54cb23e09b250c"><typeTubularComp>stabilizer</typeTubularComp><sequence>6</sequence><description>4.75" NM Stab 1/4" UG w/ float &amp; hardcoating</description><id uom="m">0.0635</id><od uom="m">0.12065</od><odMx uom="m">0.149225</odMx><len uom="m">1.524</len><wtPerLen uom="kg/m">64.5863151509186</wtPerLen><grade>G-105</grade><wearWall uom="%">1.125</wearWall><configCon>bottom pin top box</configCon><typeMaterial>non-magnetic steel</typeMaterial><vendor>Schlumberger</vendor><model>Stabilizer</model><connection><id uom="m">0.0635</id><od uom="m">0.12065</od><typeThread>NC38 (3 1/2 IF)</typeThread><position>bottom</position><tqMakeup uom="J">8999.99953428278</tqMakeup><customData><cd_connection xsi:schemaLocation="http://schema.slb.com/2012/WitsmlExtension cd_tubular_component.xsd" schemaVersion="1.4.1.9" xmlns="http://schema.slb.com/2012/WitsmlExtension"><stressReliefFlag>false</stressReliefFlag><gender>Pin</gender><bsr>NaN</bsr><ApiConnectionFlag>false</ApiConnectionFlag></cd_connection></customData></connection><connection><id uom="m">0.0635</id><od uom="m">0.12065</od><typeThread>NC38 (3 1/2 IF)</typeThread><position>top</position><tqMakeup uom="J">8999.99953428278</tqMakeup><customData><cd_connection xsi:schemaLocation="http://schema.slb.com/2012/WitsmlExtension cd_tubular_component.xsd" schemaVersion="1.4.1.9" xmlns="http://schema.slb.com/2012/WitsmlExtension"><stressReliefFlag>false</stressReliefFlag><gender>Box</gender><bsr>NaN</bsr><ApiConnectionFlag>false</ApiConnectionFlag></cd_connection></customData></connection><stabilizer><lenBlade uom="m">0.5334</lenBlade><lenBladeGauge uom="m">0.2286</lenBladeGauge><odBladeMx uom="m">0.149225</odBladeMx><distBladeBot uom="m">0.4953</distBladeBot><shapeBlade>spiral</shapeBlade><typeBlade>unknown</typeBlade><customData><cd_stabilizer xsi:schemaLocation="http://schema.slb.com/2012/WitsmlExtension cd_tubular_component.xsd" schemaVersion="1.4.1.9" xmlns="http://schema.slb.com/2012/WitsmlExtension"><gaugeLength uom="m">0.2286</gaugeLength><bladeCount>0</bladeCount><bladeHeight uom="m">0</bladeHeight><bladeWidth uom="m">0</bladeWidth><bladeHeightOpenPosition uom="m">0</bladeHeightOpenPosition><bladeSpiral uom="rad">0</bladeSpiral><materialType>non-magnetic steel</materialType><nonMagFlag>true</nonMagFlag><MagneticPoleStrength uom="Wb">0</MagneticPoleStrength><BladeAlignType>none</BladeAlignType><BladeProfileType>square</BladeProfileType></cd_stabilizer></customData></stabilizer><customData><cd_tubularComponent xsi:schemaLocation="http://schema.slb.com/2012/WitsmlExtension cd_tubular_component.xsd" schemaVersion="1.4.1.9" xmlns="http://schema.slb.com/2012/WitsmlExtension"><numSerial /><name>4.75" NM Stab 1/4" UG w/ float &amp; hardcoating</name><catalogUid>6201</catalogUid><weight uom="kg">98.42954429</weight><MagneticPoleStrength uom="Wb">0</MagneticPoleStrength><thermalconductivity uom="W/(m.K)">42.7</thermalconductivity><anisotropyRating uom="">1</anisotropyRating><thermalExpansionCoefficient uom="1/K">1.24E-05</thermalExpansionCoefficient><specheatcapacity uom="J/(kg.K)">473</specheatcapacity><NonMagFlag>true</NonMagFlag><subType /><WobMaxHasLimit>false</WobMaxHasLimit><WobMinHasLimit>false</WobMinHasLimit><RpmMaxHasLimit>false</RpmMaxHasLimit><RpmMinHasLimit>false</RpmMinHasLimit><FlowRateMaxHasLimit>false</FlowRateMaxHasLimit><FlowRateMinHasLimit>false</FlowRateMinHasLimit><TensileLoadMaxHasLimit>false</TensileLoadMaxHasLimit><OperatingTemperatureMaxHasLimit>false</OperatingTemperatureMaxHasLimit><OperatingPressureMaxHasLimit>false</OperatingPressureMaxHasLimit><DlsSlidingMaxHasLimit>false</DlsSlidingMaxHasLimit><DlsRotatingMaxHasLimit>false</DlsRotatingMaxHasLimit><IsObsolete>false</IsObsolete><type>STABILIZER</type><Remarks>Stabilizer</Remarks><SteelGrade><GradeType>G-105</GradeType></SteelGrade><Density uom="kg/m3">7860</Density><PoissonRatio>0.3</PoissonRatio><YoungsModulus uom="Pa">209945000000</YoungsModulus></cd_tubularComponent></customData></tubularComponent><tubularComponent uid="a76e53e5822e49198475351bfd379214"><typeTubularComp>sub-crossover</typeTubularComp><sequence>7</sequence><description>4.75" PxP X/O</description><id uom="m">0.0635</id><od uom="m">0.12065</od><odMx uom="m">0.12065</odMx><len uom="m">0.4572</len><wtPerLen uom="kg/m">64.5713814257449</wtPerLen><grade>G-105</grade><configCon>bottom pin</configCon><typeMaterial>non-magnetic steel</typeMaterial><vendor>Schlumberger</vendor><model>4.75" Misc. Sub</model><connection><id uom="m">0.0635</id><od uom="m">0.12065</od><typeThread>NC38 (3 1/2 IF)</typeThread><position>bottom</position><tqMakeup uom="J">8999.99953428278</tqMakeup><customData><cd_connection xsi:schemaLocation="http://schema.slb.com/2012/WitsmlExtension cd_tubular_component.xsd" schemaVersion="1.4.1.9" xmlns="http://schema.slb.com/2012/WitsmlExtension"><stressReliefFlag>false</stressReliefFlag><gender>Pin</gender><bsr>NaN</bsr><ApiConnectionFlag>false</ApiConnectionFlag></cd_connection></customData></connection><connection><id uom="m">0.0635</id><od uom="m">0.12065</od><typeThread>NC38 (3 1/2 IF)</typeThread><position>top</position><tqMakeup uom="J">8999.99953428278</tqMakeup><customData><cd_connection xsi:schemaLocation="http://schema.slb.com/2012/WitsmlExtension cd_tubular_component.xsd" schemaVersion="1.4.1.9" xmlns="http://schema.slb.com/2012/WitsmlExtension"><stressReliefFlag>false</stressReliefFlag><gender>Pin</gender><bsr>NaN</bsr><ApiConnectionFlag>false</ApiConnectionFlag></cd_connection></customData></connection><customData><cd_tubularComponent xsi:schemaLocation="http://schema.slb.com/2012/WitsmlExtension cd_tubular_component.xsd" schemaVersion="1.4.1.9" xmlns="http://schema.slb.com/2012/WitsmlExtension"><numSerial /><name>4.75" PxP X/O</name><catalogUid>30115</catalogUid><weight uom="kg">29.5220353610544</weight><MagneticPoleStrength uom="Wb">0</MagneticPoleStrength><thermalconductivity uom="W/(m.K)">42.7</thermalconductivity><anisotropyRating uom="">1</anisotropyRating><thermalExpansionCoefficient uom="1/K">1.24E-05</thermalExpansionCoefficient><specheatcapacity uom="J/(kg.K)">473</specheatcapacity><NonMagFlag>true</NonMagFlag><subType /><WobMaxHasLimit>false</WobMaxHasLimit><WobMinHasLimit>false</WobMinHasLimit><RpmMaxHasLimit>false</RpmMaxHasLimit><RpmMinHasLimit>false</RpmMinHasLimit><FlowRateMaxHasLimit>false</FlowRateMaxHasLimit><FlowRateMinHasLimit>false</FlowRateMinHasLimit><TensileLoadMaxHasLimit>false</TensileLoadMaxHasLimit><OperatingTemperatureMaxHasLimit>false</OperatingTemperatureMaxHasLimit><OperatingPressureMaxHasLimit>false</OperatingPressureMaxHasLimit><DlsSlidingMaxHasLimit>false</DlsSlidingMaxHasLimit><DlsRotatingMaxHasLimit>false</DlsRotatingMaxHasLimit><IsObsolete>false</IsObsolete><type>MISCSUB</type><type>Drill_Sub</type><miscSubType>Crossover</miscSubType><Remarks>4.75" Misc. Sub</Remarks><SteelGrade><GradeType>G-105</GradeType></SteelGrade><Density uom="kg/m3">7860</Density><PoissonRatio>0.3</PoissonRatio><YoungsModulus uom="Pa">209945000000</YoungsModulus></cd_tubularComponent></customData></tubularComponent><tubularComponent uid="fb9514648ebe4e4289d5b08a3f18da89"><typeTubularComp>MWD pulser</typeTubularComp><sequence>8</sequence><description>TelePacer 4.75" (D&amp;I and Azimuthal Gamma)</description><id uom="m">0.071374</id><od uom="m">0.12065</od><odMx uom="m">0.12065</odMx><len uom="m">9.34212</len><wtPerLen uom="kg/m">68.9459316040321</wtPerLen><grade>P550</grade><tqYield uom="J">13558.179483314</tqYield><odFishneck uom="m">0.12065</odFishneck><configCon>bottom box, top box</configCon><typeMaterial>non-magnetic steel</typeMaterial><doglegMx uom="rad/m">0.00989019909463453</doglegMx><vendor>Schlumberger</vendor><model>HDS-1</model><connection><id uom="m">0.0635</id><od uom="m">0.12065</od><typeThread>NC38 (3 1/2 IF)</typeThread><position>bottom</position><tqMakeup uom="J">8999.99953428278</tqMakeup><customData><cd_connection xsi:schemaLocation="http://schema.slb.com/2012/WitsmlExtension cd_tubular_component.xsd" schemaVersion="1.4.1.9" xmlns="http://schema.slb.com/2012/WitsmlExtension"><stressReliefFlag>false</stressReliefFlag><gender>Box</gender><bsr>NaN</bsr><ApiConnectionFlag>false</ApiConnectionFlag></cd_connection></customData></connection><connection><id uom="m">0.071374</id><od uom="m">0.12065</od><typeThread>NC38 (3 1/2 IF)</typeThread><position>top</position><tqMakeup uom="J">8999.99953428278</tqMakeup><customData><cd_connection xsi:schemaLocation="http://schema.slb.com/2012/WitsmlExtension cd_tubular_component.xsd" schemaVersion="1.4.1.9" xmlns="http://schema.slb.com/2012/WitsmlExtension"><stressReliefFlag>false</stressReliefFlag><gender>Box</gender><bsr>NaN</bsr><ApiConnectionFlag>false</ApiConnectionFlag></cd_connection></customData></connection><mwdTool><flowrateMn uom="m3/s">0.007886275</flowrateMn><flowrateMx uom="m3/s">0.023658825</flowrateMx><tempMx uom="K">423.150000000005</tempMx><sensor><offsetBot uom="m">4.625187599999999</offsetBot><customData><cd_sensor xsi:schemaLocation="http://schema.slb.com/2012/WitsmlExtension cd_tubular_component.xsd" schemaVersion="1.4.1.9" xmlns="http://schema.slb.com/2012/WitsmlExtension"><typeMeasurement>azimuth</typeMeasurement></cd_sensor></customData></sensor><sensor><offsetBot uom="m">2.1621497015999997</offsetBot><customData><cd_sensor xsi:schemaLocation="http://schema.slb.com/2012/WitsmlExtension cd_tubular_component.xsd" schemaVersion="1.4.1.9" xmlns="http://schema.slb.com/2012/WitsmlExtension"><typeMeasurement>Azimuthal Gamma Ray</typeMeasurement></cd_sensor></customData></sensor><customData><cd_mwdTool xsi:schemaLocation="http://schema.slb.com/2012/WitsmlExtension cd_tubular_component.xsd" schemaVersion="1.4.1.9" xmlns="http://schema.slb.com/2012/WitsmlExtension"><pressureDropCoef>2500</pressureDropCoef><linearPressureDropCoefficient uom="kg/(m4.s)">0</linearPressureDropCoefficient><constantPressureDropCoefficient uom="Pa">0</constantPressureDropCoefficient><distToReadOutPort uom="m">8.7940896</distToReadOutPort><IsSinglePower>false</IsSinglePower></cd_mwdTool></customData></mwdTool><customData><cd_tubularComponent xsi:schemaLocation="http://schema.slb.com/2012/WitsmlExtension cd_tubular_component.xsd" schemaVersion="1.4.1.9" xmlns="http://schema.slb.com/2012/WitsmlExtension"><numSerial /><name>TelePacer 4.75" (D&amp;I and Azimuthal Gamma)</name><catalogUid>ed191275d2334692b5f9110fbbc8412a</catalogUid><weight uom="kg">644.1011654</weight><tensYield uom="N">3269442.88721647</tensYield><MagneticPoleStrength uom="Wb">0</MagneticPoleStrength><thermalconductivity uom="W/(m.K)">42.7</thermalconductivity><anisotropyRating uom="">1</anisotropyRating><thermalExpansionCoefficient uom="1/K">1.24E-05</thermalExpansionCoefficient><specheatcapacity uom="J/(kg.K)">473</specheatcapacity><NonMagFlag>true</NonMagFlag><subType /><maxDoglegSliding uom="rad/m">0.0180350689372747</maxDoglegSliding><WobMaxHasLimit>false</WobMaxHasLimit><WobMinHasLimit>false</WobMinHasLimit><RpmMaxHasLimit>false</RpmMaxHasLimit><RpmMinHasLimit>false</RpmMinHasLimit><FlowRateMaxHasLimit>false</FlowRateMaxHasLimit><FlowRateMax uom="m3/s">0.023658825</FlowRateMax><FlowRateMinHasLimit>false</FlowRateMinHasLimit><FlowRateMin uom="m3/s">0.007886275</FlowRateMin><TensileLoadMaxHasLimit>false</TensileLoadMaxHasLimit><OperatingTemperatureMaxHasLimit>false</OperatingTemperatureMaxHasLimit><OperatingTemperatureMax uom="K">423.150000000005</OperatingTemperatureMax><OperatingPressureMaxHasLimit>false</OperatingPressureMaxHasLimit><DlsSlidingMaxHasLimit>false</DlsSlidingMaxHasLimit><DlsRotatingMaxHasLimit>false</DlsRotatingMaxHasLimit><IsObsolete>false</IsObsolete><type>MWD</type><businessSystemName>TelePacer 4.75"</businessSystemName><Remarks>TelePacer 4.75"</Remarks><SteelGrade><GradeType>P550</GradeType></SteelGrade><Density uom="kg/m3">7860</Density><PoissonRatio>0.3</PoissonRatio><YoungsModulus uom="Pa">209945000000</YoungsModulus></cd_tubularComponent></customData></tubularComponent><tubularComponent uid="593c8b324ba945b394507cb397f59f9e"><typeTubularComp>stabilizer</typeTubularComp><sequence>9</sequence><description>4.75" NM Stab 1/4" UG w/ hardcoating (optional)</description><id uom="m">0.0635</id><od uom="m">0.12065</od><odMx uom="m">0.149225</odMx><len uom="m">1.524</len><wtPerLen uom="kg/m">64.5863151509186</wtPerLen><grade>G-105</grade><wearWall uom="%">1.125</wearWall><configCon>bottom pin top box</configCon><typeMaterial>non-magnetic steel</typeMaterial><vendor>Schlumberger</vendor><model>Stabilizer</model><connection><id uom="m">0.0635</id><od uom="m">0.12065</od><typeThread>NC38 (3 1/2 IF)</typeThread><position>bottom</position><tqMakeup uom="J">8999.99953428278</tqMakeup><customData><cd_connection xsi:schemaLocation="http://schema.slb.com/2012/WitsmlExtension cd_tubular_component.xsd" schemaVersion="1.4.1.9" xmlns="http://schema.slb.com/2012/WitsmlExtension"><stressReliefFlag>false</stressReliefFlag><gender>Pin</gender><bsr>NaN</bsr><ApiConnectionFlag>false</ApiConnectionFlag></cd_connection></customData></connection><connection><id uom="m">0.0635</id><od uom="m">0.12065</od><typeThread>NC38 (3 1/2 IF)</typeThread><position>top</position><tqMakeup uom="J">7499.99983787198</tqMakeup><customData><cd_connection xsi:schemaLocation="http://schema.slb.com/2012/WitsmlExtension cd_tubular_component.xsd" schemaVersion="1.4.1.9" xmlns="http://schema.slb.com/2012/WitsmlExtension"><stressReliefFlag>false</stressReliefFlag><gender>Box</gender><bsr>NaN</bsr><ApiConnectionFlag>false</ApiConnectionFlag></cd_connection></customData></connection><stabilizer><lenBlade uom="m">0.5334</lenBlade><lenBladeGauge uom="m">0.2286</lenBladeGauge><odBladeMx uom="m">0.149225</odBladeMx><distBladeBot uom="m">0.4953</distBladeBot><shapeBlade>spiral</shapeBlade><typeBlade>unknown</typeBlade><customData><cd_stabilizer xsi:schemaLocation="http://schema.slb.com/2012/WitsmlExtension cd_tubular_component.xsd" schemaVersion="1.4.1.9" xmlns="http://schema.slb.com/2012/WitsmlExtension"><gaugeLength uom="m">0.2286</gaugeLength><bladeCount>0</bladeCount><bladeHeight uom="m">0</bladeHeight><bladeWidth uom="m">0</bladeWidth><bladeHeightOpenPosition uom="m">0</bladeHeightOpenPosition><bladeSpiral uom="rad">0</bladeSpiral><materialType>non-magnetic steel</materialType><nonMagFlag>true</nonMagFlag><MagneticPoleStrength uom="Wb">0</MagneticPoleStrength><BladeAlignType>none</BladeAlignType><BladeProfileType>square</BladeProfileType></cd_stabilizer></customData></stabilizer><customData><cd_tubularComponent xsi:schemaLocation="http://schema.slb.com/2012/WitsmlExtension cd_tubular_component.xsd" schemaVersion="1.4.1.9" xmlns="http://schema.slb.com/2012/WitsmlExtension"><numSerial /><name>4.75" NM Stab 1/4" UG w/ hardcoating (optional)</name><catalogUid>6201</catalogUid><weight uom="kg">98.42954429</weight><MagneticPoleStrength uom="Wb">0</MagneticPoleStrength><thermalconductivity uom="W/(m.K)">42.7</thermalconductivity><anisotropyRating uom="">1</anisotropyRating><thermalExpansionCoefficient uom="1/K">1.24E-05</thermalExpansionCoefficient><specheatcapacity uom="J/(kg.K)">473</specheatcapacity><NonMagFlag>true</NonMagFlag><subType /><WobMaxHasLimit>false</WobMaxHasLimit><WobMinHasLimit>false</WobMinHasLimit><RpmMaxHasLimit>false</RpmMaxHasLimit><RpmMinHasLimit>false</RpmMinHasLimit><FlowRateMaxHasLimit>false</FlowRateMaxHasLimit><FlowRateMinHasLimit>false</FlowRateMinHasLimit><TensileLoadMaxHasLimit>false</TensileLoadMaxHasLimit><OperatingTemperatureMaxHasLimit>false</OperatingTemperatureMaxHasLimit><OperatingPressureMaxHasLimit>false</OperatingPressureMaxHasLimit><DlsSlidingMaxHasLimit>false</DlsSlidingMaxHasLimit><DlsRotatingMaxHasLimit>false</DlsRotatingMaxHasLimit><IsObsolete>false</IsObsolete><type>STABILIZER</type><Remarks>Stabilizer</Remarks><SteelGrade><GradeType>G-105</GradeType></SteelGrade><Density uom="kg/m3">7860</Density><PoissonRatio>0.3</PoissonRatio><YoungsModulus uom="Pa">209945000000</YoungsModulus></cd_tubularComponent></customData></tubularComponent><tubularComponent uid="aa311fe5967c4a32b842e5d0cb4c0f57"><typeTubularComp>drill collar</typeTubularComp><sequence>10</sequence><description>4.75" NMDC</description><id uom="m">0.0714375</id><od uom="m">0.12065</od><odMx uom="m">0.12065</odMx><len uom="m">9.144</len><lenJointAv uom="m">9.144</lenJointAv><numJointStand>1</numJointStand><wtPerLen uom="kg/m">57.9998205897953</wtPerLen><grade>G-105</grade><wearWall uom="%">0.96875</wearWall><configCon>bottom pin top box</configCon><typeMaterial>non-magnetic steel</typeMaterial><vendor>Schlumberger</vendor><model>COLLAR</model><connection><id uom="m">0.06985</id><od uom="m">0.12065</od><typeThread>NC38 (3 1/2 IF)</typeThread><position>bottom</position><tqMakeup uom="J">7499.99983787198</tqMakeup><customData><cd_connection xsi:schemaLocation="http://schema.slb.com/2012/WitsmlExtension cd_tubular_component.xsd" schemaVersion="1.4.1.9" xmlns="http://schema.slb.com/2012/WitsmlExtension"><stressReliefFlag>false</stressReliefFlag><gender>Pin</gender><bsr>NaN</bsr><ApiConnectionFlag>false</ApiConnectionFlag></cd_connection></customData></connection><connection><id uom="m">0.0714375</id><od uom="m">0.12065</od><typeThread>NC38 (3 1/2 IF)</typeThread><position>top</position><tqMakeup uom="J">9499.99943308639</tqMakeup><customData><cd_connection xsi:schemaLocation="http://schema.slb.com/2012/WitsmlExtension cd_tubular_component.xsd" schemaVersion="1.4.1.9" xmlns="http://schema.slb.com/2012/WitsmlExtension"><stressReliefFlag>false</stressReliefFlag><gender>Box</gender><bsr>NaN</bsr><ApiConnectionFlag>false</ApiConnectionFlag></cd_connection></customData></connection><customData><cd_tubularComponent xsi:schemaLocation="http://schema.slb.com/2012/WitsmlExtension cd_tubular_component.xsd" schemaVersion="1.4.1.9" xmlns="http://schema.slb.com/2012/WitsmlExtension"><numSerial /><name>4.75" NMDC</name><catalogUid>206</catalogUid><weight uom="kg">530.350356751534</weight><MagneticPoleStrength uom="Wb">0</MagneticPoleStrength><thermalconductivity uom="W/(m.K)">42.7</thermalconductivity><anisotropyRating uom="">1</anisotropyRating><thermalExpansionCoefficient uom="1/K">1.24E-05</thermalExpansionCoefficient><specheatcapacity uom="J/(kg.K)">473</specheatcapacity><NonMagFlag>true</NonMagFlag><subType>Drill Collar</subType><WobMaxHasLimit>false</WobMaxHasLimit><WobMinHasLimit>false</WobMinHasLimit><RpmMaxHasLimit>false</RpmMaxHasLimit><RpmMinHasLimit>false</RpmMinHasLimit><FlowRateMaxHasLimit>false</FlowRateMaxHasLimit><FlowRateMinHasLimit>false</FlowRateMinHasLimit><TensileLoadMaxHasLimit>false</TensileLoadMaxHasLimit><OperatingTemperatureMaxHasLimit>false</OperatingTemperatureMaxHasLimit><OperatingPressureMaxHasLimit>false</OperatingPressureMaxHasLimit><DlsSlidingMaxHasLimit>false</DlsSlidingMaxHasLimit><DlsRotatingMaxHasLimit>false</DlsRotatingMaxHasLimit><IsObsolete>false</IsObsolete><type>COLLAR</type><Remarks>4.75" Collar</Remarks><SteelGrade><GradeType>G-105</GradeType></SteelGrade><Density uom="kg/m3">7860</Density><PoissonRatio>0.3</PoissonRatio><YoungsModulus uom="Pa">209945000000</YoungsModulus></cd_tubularComponent></customData></tubularComponent><tubularComponent uid="cc92947c158349b1a5bd968bbd009e99"><typeTubularComp>sub-filter</typeTubularComp><sequence>11</sequence><description>4.75" Filter Sub</description><id uom="m">0.0635</id><od uom="m">0.12065</od><odMx uom="m">0.12065</odMx><len uom="m">0.9144</len><wtPerLen uom="kg/m">64.5713814257449</wtPerLen><grade>G-105</grade><configCon>bottom pin top box</configCon><typeMaterial>steel</typeMaterial><vendor>Schlumberger</vendor><model>4.75" Misc. Sub</model><connection><id uom="m">0.0635</id><od uom="m">0.12065</od><typeThread>NC38 (3 1/2 IF)</typeThread><position>bottom</position><tqMakeup uom="J">9499.99943308639</tqMakeup><customData><cd_connection xsi:schemaLocation="http://schema.slb.com/2012/WitsmlExtension cd_tubular_component.xsd" schemaVersion="1.4.1.9" xmlns="http://schema.slb.com/2012/WitsmlExtension"><stressReliefFlag>false</stressReliefFlag><gender>Pin</gender><bsr>NaN</bsr><ApiConnectionFlag>false</ApiConnectionFlag></cd_connection></customData></connection><connection><id uom="m">0.0635</id><od uom="m">0.12065</od><typeThread>NC38 (3 1/2 IF)</typeThread><position>top</position><tqMakeup uom="J">23997.9776854658</tqMakeup><customData><cd_connection xsi:schemaLocation="http://schema.slb.com/2012/WitsmlExtension cd_tubular_component.xsd" schemaVersion="1.4.1.9" xmlns="http://schema.slb.com/2012/WitsmlExtension"><stressReliefFlag>false</stressReliefFlag><gender>Box</gender><bsr>NaN</bsr><ApiConnectionFlag>false</ApiConnectionFlag></cd_connection></customData></connection><customData><cd_tubularComponent xsi:schemaLocation="http://schema.slb.com/2012/WitsmlExtension cd_tubular_component.xsd" schemaVersion="1.4.1.9" xmlns="http://schema.slb.com/2012/WitsmlExtension"><numSerial /><name>4.75" Filter Sub</name><catalogUid>30115</catalogUid><weight uom="kg">59.0440707221088</weight><MagneticPoleStrength uom="Wb">0</MagneticPoleStrength><thermalconductivity uom="W/(m.K)">42.7</thermalconductivity><anisotropyRating uom="">1</anisotropyRating><thermalExpansionCoefficient uom="1/K">1.24E-05</thermalExpansionCoefficient><specheatcapacity uom="J/(kg.K)">473</specheatcapacity><NonMagFlag>false</NonMagFlag><subType /><WobMaxHasLimit>false</WobMaxHasLimit><WobMinHasLimit>false</WobMinHasLimit><RpmMaxHasLimit>false</RpmMaxHasLimit><RpmMinHasLimit>false</RpmMinHasLimit><FlowRateMaxHasLimit>false</FlowRateMaxHasLimit><FlowRateMinHasLimit>false</FlowRateMinHasLimit><TensileLoadMaxHasLimit>false</TensileLoadMaxHasLimit><OperatingTemperatureMaxHasLimit>false</OperatingTemperatureMaxHasLimit><OperatingPressureMaxHasLimit>false</OperatingPressureMaxHasLimit><DlsSlidingMaxHasLimit>false</DlsSlidingMaxHasLimit><DlsRotatingMaxHasLimit>false</DlsRotatingMaxHasLimit><IsObsolete>false</IsObsolete><type>MISCSUB</type><type>Drill_Sub</type><miscSubType>Downhole Filter Sub</miscSubType><Remarks>4.75" Misc. Sub</Remarks><SteelGrade><GradeType>G-105</GradeType></SteelGrade><Density uom="kg/m3">7860</Density><PoissonRatio>0.3</PoissonRatio><YoungsModulus uom="Pa">209945000000</YoungsModulus></cd_tubularComponent></customData></tubularComponent><tubularComponent uid="65a6a86558524dc38ec185cf56c35d52"><typeTubularComp>sub-crossover</typeTubularComp><sequence>12</sequence><description>4.75" X/O</description><id uom="m">0.0635</id><od uom="m">0.12065</od><odMx uom="m">0.12065</odMx><len uom="m">0.9144</len><wtPerLen uom="kg/m">64.5713814257449</wtPerLen><grade>G-105</grade><configCon>bottom pin top box</configCon><typeMaterial>steel</typeMaterial><vendor>Schlumberger</vendor><model>4.75" Misc. Sub</model><connection><id uom="m">0.0635</id><od uom="m">0.12065</od><typeThread>NC38 (3 1/2 IF)</typeThread><position>bottom</position><tqMakeup uom="J">23997.9776854658</tqMakeup><customData><cd_connection xsi:schemaLocation="http://schema.slb.com/2012/WitsmlExtension cd_tubular_component.xsd" schemaVersion="1.4.1.9" xmlns="http://schema.slb.com/2012/WitsmlExtension"><stressReliefFlag>false</stressReliefFlag><gender>Pin</gender><bsr>NaN</bsr><ApiConnectionFlag>false</ApiConnectionFlag></cd_connection></customData></connection><connection><id uom="m">0.0635</id><od uom="m">0.12065</od><typeThread>XT39</typeThread><position>top</position><tqMakeup uom="J">23997.9776854658</tqMakeup><customData><cd_connection xsi:schemaLocation="http://schema.slb.com/2012/WitsmlExtension cd_tubular_component.xsd" schemaVersion="1.4.1.9" xmlns="http://schema.slb.com/2012/WitsmlExtension"><stressReliefFlag>false</stressReliefFlag><gender>Box</gender><bsr>NaN</bsr><ApiConnectionFlag>false</ApiConnectionFlag></cd_connection></customData></connection><customData><cd_tubularComponent xsi:schemaLocation="http://schema.slb.com/2012/WitsmlExtension cd_tubular_component.xsd" schemaVersion="1.4.1.9" xmlns="http://schema.slb.com/2012/WitsmlExtension"><numSerial /><name>4.75" X/O</name><catalogUid /><weight uom="kg">59.0440707221088</weight><MagneticPoleStrength uom="Wb">0</MagneticPoleStrength><thermalconductivity uom="W/(m.K)">42.7</thermalconductivity><anisotropyRating uom="">1</anisotropyRating><thermalExpansionCoefficient uom="1/K">1.24E-05</thermalExpansionCoefficient><specheatcapacity uom="J/(kg.K)">473</specheatcapacity><NonMagFlag>false</NonMagFlag><subType /><WobMaxHasLimit>false</WobMaxHasLimit><WobMinHasLimit>false</WobMinHasLimit><RpmMaxHasLimit>false</RpmMaxHasLimit><RpmMinHasLimit>false</RpmMinHasLimit><FlowRateMaxHasLimit>false</FlowRateMaxHasLimit><FlowRateMinHasLimit>false</FlowRateMinHasLimit><TensileLoadMaxHasLimit>false</TensileLoadMaxHasLimit><OperatingTemperatureMaxHasLimit>false</OperatingTemperatureMaxHasLimit><OperatingPressureMaxHasLimit>false</OperatingPressureMaxHasLimit><DlsSlidingMaxHasLimit>false</DlsSlidingMaxHasLimit><DlsRotatingMaxHasLimit>false</DlsRotatingMaxHasLimit><IsObsolete>false</IsObsolete><type>MISCSUB</type><type>Drill_Sub</type><miscSubType>Crossover</miscSubType><Remarks>4.75" Misc. Sub</Remarks><SteelGrade><GradeType>G-105</GradeType></SteelGrade><Density uom="kg/m3">7860</Density><PoissonRatio>0.3</PoissonRatio><YoungsModulus uom="Pa">209945000000</YoungsModulus></cd_tubularComponent></customData></tubularComponent><tubularComponent uid="74b17faf2cee4b38b3134c76fec222cf"><typeTubularComp>drill pipe</typeTubularComp><sequence>13</sequence><description>4" 14.00 DPS, Premium to Surface</description><id uom="m">0.084836</id><od uom="m">0.0982472</od><odMx uom="m">0.123825</odMx><len uom="m">9.6012</len><lenJointAv uom="m">9.6012</lenJointAv><numJointStand>1</numJointStand><wtPerLen uom="kg/m">23.215357519685</wtPerLen><grade>S-135</grade><odDrift uom="m">0.0982472</odDrift><tqYield uom="J">44407.1052616983</tqYield><classService>Premium</classService><configCon>bottom pin top box</configCon><typeMaterial>steel</typeMaterial><vendor>Rig</vendor><model>S-135</model><connection><id uom="m">0.0682752</id><od uom="m">0.123825</od><typeThread>XT39</typeThread><tqYield uom="J">47860.3735760984</tqYield><position>bottom</position><tqMakeup uom="J">23997.9776854658</tqMakeup><customData><cd_connection xsi:schemaLocation="http://schema.slb.com/2012/WitsmlExtension cd_tubular_component.xsd" schemaVersion="1.4.1.9" xmlns="http://schema.slb.com/2012/WitsmlExtension"><stressReliefFlag>false</stressReliefFlag><gender>Pin</gender><standardizationName>XT39</standardizationName><upsetType>EU</upsetType><bsr>NaN</bsr><tensYield uom="N">2970522.39467096</tensYield><ApiConnectionFlag>false</ApiConnectionFlag></cd_connection></customData></connection><connection><id uom="m">0.0682752</id><od uom="m">0.123825</od><typeThread>XT39</typeThread><tqYield uom="J">47860.3735760984</tqYield><position>top</position><tqMakeup uom="J">23997.9776854658</tqMakeup><customData><cd_connection xsi:schemaLocation="http://schema.slb.com/2012/WitsmlExtension cd_tubular_component.xsd" schemaVersion="1.4.1.9" xmlns="http://schema.slb.com/2012/WitsmlExtension"><stressReliefFlag>false</stressReliefFlag><gender>Box</gender><standardizationName>XT39</standardizationName><upsetType>EU</upsetType><tensYield uom="N">2970522.39467096</tensYield><ApiConnectionFlag>false</ApiConnectionFlag></cd_connection></customData></connection><customData><cd_tubularComponent xsi:schemaLocation="http://schema.slb.com/2012/WitsmlExtension cd_tubular_component.xsd" schemaVersion="1.4.1.9" xmlns="http://schema.slb.com/2012/WitsmlExtension"><numSerial /><name>4" 14.00 DPS, Premium to Surface</name><catalogUid>a9109e70406c424a810d60c8c3d550f4</catalogUid><weight uom="kg">222.895290618</weight><tensYield uom="N">1794977.52374122</tensYield><MagneticPoleStrength uom="Wb">0</MagneticPoleStrength><thermalconductivity uom="W/(m.K)">42.7</thermalconductivity><anisotropyRating uom="">1</anisotropyRating><thermalExpansionCoefficient uom="1/K">1.24E-05</thermalExpansionCoefficient><specheatcapacity uom="J/(kg.K)">473</specheatcapacity><NonMagFlag>false</NonMagFlag><subType /><WobMaxHasLimit>false</WobMaxHasLimit><WobMinHasLimit>false</WobMinHasLimit><RpmMaxHasLimit>false</RpmMaxHasLimit><RpmMinHasLimit>false</RpmMinHasLimit><FlowRateMaxHasLimit>false</FlowRateMaxHasLimit><FlowRateMinHasLimit>false</FlowRateMinHasLimit><TensileLoadMaxHasLimit>false</TensileLoadMaxHasLimit><OperatingTemperatureMaxHasLimit>false</OperatingTemperatureMaxHasLimit><OperatingPressureMaxHasLimit>false</OperatingPressureMaxHasLimit><DlsSlidingMaxHasLimit>false</DlsSlidingMaxHasLimit><DlsRotatingMaxHasLimit>false</DlsRotatingMaxHasLimit><IsObsolete>false</IsObsolete><type>DP</type><toolJointLength uom="m">0.4318</toolJointLength><toolJointNominalInsideDiameter uom="m">0.0682752</toolJointNominalInsideDiameter><toolJointNominalOutsideDiameter uom="m">0.123825</toolJointNominalOutsideDiameter><Remarks>4" 14.00 DPS, Premium</Remarks><drillPipe><nominalOutsideDiameter uom="m">0.1016</nominalOutsideDiameter><nominalLinearWeight uom="kg/m">20.8342952099738</nominalLinearWeight><heavyWeightFlag>false</heavyWeightFlag></drillPipe><SteelGrade><GradeType>S-135</GradeType></SteelGrade><Density uom="kg/m3">7860</Density><PoissonRatio>0.3</PoissonRatio><YoungsModulus uom="Pa">209945000000</YoungsModulus></cd_tubularComponent></customData></tubularComponent><commonData><itemState>unknown</itemState></commonData><customData><cd_tubular xsi:schemaLocation="http://schema.slb.com/2012/WitsmlExtension cd_tubular_component.xsd" schemaVersion="1.4.1.9" xmlns="http://schema.slb.com/2012/WitsmlExtension"><jobNumber /></cd_tubular></customData></tubular></tubulars>