<tubulars xsi:schemaLocation="http://www.witsml.org/schemas/1series http://w3.energistics.org/schema/WITSML_v1.4.1.1_Data_Schema/witsml_v1.4.1.1_data/xsd_schemas/obj_tubular.xsd" version="1.4.1.1" xmlns="http://www.witsml.org/schemas/1series" xmlns:xsi="http://www.w3.org/2001/XMLSchema-instance"><tubular uidWell="bf3e3da6dce84348b6d6602233104e14" uidWellbore="4ef917ecd3f44035a79f2dcc50593c1e" uid="71abf9e9df1c4e40bbb423dd30fbb96c"><nameWell>Well-01</nameWell><nameWellbore>Well-01</nameWellbore><name>17.5" BHA/Drillstring</name><typeTubularAssy>drilling</typeTubularAssy><tubularComponent uid="d958f1a361fa49f7b5ec476449bfd6dd"><typeTubularComp>bit insert roller cone</typeTubularComp><sequence>1</sequence><description>17  1/2 " Bit</description><id uom="m">0.09525</id><od uom="m">0.22225</od><odMx uom="m">0.444246</odMx><len uom="m">0.51816</len><wtPerLen uom="kg/m">709.897637962018</wtPerLen><grade>G-105</grade><odDrift uom="m">0</odDrift><tqYield uom="J">0</tqYield><stressFatig uom="Pa">0</stressFatig><lenFishneck uom="m">0</lenFishneck><idFishneck uom="m">0</idFishneck><odFishneck uom="m">0</odFishneck><disp uom="m3">0</disp><configCon>bottom pin</configCon><torsionalStiffness uom="N/m">0</torsionalStiffness><typeMaterial>steel</typeMaterial><vendor>Schlumberger</vendor><model>BIT</model><bitRecord><numBit>0</numBit><diaBit uom="m">0.444246</diaBit><diaPassThru uom="m">0</diaPassThru><diaPilot uom="m">0</diaPilot><manufacturer>Schlumberger</manufacturer><typeBit>insert roller cone</typeBit><customData><cd_bitRecord xsi:schemaLocation="http://schema.slb.com/2012/WitsmlExtension cd_tubular_component.xsd" schemaVersion="1.4.1.4" xmlns="http://schema.slb.com/2012/WitsmlExtension"><sleeveIsUsed>false</sleeveIsUsed><bladeTopIsUsed>false</bladeTopIsUsed><loVibeIsUsed>false</loVibeIsUsed><mdocIsUsed>false</mdocIsUsed></cd_bitRecord></customData></bitRecord><areaNozzleFlow uom="m2">0.000320650826616385</areaNozzleFlow><nozzle><index>2</index><diaNozzle uom="m">0.0142875</diaNozzle><typeNozzle>unknown</typeNozzle></nozzle><nozzle><index>1</index><diaNozzle uom="m">0.0142875</diaNozzle><typeNozzle>unknown</typeNozzle></nozzle><connection><id uom="m">0.09525</id><od uom="m">0.193675</od><len uom="m">0</len><typeThread>7-5/8 REG</typeThread><tqYield uom="J">0</tqYield><position>top</position><criticalCrossSection uom="m2">0</criticalCrossSection><presLeak uom="Pa">0</presLeak><tqMakeup uom="J">74569.987158227</tqMakeup><customData><cd_connection xsi:schemaLocation="http://schema.slb.com/2012/WitsmlExtension cd_tubular_component.xsd" schemaVersion="1.4.1.4" xmlns="http://schema.slb.com/2012/WitsmlExtension"><stressReliefFlag>false</stressReliefFlag><gender>Pin</gender><hydrostaticTestPressure uom="Pa">0</hydrostaticTestPressure><driftDiameter uom="m">0</driftDiameter><linearWeight uom="kg/m">0</linearWeight><bsr>1.532</bsr><tensYield uom="N">0</tensYield><ApiConnectionFlag>false</ApiConnectionFlag></cd_connection></customData></connection><customData><cd_tubularComponent xsi:schemaLocation="http://schema.slb.com/2012/WitsmlExtension cd_tubular_component.xsd" schemaVersion="1.4.1.4" xmlns="http://schema.slb.com/2012/WitsmlExtension"><numSerial /><name>17.5" </name><catalogUid /><weight uom="kg">367.840560086399</weight><tensYield uom="N">0</tensYield><MagneticPoleStrength uom="Wb">0</MagneticPoleStrength><thermalconductivity uom="W/(m.K)">42.7</thermalconductivity><specheatcapacity uom="J/(kg.K)">473</specheatcapacity><diaShank uom="m">0.22225</diaShank><lenShank uom="m">0</lenShank><lenGauge uom="m">0</lenGauge><octalBitSize /><ProductStatus /><WobMaxHasLimit>false</WobMaxHasLimit><WobMinHasLimit>false</WobMinHasLimit><RpmMaxHasLimit>false</RpmMaxHasLimit><RpmMinHasLimit>false</RpmMinHasLimit><FlowRateMaxHasLimit>false</FlowRateMaxHasLimit><FlowRateMinHasLimit>false</FlowRateMinHasLimit><TensileLoadMaxHasLimit>false</TensileLoadMaxHasLimit><OperatingTemperatureMaxHasLimit>false</OperatingTemperatureMaxHasLimit><OperatingPressureMaxHasLimit>false</OperatingPressureMaxHasLimit><DlsSlidingMaxHasLimit>false</DlsSlidingMaxHasLimit><DlsRotatingMaxHasLimit>false</DlsRotatingMaxHasLimit><IsObsolete>false</IsObsolete><SteelGrade><GradeType>G-105</GradeType><TensileUltimateStress uom="Pa" /><TensileYieldStress uom="Pa" /></SteelGrade></cd_tubularComponent></customData></tubularComponent><tubularComponent uid="84bd70d53eec4155b8362a5bedd9eec5"><typeTubularComp>motor</typeTubularComp><sequence>2</sequence><description>800ERT5652</description><id uom="m">0.140462</id><od uom="m">0.244475</od><odMx uom="m">0.244475</odMx><len uom="m">9.881616</len><wtPerLen uom="kg/m">265.983434671063</wtPerLen><grade>G-105</grade><odDrift uom="m">0</odDrift><tqYield uom="J">0</tqYield><stressFatig uom="Pa">0</stressFatig><lenFishneck uom="m">0</lenFishneck><idFishneck uom="m">0</idFishneck><odFishneck uom="m">0</odFishneck><disp uom="m3">0</disp><configCon>bottom box, top box</configCon><torsionalStiffness uom="N/m">0</torsionalStiffness><typeMaterial>steel</typeMaterial><doglegMx uom="rad/m">0</doglegMx><vendor>Schlumberger</vendor><connection><id uom="m">0.140462</id><od uom="m">0.2032</od><len uom="m">0</len><typeThread>7-5/8 REG</typeThread><tqYield uom="J">0</tqYield><position>bottom</position><criticalCrossSection uom="m2">0</criticalCrossSection><presLeak uom="Pa">0</presLeak><tqMakeup uom="J">74569.987158227</tqMakeup><customData><cd_connection xsi:schemaLocation="http://schema.slb.com/2012/WitsmlExtension cd_tubular_component.xsd" schemaVersion="1.4.1.4" xmlns="http://schema.slb.com/2012/WitsmlExtension"><stressReliefFlag>false</stressReliefFlag><gender>Box</gender><hydrostaticTestPressure uom="Pa">0</hydrostaticTestPressure><driftDiameter uom="m">0</driftDiameter><linearWeight uom="kg/m">0</linearWeight><bsr>1.532</bsr><tensYield uom="N">0</tensYield><ApiConnectionFlag>false</ApiConnectionFlag></cd_connection></customData></connection><connection><id uom="m">0.140462</id><od uom="m">0.2032</od><len uom="m">0</len><typeThread>6-5/8 REG</typeThread><tqYield uom="J">0</tqYield><position>top</position><criticalCrossSection uom="m2">0</criticalCrossSection><presLeak uom="Pa">0</presLeak><tqMakeup uom="J">71858.3512615642</tqMakeup><customData><cd_connection xsi:schemaLocation="http://schema.slb.com/2012/WitsmlExtension cd_tubular_component.xsd" schemaVersion="1.4.1.4" xmlns="http://schema.slb.com/2012/WitsmlExtension"><stressReliefFlag>false</stressReliefFlag><gender>Box</gender><hydrostaticTestPressure uom="Pa">0</hydrostaticTestPressure><driftDiameter uom="m">0</driftDiameter><linearWeight uom="kg/m">0</linearWeight><bsr>2.604</bsr><tensYield uom="N">0</tensYield><ApiConnectionFlag>false</ApiConnectionFlag></cd_connection></customData></connection><motor><offsetTool uom="m">0</offsetTool><flowrateMn uom="m3/s">0.01892706</flowrateMn><flowrateMx uom="m3/s">0.05678118</flowrateMx><diaRotorNozzle uom="m">0</diaRotorNozzle><clearanceBearBox uom="m">0</clearanceBearBox><lobesRotor>5</lobesRotor><lobesStator>6</lobesStator><typeBearing>unknown</typeBearing><rotorCatcher>false</rotorCatcher><dumpValve>false</dumpValve><diaNozzle uom="m">0</diaNozzle><rotatable>false</rotatable><bendSettingsMn uom="rad">0</bendSettingsMn><bendSettingsMx uom="rad">0</bendSettingsMx><customData><cd_motor xsi:schemaLocation="http://schema.slb.com/2012/WitsmlExtension cd_tubular_component.xsd" schemaVersion="1.4.1.4" xmlns="http://schema.slb.com/2012/WitsmlExtension"><stages>5.2</stages><statorStageLength uom="m">0</statorStageLength><fullLoad uom="Pa">11031611.4829109</fullLoad><stageMajorDiameter uom="m">0.13716</stageMajorDiameter><nominalPressureFlowRate uom="m3/s">0</nominalPressureFlowRate><nominalPressureLoss uom="Pa">0</nominalPressureLoss><a>-1143.5</a><b>0</b><c>11.435</c><d>0</d><e>-5.51020408163268</e><f>0.24</f><g>0.0118367346938775</g><h>0</h><i>-3.26530612244898E-05</i><j>0</j><k1>0</k1><k2>0</k2><k3>0</k3><linearPressureDropCoefficient uom="kg/(m4.s)">0</linearPressureDropCoefficient><constantPressureDropCoefficient uom="Pa">0</constantPressureDropCoefficient><W uom="N">10453.3207958622</W><X>20.8999999999164</X><Y>21.3999999999144</Y><BearingCapacity uom="N">280237.961761411</BearingCapacity><MudLubricatedOrOilSealedBearing>0</MudLubricatedOrOilSealedBearing><MotorUpperRadialBearingClearance>0.000381000000000006</MotorUpperRadialBearingClearance><MotorLowerRadialBearingClearance>0.000380999999999992</MotorLowerRadialBearingClearance><MinHoleSize uom="m">0.250825</MinHoleSize><MaxHoleSize uom="m">0.37465</MaxHoleSize><StepSize uom="rad">0.00218166156499291</StepSize><BitBoxLength uom="m">0.201168</BitBoxLength><BitBoxOutsideDiameter uom="m">0.207772</BitBoxOutsideDiameter><BitBoxMaxOutsideDiameter uom="m">0.207772</BitBoxMaxOutsideDiameter><BitBoxInsideDiameter uom="m">0.0508</BitBoxInsideDiameter><ExternalDriveShaftLength uom="m">0.208788</ExternalDriveShaftLength><ExternalDriveOutsideDiameter uom="m">0.13335</ExternalDriveOutsideDiameter><ExternalDriveMaxOutsideDiameter uom="m">0.13335</ExternalDriveMaxOutsideDiameter><ExternalDriveInsideDiameter uom="m">0.0508</ExternalDriveInsideDiameter><BearingSectionLength uom="m">0.405384</BearingSectionLength><PowerSectionBottomtoBend uom="m">0</PowerSectionBottomtoBend><PowerSectionLength uom="m">6.096</PowerSectionLength><TopSubLength uom="m">0.420624</TopSubLength><InternalDriveShaftOutsideDiameter uom="m">0.1016</InternalDriveShaftOutsideDiameter><InternalDriveShaftInsideDiameter uom="m">0.0508</InternalDriveShaftInsideDiameter><InternalTransmissionOutsideDiameter uom="m">0.073152</InternalTransmissionOutsideDiameter><InternalTransmissionInsideDiameter uom="m">0</InternalTransmissionInsideDiameter><RotorInsideDiameter uom="m">0.0508</RotorInsideDiameter><RotorMinorDiameter uom="m">0.082677</RotorMinorDiameter><RotorMajorDiameter uom="m">0.119253</RotorMajorDiameter><RotorAverageOutsideDiameter uom="m">0.100965</RotorAverageOutsideDiameter><RotorEccentricity uom="m">0.009144</RotorEccentricity><ABHLength uom="m">0.1627632</ABHLength><UpperBearingLength uom="m">0.187452</UpperBearingLength><UpperBearingRotatingOutsideDiameter uom="m">0.1159002</UpperBearingRotatingOutsideDiameter><UpperBearingRotatingOutsideDiameterNew uom="m">0.1159002</UpperBearingRotatingOutsideDiameterNew><UpperBearingRotatingOutsideDiameterScrap uom="m">0.1151128</UpperBearingRotatingOutsideDiameterScrap><UpperBearingStationaryInsideDiameter uom="m">0.1162812</UpperBearingStationaryInsideDiameter><UpperBearingStationaryInsideDiameterNew uom="m">0.1162812</UpperBearingStationaryInsideDiameterNew><UpperBearingStationaryInsideDiameterScrap uom="m">0.1170686</UpperBearingStationaryInsideDiameterScrap><LowerBearingLength uom="m">0.2328672</LowerBearingLength><LowerBearingRotatingOutsideDiameter uom="m">0.148971</LowerBearingRotatingOutsideDiameter><LowerBearingRotatingOutsideDiameterNew uom="m">0.148971</LowerBearingRotatingOutsideDiameterNew><LowerBearingRotatingOutsideDiameterScrap uom="m">0.1481836</LowerBearingRotatingOutsideDiameterScrap><LowerBearingStationaryInsideDiameter uom="m">0.149352</LowerBearingStationaryInsideDiameter><LowerBearingStationaryInsideDiameterNew uom="m">0.149352</LowerBearingStationaryInsideDiameterNew><LowerBearingStationaryInsideDiameterScrap uom="m">0.1501394</LowerBearingStationaryInsideDiameterScrap><maxTempIncreaseRate uom="degC/s">0</maxTempIncreaseRate><RevPerGal uom="rad/m3">0</RevPerGal><StatorRubberType>0</StatorRubberType><SubCategory>0</SubCategory><TorquePerDeltaPressure uom="N.m/Pa">0</TorquePerDeltaPressure><motorPowerSection><IsObsolete>false</IsObsolete><StatorIsReversible>false</StatorIsReversible><RpmMaxHasLimit>false</RpmMaxHasLimit><RpmMinHasLimit>false</RpmMinHasLimit><FlowRateMaxHasLimit>false</FlowRateMaxHasLimit><FlowRateMinHasLimit>false</FlowRateMinHasLimit><TensileLoadMaxHasLimit>false</TensileLoadMaxHasLimit><OperatingTemperatureMaxHasLimit>false</OperatingTemperatureMaxHasLimit><OperatingPressureMaxHasLimit>false</OperatingPressureMaxHasLimit><DlsSlidingMaxHasLimit>false</DlsSlidingMaxHasLimit><DlsRotatingMaxHasLimit>false</DlsRotatingMaxHasLimit><MaxRateOfTemperatureIncrease uom="K/s">0</MaxRateOfTemperatureIncrease><IsUsePowerDesignerModel>false</IsUsePowerDesignerModel></motorPowerSection><motorLowerEnd><WobMaxHasLimit>false</WobMaxHasLimit><WobMinHasLimit>false</WobMinHasLimit><MinHoleSize uom="m">0.250825</MinHoleSize><MaxHoleSize uom="m">0.37465</MaxHoleSize></motorLowerEnd><motorTransmissionSection /><motorBearingSection /><motorDriveShaft /></cd_motor></customData></motor><bend><angle uom="rad">0.0261799387799149</angle><distBendBot uom="m">2.151888</distBendBot></bend><bend><angle uom="rad">0</angle><distBendBot uom="m">0</distBendBot></bend><customData><cd_tubularComponent xsi:schemaLocation="http://schema.slb.com/2012/WitsmlExtension cd_tubular_component.xsd" schemaVersion="1.4.1.4" xmlns="http://schema.slb.com/2012/WitsmlExtension"><numSerial /><name>Mud Motor</name><catalogUid /><weight uom="kg">2628.34616390753</weight><tensYield uom="N">0</tensYield><MagneticPoleStrength uom="Wb">0</MagneticPoleStrength><thermalconductivity uom="W/(m.K)">42.7</thermalconductivity><anisotropyRating uom="">1</anisotropyRating><thermalExpansionCoefficient uom="1/K">1.24E-05</thermalExpansionCoefficient><specheatcapacity uom="J/(kg.K)">473</specheatcapacity><NonMagFlag>false</NonMagFlag><subType /><maxMakeUpTorque uom="J">0</maxMakeUpTorque><maxDoglegSliding uom="rad/m">0</maxDoglegSliding><WobMaxHasLimit>false</WobMaxHasLimit><WobMinHasLimit>false</WobMinHasLimit><RpmMaxHasLimit>false</RpmMaxHasLimit><RpmMinHasLimit>false</RpmMinHasLimit><FlowRateMaxHasLimit>false</FlowRateMaxHasLimit><FlowRateMax uom="m3/s">0.05678118</FlowRateMax><FlowRateMinHasLimit>false</FlowRateMinHasLimit><FlowRateMin uom="m3/s">0.01892706</FlowRateMin><TensileLoadMaxHasLimit>false</TensileLoadMaxHasLimit><OperatingTemperatureMaxHasLimit>false</OperatingTemperatureMaxHasLimit><OperatingPressureMaxHasLimit>false</OperatingPressureMaxHasLimit><DlsSlidingMaxHasLimit>false</DlsSlidingMaxHasLimit><DlsRotatingMaxHasLimit>false</DlsRotatingMaxHasLimit><IsObsolete>false</IsObsolete><collarsection><ParentType>PowerSection.TopSubSections</ParentType><len uom="m" classification="Confidential">6kfELQjpAFpB557OI5bnMw==</len></collarsection><collarsection><ParentType>LowerEnd.TransmissionSection.ShaftSections</ParentType><id uom="m" classification="Confidential">NMAeId0t6k0=</id><od uom="m" classification="Confidential">av8TrWbsvZ+hSCp9wEJyNQ==</od></collarsection><collarsection><ParentType>LowerEnd.DriveShaft.ShaftSections</ParentType><id uom="m" classification="Confidential">aptAs/ixCuU=</id><od uom="m" classification="Confidential">yXIlOkAR0os=</od><len uom="m" classification="Confidential">tQmj08xsaEUCCddkbvK9tQ==</len></collarsection><collarsection><ParentType>LowerEnd.DriveShaft.ShaftSections</ParentType><id uom="m" classification="Confidential">aptAs/ixCuU=</id><od uom="m" classification="Confidential">xxRgAgQi5kE=</od></collarsection><SteelGrade><GradeType>G-105</GradeType><TensileUltimateStress uom="Pa" /><TensileYieldStress uom="Pa" /></SteelGrade></cd_tubularComponent></customData></tubularComponent><tubularComponent uid="c017e530445546919918cc0a74e8c19e"><typeTubularComp>other</typeTubularComp><sequence>3</sequence><description>8" Misc. Sub</description><id uom="m">0.0714375</id><od uom="m">0.2032</od><odMx uom="m">0.2032</odMx><len uom="m">4.120896</len><wtPerLen uom="kg/m">222.02597072138</wtPerLen><grade>G-105</grade><odDrift uom="m">0</odDrift><tqYield uom="J">0</tqYield><stressFatig uom="Pa">0</stressFatig><lenFishneck uom="m">0</lenFishneck><idFishneck uom="m">0</idFishneck><odFishneck uom="m">0</odFishneck><disp uom="m3">0</disp><configCon>bottom pin top box</configCon><torsionalStiffness uom="N/m">0</torsionalStiffness><typeMaterial>steel</typeMaterial><doglegMx uom="rad/m">0</doglegMx><vendor>Schlumberger</vendor><connection><id uom="m">0.0714375</id><od uom="m">0.168275</od><len uom="m">0</len><typeThread>6-5/8 REG</typeThread><tqYield uom="J">0</tqYield><position>bottom</position><criticalCrossSection uom="m2">0</criticalCrossSection><presLeak uom="Pa">0</presLeak><tqMakeup uom="J">71858.3512615642</tqMakeup><customData><cd_connection xsi:schemaLocation="http://schema.slb.com/2012/WitsmlExtension cd_tubular_component.xsd" schemaVersion="1.4.1.4" xmlns="http://schema.slb.com/2012/WitsmlExtension"><stressReliefFlag>false</stressReliefFlag><gender>Pin</gender><hydrostaticTestPressure uom="Pa">0</hydrostaticTestPressure><driftDiameter uom="m">0</driftDiameter><linearWeight uom="kg/m">0</linearWeight><bsr>2.604</bsr><tensYield uom="N">0</tensYield><ApiConnectionFlag>false</ApiConnectionFlag></cd_connection></customData></connection><connection><id uom="m">0.0714375</id><od uom="m">0.168275</od><len uom="m">0</len><typeThread>6-5/8 REG</typeThread><tqYield uom="J">0</tqYield><position>top</position><criticalCrossSection uom="m2">0</criticalCrossSection><presLeak uom="Pa">0</presLeak><tqMakeup uom="J">67790.89741657</tqMakeup><customData><cd_connection xsi:schemaLocation="http://schema.slb.com/2012/WitsmlExtension cd_tubular_component.xsd" schemaVersion="1.4.1.4" xmlns="http://schema.slb.com/2012/WitsmlExtension"><stressReliefFlag>false</stressReliefFlag><gender>Box</gender><hydrostaticTestPressure uom="Pa">0</hydrostaticTestPressure><driftDiameter uom="m">0</driftDiameter><linearWeight uom="kg/m">0</linearWeight><bsr>1.142</bsr><tensYield uom="N">0</tensYield><ApiConnectionFlag>false</ApiConnectionFlag></cd_connection></customData></connection><customData><cd_tubularComponent xsi:schemaLocation="http://schema.slb.com/2012/WitsmlExtension cd_tubular_component.xsd" schemaVersion="1.4.1.4" xmlns="http://schema.slb.com/2012/WitsmlExtension"><numSerial /><name>8" Shock Sub</name><catalogUid /><weight uom="kg">914.945936329216</weight><tensYield uom="N">0</tensYield><MagneticPoleStrength uom="Wb">0</MagneticPoleStrength><thermalconductivity uom="W/(m.K)">42.7</thermalconductivity><anisotropyRating uom="">1</anisotropyRating><thermalExpansionCoefficient uom="1/K">1.24E-05</thermalExpansionCoefficient><specheatcapacity uom="J/(kg.K)">473</specheatcapacity><NonMagFlag>false</NonMagFlag><subType /><maxMakeUpTorque uom="J">0</maxMakeUpTorque><maxDoglegSliding uom="rad/m">0</maxDoglegSliding><WobMaxHasLimit>false</WobMaxHasLimit><WobMinHasLimit>false</WobMinHasLimit><RpmMaxHasLimit>false</RpmMaxHasLimit><RpmMinHasLimit>false</RpmMinHasLimit><FlowRateMaxHasLimit>false</FlowRateMaxHasLimit><FlowRateMinHasLimit>false</FlowRateMinHasLimit><TensileLoadMaxHasLimit>false</TensileLoadMaxHasLimit><OperatingTemperatureMaxHasLimit>false</OperatingTemperatureMaxHasLimit><OperatingPressureMaxHasLimit>false</OperatingPressureMaxHasLimit><DlsSlidingMaxHasLimit>false</DlsSlidingMaxHasLimit><DlsRotatingMaxHasLimit>false</DlsRotatingMaxHasLimit><IsObsolete>false</IsObsolete><type>Drill_Sub</type><miscSubType /><SteelGrade><GradeType>G-105</GradeType><TensileUltimateStress uom="Pa" /><TensileYieldStress uom="Pa" /></SteelGrade></cd_tubularComponent></customData></tubularComponent><tubularComponent uid="40ef2ca214dd4c4785b366b6ffab9c75"><typeTubularComp>stabilizer</typeTubularComp><sequence>4</sequence><description>8 1/4" OD</description><id uom="m">0.0762</id><od uom="m">0.20955</od><odMx uom="m">0.441325</odMx><len uom="m">2.30124</len><wtPerLen uom="kg/m">233.790555534777</wtPerLen><grade>G-105</grade><odDrift uom="m">0</odDrift><tqYield uom="J">0</tqYield><stressFatig uom="Pa">0</stressFatig><lenFishneck uom="m">0</lenFishneck><idFishneck uom="m">0</idFishneck><odFishneck uom="m">0</odFishneck><disp uom="m3">0</disp><wearWall uom="%">2.625</wearWall><configCon>bottom pin top box</configCon><torsionalStiffness uom="N/m">0</torsionalStiffness><typeMaterial>non-magnetic steel</typeMaterial><doglegMx uom="rad/m">0</doglegMx><vendor>Schlumberger</vendor><connection><id uom="m">0.0762</id><od uom="m">0.20955</od><len uom="m">0</len><typeThread>6-5/8 REG</typeThread><tqYield uom="J">0</tqYield><position>bottom</position><criticalCrossSection uom="m2">0</criticalCrossSection><presLeak uom="Pa">0</presLeak><tqMakeup uom="J">67790.89741657</tqMakeup><customData><cd_connection xsi:schemaLocation="http://schema.slb.com/2012/WitsmlExtension cd_tubular_component.xsd" schemaVersion="1.4.1.4" xmlns="http://schema.slb.com/2012/WitsmlExtension"><stressReliefFlag>false</stressReliefFlag><gender>Pin</gender><hydrostaticTestPressure uom="Pa">0</hydrostaticTestPressure><driftDiameter uom="m">0</driftDiameter><linearWeight uom="kg/m">0</linearWeight><bsr>1.142</bsr><tensYield uom="N">0</tensYield><ApiConnectionFlag>false</ApiConnectionFlag></cd_connection></customData></connection><connection><id uom="m">0.0762</id><od uom="m">0.20955</od><len uom="m">0</len><typeThread>6-5/8 REG</typeThread><tqYield uom="J">0</tqYield><position>top</position><criticalCrossSection uom="m2">0</criticalCrossSection><presLeak uom="Pa">0</presLeak><tqMakeup uom="J">63723.4435715758</tqMakeup><customData><cd_connection xsi:schemaLocation="http://schema.slb.com/2012/WitsmlExtension cd_tubular_component.xsd" schemaVersion="1.4.1.4" xmlns="http://schema.slb.com/2012/WitsmlExtension"><stressReliefFlag>false</stressReliefFlag><gender>Box</gender><hydrostaticTestPressure uom="Pa">0</hydrostaticTestPressure><driftDiameter uom="m">0</driftDiameter><linearWeight uom="kg/m">0</linearWeight><bsr>2.927</bsr><tensYield uom="N">0</tensYield><ApiConnectionFlag>false</ApiConnectionFlag></cd_connection></customData></connection><stabilizer><lenBlade uom="m">0.6096</lenBlade><lenBladeGauge uom="m">0</lenBladeGauge><odBladeMx uom="m">0.441325</odBladeMx><odBladeMn uom="m">0</odBladeMn><distBladeBot uom="m">-0.45720000000000005</distBladeBot><shapeBlade>unknown</shapeBlade><typeBlade>unknown</typeBlade><customData><cd_stabilizer xsi:schemaLocation="http://schema.slb.com/2012/WitsmlExtension cd_tubular_component.xsd" schemaVersion="1.4.1.4" xmlns="http://schema.slb.com/2012/WitsmlExtension"><gaugeLength uom="m">0</gaugeLength><bladeCount>0</bladeCount><bladeHeight uom="m">0</bladeHeight><bladeWidth uom="m">0</bladeWidth><bladeHeightOpenPosition uom="m">0</bladeHeightOpenPosition><bladeSpiral uom="rad">0</bladeSpiral><materialType>steel</materialType><nonMagFlag>false</nonMagFlag><MagneticPoleStrength uom="Wb">0</MagneticPoleStrength></cd_stabilizer></customData></stabilizer><customData><cd_tubularComponent xsi:schemaLocation="http://schema.slb.com/2012/WitsmlExtension cd_tubular_component.xsd" schemaVersion="1.4.1.4" xmlns="http://schema.slb.com/2012/WitsmlExtension"><numSerial /><name>17 3/8" String Stab</name><catalogUid /><weight uom="kg">538.00817801885</weight><tensYield uom="N">0</tensYield><MagneticPoleStrength uom="Wb">0</MagneticPoleStrength><thermalconductivity uom="W/(m.K)">42.7</thermalconductivity><anisotropyRating uom="">1</anisotropyRating><thermalExpansionCoefficient uom="1/K">1.24E-05</thermalExpansionCoefficient><specheatcapacity uom="J/(kg.K)">473</specheatcapacity><NonMagFlag>true</NonMagFlag><subType /><maxMakeUpTorque uom="J">0</maxMakeUpTorque><maxDoglegSliding uom="rad/m">0</maxDoglegSliding><WobMaxHasLimit>false</WobMaxHasLimit><WobMinHasLimit>false</WobMinHasLimit><RpmMaxHasLimit>false</RpmMaxHasLimit><RpmMinHasLimit>false</RpmMinHasLimit><FlowRateMaxHasLimit>false</FlowRateMaxHasLimit><FlowRateMinHasLimit>false</FlowRateMinHasLimit><TensileLoadMaxHasLimit>false</TensileLoadMaxHasLimit><OperatingTemperatureMaxHasLimit>false</OperatingTemperatureMaxHasLimit><OperatingPressureMaxHasLimit>false</OperatingPressureMaxHasLimit><DlsSlidingMaxHasLimit>false</DlsSlidingMaxHasLimit><DlsRotatingMaxHasLimit>false</DlsRotatingMaxHasLimit><IsObsolete>false</IsObsolete><SteelGrade><GradeType>G-105</GradeType><TensileUltimateStress uom="Pa" /><TensileYieldStress uom="Pa" /></SteelGrade></cd_tubularComponent></customData></tubularComponent><tubularComponent uid="aa6253246eaf452b9155af6431cc7110"><typeTubularComp>drill collar</typeTubularComp><sequence>5</sequence><description>8" Collar</description><id uom="m">0.08255</id><od uom="m">0.2032</od><odMx uom="m">0.2032</odMx><len uom="m">4.654296</len><lenJointAv uom="m">2.327148</lenJointAv><numJointStand>2</numJointStand><wtPerLen uom="kg/m">211.526936895398</wtPerLen><grade>G-105</grade><odDrift uom="m">0</odDrift><tqYield uom="J">0</tqYield><stressFatig uom="Pa">0</stressFatig><lenFishneck uom="m">0</lenFishneck><idFishneck uom="m">0</idFishneck><odFishneck uom="m">0</odFishneck><disp uom="m3">0</disp><wearWall uom="%">2.59375</wearWall><configCon>bottom pin top box</configCon><torsionalStiffness uom="N/m">0</torsionalStiffness><typeMaterial>other</typeMaterial><doglegMx uom="rad/m">0</doglegMx><vendor>Schlumberger</vendor><model>COLLAR</model><connection><id uom="m">0.0714375</id><od uom="m">0.2032</od><len uom="m">0</len><typeThread>6-5/8 REG</typeThread><tqYield uom="J">0</tqYield><position>bottom</position><criticalCrossSection uom="m2">0</criticalCrossSection><presLeak uom="Pa">0</presLeak><tqMakeup uom="J">63723.4435715758</tqMakeup><customData><cd_connection xsi:schemaLocation="http://schema.slb.com/2012/WitsmlExtension cd_tubular_component.xsd" schemaVersion="1.4.1.4" xmlns="http://schema.slb.com/2012/WitsmlExtension"><stressReliefFlag>false</stressReliefFlag><gender>Pin</gender><hydrostaticTestPressure uom="Pa">0</hydrostaticTestPressure><driftDiameter uom="m">0</driftDiameter><linearWeight uom="kg/m">0</linearWeight><bsr>2.927</bsr><tensYield uom="N">0</tensYield><ApiConnectionFlag>false</ApiConnectionFlag></cd_connection></customData></connection><connection><id uom="m">0.0714375</id><od uom="m">0.2032</od><len uom="m">0</len><typeThread>6-5/8 REG</typeThread><tqYield uom="J">0</tqYield><position>top</position><criticalCrossSection uom="m2">0</criticalCrossSection><presLeak uom="Pa">0</presLeak><tqMakeup uom="J">61011.807674913</tqMakeup><customData><cd_connection xsi:schemaLocation="http://schema.slb.com/2012/WitsmlExtension cd_tubular_component.xsd" schemaVersion="1.4.1.4" xmlns="http://schema.slb.com/2012/WitsmlExtension"><stressReliefFlag>false</stressReliefFlag><gender>Box</gender><hydrostaticTestPressure uom="Pa">0</hydrostaticTestPressure><driftDiameter uom="m">0</driftDiameter><linearWeight uom="kg/m">0</linearWeight><bsr>6.934</bsr><tensYield uom="N">0</tensYield><ApiConnectionFlag>false</ApiConnectionFlag></cd_connection></customData></connection><customData><cd_tubularComponent xsi:schemaLocation="http://schema.slb.com/2012/WitsmlExtension cd_tubular_component.xsd" schemaVersion="1.4.1.4" xmlns="http://schema.slb.com/2012/WitsmlExtension"><numSerial /><name>8" NMPC</name><catalogUid /><weight uom="kg">984.508976044101</weight><tensYield uom="N">0</tensYield><MagneticPoleStrength uom="Wb">0</MagneticPoleStrength><otherMaterial>monel</otherMaterial><thermalconductivity uom="W/(m.K)">26</thermalconductivity><anisotropyRating uom="">-999.25</anisotropyRating><thermalExpansionCoefficient uom="1/K">-999.25</thermalExpansionCoefficient><specheatcapacity uom="J/(kg.K)">430</specheatcapacity><NonMagFlag>true</NonMagFlag><subType>Drill Collar</subType><maxMakeUpTorque uom="J">0</maxMakeUpTorque><maxDoglegSliding uom="rad/m">0</maxDoglegSliding><WobMaxHasLimit>false</WobMaxHasLimit><WobMinHasLimit>false</WobMinHasLimit><RpmMaxHasLimit>false</RpmMaxHasLimit><RpmMinHasLimit>false</RpmMinHasLimit><FlowRateMaxHasLimit>false</FlowRateMaxHasLimit><FlowRateMinHasLimit>false</FlowRateMinHasLimit><TensileLoadMaxHasLimit>false</TensileLoadMaxHasLimit><OperatingTemperatureMaxHasLimit>false</OperatingTemperatureMaxHasLimit><OperatingPressureMaxHasLimit>false</OperatingPressureMaxHasLimit><DlsSlidingMaxHasLimit>false</DlsSlidingMaxHasLimit><DlsRotatingMaxHasLimit>false</DlsRotatingMaxHasLimit><IsObsolete>false</IsObsolete><SteelGrade><GradeType>G-105</GradeType><TensileUltimateStress uom="Pa" /><TensileYieldStress uom="Pa" /></SteelGrade></cd_tubularComponent></customData></tubularComponent><tubularComponent uid="b94fd44b0cc949bc88adac01ead6f940"><typeTubularComp>MWD pulser</typeTubularComp><sequence>6</sequence><description>SlimPulse 950 - Bat. On bottom</description><id uom="m">0.127</id><od uom="m">0.2413</od><odMx uom="m">0.2413</odMx><len uom="m">9.4488</len><wtPerLen uom="kg/m">285.63818732874</wtPerLen><grade>P550</grade><wearWall uom="%">2.25</wearWall><configCon>bottom pin top box</configCon><typeMaterial>non-magnetic steel</typeMaterial><doglegMx uom="rad/m">0.00229045833595056</doglegMx><vendor>Schlumberger</vendor><model>SlimPulse 950 - Bat. On bottom</model><connection><id uom="m">0.127</id><od uom="m">0.2413</od><typeThread>6-5/8 REG</typeThread><position>bottom</position><tqMakeup uom="J">61011.807674913</tqMakeup><customData><cd_connection xsi:schemaLocation="http://schema.slb.com/2012/WitsmlExtension cd_tubular_component.xsd" schemaVersion="1.4.1.4" xmlns="http://schema.slb.com/2012/WitsmlExtension"><stressReliefFlag>false</stressReliefFlag><gender>Pin</gender><bsr>6.934</bsr><ApiConnectionFlag>false</ApiConnectionFlag></cd_connection></customData></connection><connection><id uom="m">0.127</id><od uom="m">0.2413</od><typeThread>6-5/8 REG</typeThread><position>top</position><tqMakeup uom="J">56944.3538299188</tqMakeup><customData><cd_connection xsi:schemaLocation="http://schema.slb.com/2012/WitsmlExtension cd_tubular_component.xsd" schemaVersion="1.4.1.4" xmlns="http://schema.slb.com/2012/WitsmlExtension"><stressReliefFlag>false</stressReliefFlag><gender>Box</gender><bsr>5.107</bsr><ApiConnectionFlag>false</ApiConnectionFlag></cd_connection></customData></connection><mwdTool><flowrateMn uom="m3/s">0.023027923</flowrateMn><flowrateMx uom="m3/s">0.07255373</flowrateMx><tempMx uom="K">423.150000000005</tempMx><sensor><offsetBot uom="m">4.736592</offsetBot><customData><cd_sensor xsi:schemaLocation="http://schema.slb.com/2012/WitsmlExtension cd_tubular_component.xsd" schemaVersion="1.4.1.4" xmlns="http://schema.slb.com/2012/WitsmlExtension"><typeMeasurement>azimuth</typeMeasurement></cd_sensor></customData></sensor><sensor><offsetBot uom="m">5.62356</offsetBot><customData><cd_sensor xsi:schemaLocation="http://schema.slb.com/2012/WitsmlExtension cd_tubular_component.xsd" schemaVersion="1.4.1.4" xmlns="http://schema.slb.com/2012/WitsmlExtension"><typeMeasurement>MWD Gamma Ray</typeMeasurement></cd_sensor></customData></sensor><customData><cd_mwdTool xsi:schemaLocation="http://schema.slb.com/2012/WitsmlExtension cd_tubular_component.xsd" schemaVersion="1.4.1.4" xmlns="http://schema.slb.com/2012/WitsmlExtension"><pressureDropCoef>39750</pressureDropCoef><distToReadOutPort uom="m">0</distToReadOutPort><bendingMomentRotating uom="N.m">106431.708944015</bendingMomentRotating></cd_mwdTool></customData></mwdTool><customData><cd_tubularComponent xsi:schemaLocation="http://schema.slb.com/2012/WitsmlExtension cd_tubular_component.xsd" schemaVersion="1.4.1.4" xmlns="http://schema.slb.com/2012/WitsmlExtension"><numSerial /><name>SlimPulse 950 - Bat. On bottom</name><catalogUid>3133</catalogUid><weight uom="kg">2698.9381044318</weight><thermalconductivity uom="W/(m.K)">42.7</thermalconductivity><anisotropyRating uom="">1</anisotropyRating><thermalExpansionCoefficient uom="1/K">1.24E-05</thermalExpansionCoefficient><specheatcapacity uom="J/(kg.K)">473</specheatcapacity><NonMagFlag>true</NonMagFlag><subType /><maxDoglegSliding uom="rad/m">0.00687137500785169</maxDoglegSliding><WobMaxHasLimit>false</WobMaxHasLimit><WobMinHasLimit>false</WobMinHasLimit><RpmMaxHasLimit>false</RpmMaxHasLimit><RpmMinHasLimit>false</RpmMinHasLimit><FlowRateMaxHasLimit>false</FlowRateMaxHasLimit><FlowRateMax uom="m3/s">0.07255373</FlowRateMax><FlowRateMinHasLimit>false</FlowRateMinHasLimit><FlowRateMin uom="m3/s">0.023027923</FlowRateMin><TensileLoadMaxHasLimit>false</TensileLoadMaxHasLimit><OperatingTemperatureMaxHasLimit>false</OperatingTemperatureMaxHasLimit><OperatingTemperatureMax uom="K">423.150000000005</OperatingTemperatureMax><OperatingPressureMaxHasLimit>false</OperatingPressureMaxHasLimit><DlsSlidingMaxHasLimit>false</DlsSlidingMaxHasLimit><DlsRotatingMaxHasLimit>false</DlsRotatingMaxHasLimit><IsObsolete>false</IsObsolete><businessSystemName>SlimPulse Collar 950</businessSystemName><alias><source>MaxwellProgId</source><name>Slb.SlimPulse.SPSATool</name></alias><alias><source>Osdd</source><name>SPULSE-SPSA</name></alias><alias><source>MaxwellEnsembleCode</source><name>SPULSE-SPSA</name></alias><SteelGrade><GradeType>P550</GradeType><TensileUltimateStress uom="Pa" /><TensileYieldStress uom="Pa" /></SteelGrade></cd_tubularComponent></customData></tubularComponent><tubularComponent uid="3ff3bef7922e4b2f8ea2129df3f690c7"><typeTubularComp>drill collar</typeTubularComp><sequence>7</sequence><description>8" Collar</description><id uom="m">0.08255</id><od uom="m">0.2032</od><odMx uom="m">0.2032</odMx><len uom="m">9.390888</len><lenJointAv uom="m">9.390888</lenJointAv><numJointStand>1</numJointStand><wtPerLen uom="kg/m">211.526936895398</wtPerLen><grade>G-105</grade><odDrift uom="m">0</odDrift><tqYield uom="J">0</tqYield><stressFatig uom="Pa">0</stressFatig><lenFishneck uom="m">0</lenFishneck><idFishneck uom="m">0</idFishneck><odFishneck uom="m">0</odFishneck><disp uom="m3">0</disp><wearWall uom="%">2.375</wearWall><configCon>bottom pin top box</configCon><torsionalStiffness uom="N/m">0</torsionalStiffness><typeMaterial>other</typeMaterial><doglegMx uom="rad/m">0</doglegMx><vendor>Schlumberger</vendor><model>COLLAR</model><connection><id uom="m">0.08255</id><od uom="m">0.2032</od><len uom="m">0</len><typeThread>6-5/8 REG</typeThread><tqYield uom="J">0</tqYield><position>bottom</position><criticalCrossSection uom="m2">0</criticalCrossSection><presLeak uom="Pa">0</presLeak><tqMakeup uom="J">56944.3538299188</tqMakeup><customData><cd_connection xsi:schemaLocation="http://schema.slb.com/2012/WitsmlExtension cd_tubular_component.xsd" schemaVersion="1.4.1.4" xmlns="http://schema.slb.com/2012/WitsmlExtension"><stressReliefFlag>false</stressReliefFlag><gender>Pin</gender><hydrostaticTestPressure uom="Pa">0</hydrostaticTestPressure><driftDiameter uom="m">0</driftDiameter><linearWeight uom="kg/m">0</linearWeight><bsr>5.107</bsr><tensYield uom="N">0</tensYield><ApiConnectionFlag>false</ApiConnectionFlag></cd_connection></customData></connection><connection><id uom="m">0.08255</id><od uom="m">0.2032</od><len uom="m">0</len><typeThread>6-5/8 REG</typeThread><tqYield uom="J">0</tqYield><position>top</position><criticalCrossSection uom="m2">0</criticalCrossSection><presLeak uom="Pa">0</presLeak><tqMakeup uom="J">63723.4435715758</tqMakeup><customData><cd_connection xsi:schemaLocation="http://schema.slb.com/2012/WitsmlExtension cd_tubular_component.xsd" schemaVersion="1.4.1.4" xmlns="http://schema.slb.com/2012/WitsmlExtension"><stressReliefFlag>false</stressReliefFlag><gender>Box</gender><hydrostaticTestPressure uom="Pa">0</hydrostaticTestPressure><driftDiameter uom="m">0</driftDiameter><linearWeight uom="kg/m">0</linearWeight><bsr>2.538</bsr><tensYield uom="N">0</tensYield><ApiConnectionFlag>false</ApiConnectionFlag></cd_connection></customData></connection><customData><cd_tubularComponent xsi:schemaLocation="http://schema.slb.com/2012/WitsmlExtension cd_tubular_component.xsd" schemaVersion="1.4.1.4" xmlns="http://schema.slb.com/2012/WitsmlExtension"><numSerial /><name>8" NMDC</name><catalogUid /><weight uom="kg">1986.42577264654</weight><tensYield uom="N">0</tensYield><MagneticPoleStrength uom="Wb">0</MagneticPoleStrength><otherMaterial>monel</otherMaterial><thermalconductivity uom="W/(m.K)">26</thermalconductivity><anisotropyRating uom="">-999.25</anisotropyRating><thermalExpansionCoefficient uom="1/K">-999.25</thermalExpansionCoefficient><specheatcapacity uom="J/(kg.K)">430</specheatcapacity><NonMagFlag>true</NonMagFlag><subType>Drill Collar</subType><maxMakeUpTorque uom="J">0</maxMakeUpTorque><maxDoglegSliding uom="rad/m">0</maxDoglegSliding><WobMaxHasLimit>false</WobMaxHasLimit><WobMinHasLimit>false</WobMinHasLimit><RpmMaxHasLimit>false</RpmMaxHasLimit><RpmMinHasLimit>false</RpmMinHasLimit><FlowRateMaxHasLimit>false</FlowRateMaxHasLimit><FlowRateMinHasLimit>false</FlowRateMinHasLimit><TensileLoadMaxHasLimit>false</TensileLoadMaxHasLimit><OperatingTemperatureMaxHasLimit>false</OperatingTemperatureMaxHasLimit><OperatingPressureMaxHasLimit>false</OperatingPressureMaxHasLimit><DlsSlidingMaxHasLimit>false</DlsSlidingMaxHasLimit><DlsRotatingMaxHasLimit>false</DlsRotatingMaxHasLimit><IsObsolete>false</IsObsolete><SteelGrade><GradeType>G-105</GradeType><TensileUltimateStress uom="Pa" /><TensileYieldStress uom="Pa" /></SteelGrade></cd_tubularComponent></customData></tubularComponent><tubularComponent uid="ab4fca87c6bc4a65ae3d4efe018cf9aa"><typeTubularComp>other</typeTubularComp><sequence>8</sequence><description>8" Misc. Sub</description><id uom="m">0.0635</id><od uom="m">0.2032</od><odMx uom="m">0.2032</odMx><len uom="m">1.524</len><wtPerLen uom="kg/m">228.59753155733</wtPerLen><grade>G-105</grade><odDrift uom="m">0</odDrift><tqYield uom="J">0</tqYield><stressFatig uom="Pa">0</stressFatig><lenFishneck uom="m">0</lenFishneck><idFishneck uom="m">0</idFishneck><odFishneck uom="m">0</odFishneck><disp uom="m3">0</disp><configCon>bottom pin top box</configCon><torsionalStiffness uom="N/m">0</torsionalStiffness><typeMaterial>non-magnetic steel</typeMaterial><doglegMx uom="rad/m">0</doglegMx><vendor>Schlumberger</vendor><model>8" Misc. Sub</model><connection><id uom="m">0.0635</id><od uom="m">0.168275</od><len uom="m">0</len><typeThread>6-5/8 REG</typeThread><tqYield uom="J">0</tqYield><position>bottom</position><criticalCrossSection uom="m2">0</criticalCrossSection><presLeak uom="Pa">0</presLeak><tqMakeup uom="J">63723.4435715758</tqMakeup><customData><cd_connection xsi:schemaLocation="http://schema.slb.com/2012/WitsmlExtension cd_tubular_component.xsd" schemaVersion="1.4.1.4" xmlns="http://schema.slb.com/2012/WitsmlExtension"><stressReliefFlag>false</stressReliefFlag><gender>Pin</gender><hydrostaticTestPressure uom="Pa">0</hydrostaticTestPressure><driftDiameter uom="m">0</driftDiameter><linearWeight uom="kg/m">0</linearWeight><bsr>2.538</bsr><tensYield uom="N">0</tensYield><ApiConnectionFlag>false</ApiConnectionFlag></cd_connection></customData></connection><connection><id uom="m">0.0635</id><od uom="m">0.168275</od><len uom="m">0</len><typeThread>6-5/8 REG</typeThread><tqYield uom="J">0</tqYield><position>top</position><criticalCrossSection uom="m2">0</criticalCrossSection><presLeak uom="Pa">0</presLeak><tqMakeup uom="J">67790.89741657</tqMakeup><customData><cd_connection xsi:schemaLocation="http://schema.slb.com/2012/WitsmlExtension cd_tubular_component.xsd" schemaVersion="1.4.1.4" xmlns="http://schema.slb.com/2012/WitsmlExtension"><stressReliefFlag>false</stressReliefFlag><gender>Box</gender><hydrostaticTestPressure uom="Pa">0</hydrostaticTestPressure><driftDiameter uom="m">0</driftDiameter><linearWeight uom="kg/m">0</linearWeight><bsr>1.183</bsr><tensYield uom="N">0</tensYield><ApiConnectionFlag>false</ApiConnectionFlag></cd_connection></customData></connection><customData><cd_tubularComponent xsi:schemaLocation="http://schema.slb.com/2012/WitsmlExtension cd_tubular_component.xsd" schemaVersion="1.4.1.4" xmlns="http://schema.slb.com/2012/WitsmlExtension"><numSerial /><name>8" NM Pony</name><catalogUid /><weight uom="kg">348.382638093371</weight><tensYield uom="N">0</tensYield><MagneticPoleStrength uom="Wb">0</MagneticPoleStrength><thermalconductivity uom="W/(m.K)">42.7</thermalconductivity><anisotropyRating uom="">1</anisotropyRating><thermalExpansionCoefficient uom="1/K">1.24E-05</thermalExpansionCoefficient><specheatcapacity uom="J/(kg.K)">473</specheatcapacity><NonMagFlag>true</NonMagFlag><subType /><maxMakeUpTorque uom="J">0</maxMakeUpTorque><maxDoglegSliding uom="rad/m">0</maxDoglegSliding><WobMaxHasLimit>false</WobMaxHasLimit><WobMinHasLimit>false</WobMinHasLimit><RpmMaxHasLimit>false</RpmMaxHasLimit><RpmMinHasLimit>false</RpmMinHasLimit><FlowRateMaxHasLimit>false</FlowRateMaxHasLimit><FlowRateMinHasLimit>false</FlowRateMinHasLimit><TensileLoadMaxHasLimit>false</TensileLoadMaxHasLimit><OperatingTemperatureMaxHasLimit>false</OperatingTemperatureMaxHasLimit><OperatingPressureMaxHasLimit>false</OperatingPressureMaxHasLimit><DlsSlidingMaxHasLimit>false</DlsSlidingMaxHasLimit><DlsRotatingMaxHasLimit>false</DlsRotatingMaxHasLimit><IsObsolete>false</IsObsolete><type>Drill_Sub</type><miscSubType /><SteelGrade><GradeType>G-105</GradeType><TensileUltimateStress uom="Pa" /><TensileYieldStress uom="Pa" /></SteelGrade></cd_tubularComponent></customData></tubularComponent><tubularComponent uid="23095458e93f4d5c991049a21c87e012"><typeTubularComp>drill collar</typeTubularComp><sequence>9</sequence><description>8" Collar</description><id uom="m">0.08255</id><od uom="m">0.2032</od><odMx uom="m">0.2032</odMx><len uom="m">52.4256006096</len><lenJointAv uom="m">8.7376001016</lenJointAv><numJointStand>6</numJointStand><wtPerLen uom="kg/m">211.526936895398</wtPerLen><grade>G-105</grade><odDrift uom="m">0</odDrift><tqYield uom="J">0</tqYield><stressFatig uom="Pa">0</stressFatig><lenFishneck uom="m">0</lenFishneck><idFishneck uom="m">0</idFishneck><odFishneck uom="m">0</odFishneck><disp uom="m3">0</disp><wearWall uom="%">2.375</wearWall><configCon>bottom pin top box</configCon><torsionalStiffness uom="N/m">0</torsionalStiffness><typeMaterial>non-magnetic steel</typeMaterial><doglegMx uom="rad/m">0</doglegMx><vendor>Schlumberger</vendor><model>COLLAR</model><connection><id uom="m">0.08255</id><od uom="m">0.2032</od><len uom="m">0</len><typeThread>6-5/8 REG</typeThread><tqYield uom="J">0</tqYield><position>bottom</position><criticalCrossSection uom="m2">0</criticalCrossSection><presLeak uom="Pa">0</presLeak><tqMakeup uom="J">67790.89741657</tqMakeup><customData><cd_connection xsi:schemaLocation="http://schema.slb.com/2012/WitsmlExtension cd_tubular_component.xsd" schemaVersion="1.4.1.4" xmlns="http://schema.slb.com/2012/WitsmlExtension"><stressReliefFlag>false</stressReliefFlag><gender>Pin</gender><hydrostaticTestPressure uom="Pa">0</hydrostaticTestPressure><driftDiameter uom="m">0</driftDiameter><linearWeight uom="kg/m">0</linearWeight><bsr>1.183</bsr><tensYield uom="N">0</tensYield><ApiConnectionFlag>false</ApiConnectionFlag></cd_connection></customData></connection><connection><id uom="m">0.08255</id><od uom="m">0.2032</od><len uom="m">0</len><typeThread>6-5/8 REG</typeThread><tqYield uom="J">0</tqYield><position>top</position><criticalCrossSection uom="m2">0</criticalCrossSection><presLeak uom="Pa">0</presLeak><tqMakeup uom="J">65079.2615199072</tqMakeup><customData><cd_connection xsi:schemaLocation="http://schema.slb.com/2012/WitsmlExtension cd_tubular_component.xsd" schemaVersion="1.4.1.4" xmlns="http://schema.slb.com/2012/WitsmlExtension"><stressReliefFlag>false</stressReliefFlag><gender>Box</gender><hydrostaticTestPressure uom="Pa">0</hydrostaticTestPressure><driftDiameter uom="m">0</driftDiameter><linearWeight uom="kg/m">0</linearWeight><bsr>2.658</bsr><tensYield uom="N">0</tensYield><ApiConnectionFlag>false</ApiConnectionFlag></cd_connection></customData></connection><customData><cd_tubularComponent xsi:schemaLocation="http://schema.slb.com/2012/WitsmlExtension cd_tubular_component.xsd" schemaVersion="1.4.1.4" xmlns="http://schema.slb.com/2012/WitsmlExtension"><numSerial /><name>8" DC</name><catalogUid /><weight uom="kg">11089.4267071877</weight><tensYield uom="N">0</tensYield><MagneticPoleStrength uom="Wb">0</MagneticPoleStrength><thermalconductivity uom="W/(m.K)">42.7</thermalconductivity><anisotropyRating uom="">1</anisotropyRating><thermalExpansionCoefficient uom="1/K">1.24E-05</thermalExpansionCoefficient><specheatcapacity uom="J/(kg.K)">473</specheatcapacity><NonMagFlag>true</NonMagFlag><subType>Drill Collar</subType><maxMakeUpTorque uom="J">0</maxMakeUpTorque><maxDoglegSliding uom="rad/m">0</maxDoglegSliding><WobMaxHasLimit>false</WobMaxHasLimit><WobMinHasLimit>false</WobMinHasLimit><RpmMaxHasLimit>false</RpmMaxHasLimit><RpmMinHasLimit>false</RpmMinHasLimit><FlowRateMaxHasLimit>false</FlowRateMaxHasLimit><FlowRateMinHasLimit>false</FlowRateMinHasLimit><TensileLoadMaxHasLimit>false</TensileLoadMaxHasLimit><OperatingTemperatureMaxHasLimit>false</OperatingTemperatureMaxHasLimit><OperatingPressureMaxHasLimit>false</OperatingPressureMaxHasLimit><DlsSlidingMaxHasLimit>false</DlsSlidingMaxHasLimit><DlsRotatingMaxHasLimit>false</DlsRotatingMaxHasLimit><IsObsolete>false</IsObsolete><SteelGrade><GradeType>G-105</GradeType><TensileUltimateStress uom="Pa" /><TensileYieldStress uom="Pa" /></SteelGrade></cd_tubularComponent></customData></tubularComponent><tubularComponent uid="abca48da57b240aab884ac8a78f01075"><typeTubularComp>jar</typeTubularComp><sequence>10</sequence><id uom="m">0.0762</id><od uom="m">0.2032</od><odMx uom="m">0.2032</odMx><len uom="m">9.7536</len><wtPerLen uom="kg/m">165.093053554992</wtPerLen><grade>4330V</grade><tqYield uom="J">133534.50973116</tqYield><configCon>bottom pin top box</configCon><typeMaterial>steel</typeMaterial><doglegMx uom="rad/m">0.00426025250486805</doglegMx><vendor>Schlumberger</vendor><model>Hydra-Jar AP</model><connection><id uom="m">0.0762</id><od uom="m">0.2032</od><typeThread>6-5/8 REG</typeThread><position>bottom</position><tqMakeup uom="J">65079.2615199072</tqMakeup><customData><cd_connection xsi:schemaLocation="http://schema.slb.com/2012/WitsmlExtension cd_tubular_component.xsd" schemaVersion="1.4.1.4" xmlns="http://schema.slb.com/2012/WitsmlExtension"><stressReliefFlag>false</stressReliefFlag><gender>Pin</gender><bsr>2.658</bsr><ApiConnectionFlag>false</ApiConnectionFlag></cd_connection></customData></connection><connection><id uom="m">0.0762</id><od uom="m">0.2032</od><typeThread>6-5/8 REG</typeThread><position>top</position><tqMakeup uom="J">56944.3538299188</tqMakeup><customData><cd_connection xsi:schemaLocation="http://schema.slb.com/2012/WitsmlExtension cd_tubular_component.xsd" schemaVersion="1.4.1.4" xmlns="http://schema.slb.com/2012/WitsmlExtension"><stressReliefFlag>false</stressReliefFlag><gender>Box</gender><bsr>2.754</bsr><ApiConnectionFlag>false</ApiConnectionFlag></cd_connection></customData></connection><jar><typeJar>hydraulic</typeJar><jarAction>unknown</jarAction></jar><customData><cd_tubularComponent xsi:schemaLocation="http://schema.slb.com/2012/WitsmlExtension cd_tubular_component.xsd" schemaVersion="1.4.1.4" xmlns="http://schema.slb.com/2012/WitsmlExtension"><numSerial /><name>Hydra-Jar AP</name><catalogUid>d63b5062-917b-474b-9f17-00976dbb70ad</catalogUid><weight uom="kg">1610.25160715397</weight><tensYield uom="N">7213053.7942202</tensYield><thermalconductivity uom="W/(m.K)">42.7</thermalconductivity><anisotropyRating uom="">1</anisotropyRating><thermalExpansionCoefficient uom="1/K">1.24E-05</thermalExpansionCoefficient><specheatcapacity uom="J/(kg.K)">473</specheatcapacity><NonMagFlag>false</NonMagFlag><subType /><WobMaxHasLimit>false</WobMaxHasLimit><WobMinHasLimit>false</WobMinHasLimit><RpmMaxHasLimit>false</RpmMaxHasLimit><RpmMinHasLimit>false</RpmMinHasLimit><FlowRateMaxHasLimit>false</FlowRateMaxHasLimit><FlowRateMinHasLimit>false</FlowRateMinHasLimit><TensileLoadMaxHasLimit>false</TensileLoadMaxHasLimit><OperatingTemperatureMaxHasLimit>false</OperatingTemperatureMaxHasLimit><OperatingPressureMaxHasLimit>false</OperatingPressureMaxHasLimit><DlsSlidingMaxHasLimit>false</DlsSlidingMaxHasLimit><DlsRotatingMaxHasLimit>false</DlsRotatingMaxHasLimit><IsObsolete>false</IsObsolete><type>JAR</type><impactToolProperties><maxDetentWorkingLoad uom="N">1334466.48457815</maxDetentWorkingLoad><jarAveArea uom="m2">0.01019350735488</jarAveArea><freeStrokeUp uom="m">0.2032001016</freeStrokeUp><freeStrokeDown uom="m">0.1777998984</freeStrokeDown><maxHoleSize uom="m">0.4445</maxHoleSize><kelleyMandrel1Length uom="m">0.6096</kelleyMandrel1Length><kelleyMandrel1OD uom="m">0.2032</kelleyMandrel1OD><kelleyMandrel1ID uom="m">0.0762</kelleyMandrel1ID><kelleyMandrel2Length uom="m">2.25552</kelleyMandrel2Length><kelleyMandrel2OD uom="m">0.1317752</kelleyMandrel2OD><kelleyMandrel2ID uom="m">0.0762</kelleyMandrel2ID><knockerLength uom="m">0.353568</knockerLength><knockerOD uom="m">0.1651</knockerOD><knockerID uom="m">0.0762</knockerID><anvilLength uom="m">9.144</anvilLength><anvilOD uom="m">0.2032</anvilOD><anvilID uom="m">0.14986</anvilID></impactToolProperties><SteelGrade><GradeType>4330V</GradeType><TensileUltimateStress uom="Pa" /><TensileYieldStress uom="Pa" /></SteelGrade></cd_tubularComponent></customData></tubularComponent><tubularComponent uid="202c4b002ecf49d087d148eeb73c2429"><typeTubularComp>drill collar</typeTubularComp><sequence>11</sequence><description>8" Collar</description><id uom="m">0.08255</id><od uom="m">0.2032</od><odMx uom="m">0.2032</odMx><len uom="m">27.432</len><lenJointAv uom="m">9.144</lenJointAv><numJointStand>3</numJointStand><wtPerLen uom="kg/m">211.526936895398</wtPerLen><grade>G-105</grade><wearWall uom="%">2.375</wearWall><configCon>bottom pin top box</configCon><typeMaterial>non-magnetic steel</typeMaterial><model>COLLAR</model><connection><id uom="m">0.08255</id><od uom="m">0.2032</od><typeThread>6-5/8 REG</typeThread><position>bottom</position><tqMakeup uom="J">56944.3538299188</tqMakeup><customData><cd_connection xsi:schemaLocation="http://schema.slb.com/2012/WitsmlExtension cd_tubular_component.xsd" schemaVersion="1.4.1.4" xmlns="http://schema.slb.com/2012/WitsmlExtension"><stressReliefFlag>false</stressReliefFlag><gender>Pin</gender><bsr>2.754</bsr><ApiConnectionFlag>false</ApiConnectionFlag></cd_connection></customData></connection><connection><id uom="m">0.08255</id><od uom="m">0.2032</od><typeThread>6-5/8 REG</typeThread><position>top</position><tqMakeup uom="J">67790.89741657</tqMakeup><customData><cd_connection xsi:schemaLocation="http://schema.slb.com/2012/WitsmlExtension cd_tubular_component.xsd" schemaVersion="1.4.1.4" xmlns="http://schema.slb.com/2012/WitsmlExtension"><stressReliefFlag>false</stressReliefFlag><gender>Box</gender><bsr>2.658</bsr><ApiConnectionFlag>false</ApiConnectionFlag></cd_connection></customData></connection><customData><cd_tubularComponent xsi:schemaLocation="http://schema.slb.com/2012/WitsmlExtension cd_tubular_component.xsd" schemaVersion="1.4.1.4" xmlns="http://schema.slb.com/2012/WitsmlExtension"><numSerial /><name>8" Collar</name><catalogUid>586</catalogUid><weight uom="kg">5802.60693019301</weight><thermalconductivity uom="W/(m.K)">42.7</thermalconductivity><anisotropyRating uom="">1</anisotropyRating><thermalExpansionCoefficient uom="1/K">1.24E-05</thermalExpansionCoefficient><specheatcapacity uom="J/(kg.K)">473</specheatcapacity><NonMagFlag>true</NonMagFlag><subType>Drill Collar</subType><WobMaxHasLimit>false</WobMaxHasLimit><WobMinHasLimit>false</WobMinHasLimit><RpmMaxHasLimit>false</RpmMaxHasLimit><RpmMinHasLimit>false</RpmMinHasLimit><FlowRateMaxHasLimit>false</FlowRateMaxHasLimit><FlowRateMinHasLimit>false</FlowRateMinHasLimit><TensileLoadMaxHasLimit>false</TensileLoadMaxHasLimit><OperatingTemperatureMaxHasLimit>false</OperatingTemperatureMaxHasLimit><OperatingPressureMaxHasLimit>false</OperatingPressureMaxHasLimit><DlsSlidingMaxHasLimit>false</DlsSlidingMaxHasLimit><DlsRotatingMaxHasLimit>false</DlsRotatingMaxHasLimit><IsObsolete>false</IsObsolete><SteelGrade><GradeType>G-105</GradeType><TensileUltimateStress uom="Pa" /><TensileYieldStress uom="Pa" /></SteelGrade></cd_tubularComponent></customData></tubularComponent><tubularComponent uid="205bf5905cb54a34a1a4c402d19756b7"><typeTubularComp>other</typeTubularComp><sequence>12</sequence><description>8" Misc. Sub</description><id uom="m">0.0762</id><od uom="m">0.17145</od><odMx uom="m">0.17145</odMx><len uom="m">0.9144</len><wtPerLen uom="kg/m">144.728957136465</wtPerLen><grade>G-105</grade><odDrift uom="m">0</odDrift><tqYield uom="J">0</tqYield><stressFatig uom="Pa">0</stressFatig><lenFishneck uom="m">0</lenFishneck><idFishneck uom="m">0</idFishneck><odFishneck uom="m">0</odFishneck><disp uom="m3">0</disp><configCon>bottom pin top box</configCon><torsionalStiffness uom="N/m">0</torsionalStiffness><typeMaterial>steel</typeMaterial><doglegMx uom="rad/m">0</doglegMx><model>8" Misc. Sub</model><connection><id uom="m">0.0762</id><od uom="m">0.168275</od><len uom="m">0</len><typeThread>6-5/8 REG</typeThread><tqYield uom="J">0</tqYield><position>bottom</position><criticalCrossSection uom="m2">0</criticalCrossSection><presLeak uom="Pa">0</presLeak><tqMakeup uom="J">67790.89741657</tqMakeup><customData><cd_connection xsi:schemaLocation="http://schema.slb.com/2012/WitsmlExtension cd_tubular_component.xsd" schemaVersion="1.4.1.4" xmlns="http://schema.slb.com/2012/WitsmlExtension"><stressReliefFlag>false</stressReliefFlag><gender>Pin</gender><hydrostaticTestPressure uom="Pa">0</hydrostaticTestPressure><driftDiameter uom="m">0</driftDiameter><linearWeight uom="kg/m">0</linearWeight><bsr>2.658</bsr><tensYield uom="N">0</tensYield><ApiConnectionFlag>false</ApiConnectionFlag></cd_connection></customData></connection><connection><id uom="m">0.0762</id><od uom="m">0.168275</od><len uom="m">0</len><typeThread>NC50</typeThread><tqYield uom="J">0</tqYield><position>top</position><criticalCrossSection uom="m2">0</criticalCrossSection><presLeak uom="Pa">0</presLeak><tqMakeup uom="J">61011.807674913</tqMakeup><customData><cd_connection xsi:schemaLocation="http://schema.slb.com/2012/WitsmlExtension cd_tubular_component.xsd" schemaVersion="1.4.1.4" xmlns="http://schema.slb.com/2012/WitsmlExtension"><stressReliefFlag>false</stressReliefFlag><gender>Box</gender><hydrostaticTestPressure uom="Pa">0</hydrostaticTestPressure><driftDiameter uom="m">0</driftDiameter><linearWeight uom="kg/m">0</linearWeight><bsr>4.736</bsr><tensYield uom="N">0</tensYield><diameterAtLET uom="m">0.1152144</diameterAtLET><ApiConnectionFlag>false</ApiConnectionFlag></cd_connection></customData></connection><customData><cd_tubularComponent xsi:schemaLocation="http://schema.slb.com/2012/WitsmlExtension cd_tubular_component.xsd" schemaVersion="1.4.1.4" xmlns="http://schema.slb.com/2012/WitsmlExtension"><numSerial /><name>XO</name><catalogUid /><weight uom="kg">132.340157951991</weight><tensYield uom="N">0</tensYield><MagneticPoleStrength uom="Wb">0</MagneticPoleStrength><thermalconductivity uom="W/(m.K)">42.7</thermalconductivity><anisotropyRating uom="">1</anisotropyRating><thermalExpansionCoefficient uom="1/K">1.24E-05</thermalExpansionCoefficient><specheatcapacity uom="J/(kg.K)">473</specheatcapacity><NonMagFlag>false</NonMagFlag><subType /><maxMakeUpTorque uom="J">0</maxMakeUpTorque><maxDoglegSliding uom="rad/m">0</maxDoglegSliding><WobMaxHasLimit>false</WobMaxHasLimit><WobMinHasLimit>false</WobMinHasLimit><RpmMaxHasLimit>false</RpmMaxHasLimit><RpmMinHasLimit>false</RpmMinHasLimit><FlowRateMaxHasLimit>false</FlowRateMaxHasLimit><FlowRateMinHasLimit>false</FlowRateMinHasLimit><TensileLoadMaxHasLimit>false</TensileLoadMaxHasLimit><OperatingTemperatureMaxHasLimit>false</OperatingTemperatureMaxHasLimit><OperatingPressureMaxHasLimit>false</OperatingPressureMaxHasLimit><DlsSlidingMaxHasLimit>false</DlsSlidingMaxHasLimit><DlsRotatingMaxHasLimit>false</DlsRotatingMaxHasLimit><IsObsolete>false</IsObsolete><type>Drill_Sub</type><miscSubType /><SteelGrade><GradeType>G-105</GradeType><TensileUltimateStress uom="Pa" /><TensileYieldStress uom="Pa" /></SteelGrade></cd_tubularComponent></customData></tubularComponent><tubularComponent uid="7b7dfc6cd2b444c88c97e8635f8498f3"><typeTubularComp>drill pipe</typeTubularComp><sequence>13</sequence><description>5" 19.50 DPS, 10% Wear</description><id uom="m">0.1086104</id><od uom="m">0.1251712</od><odMx uom="m">0.168275</odMx><len uom="m">9.4488</len><lenJointAv uom="m">9.4488</lenJointAv><numJointStand>1</numJointStand><wtPerLen uom="kg/m">33.6325051246719</wtPerLen><grade>S-135</grade><odDrift uom="m">0.1251712</odDrift><tqYield uom="J">89520.591677189</tqYield><stressFatig uom="Pa">0</stressFatig><lenFishneck uom="m">0</lenFishneck><idFishneck uom="m">0</idFishneck><odFishneck uom="m">0</odFishneck><disp uom="m3">0</disp><classService>10% Wear</classService><configCon>bottom pin top box</configCon><torsionalStiffness uom="N/m">0</torsionalStiffness><typeMaterial>steel</typeMaterial><doglegMx uom="rad/m">0</doglegMx><vendor>Rig</vendor><model>S-135</model><connection><id uom="m">0.1086104</id><od uom="m">0.127</od><len uom="m">0</len><typeThread>NC50</typeThread><tqYield uom="J">85958.8579269224</tqYield><position>bottom</position><criticalCrossSection uom="m2">0</criticalCrossSection><presLeak uom="Pa">0</presLeak><tqMakeup uom="J">61011.807674913</tqMakeup><customData><cd_connection xsi:schemaLocation="http://schema.slb.com/2012/WitsmlExtension cd_tubular_component.xsd" schemaVersion="1.4.1.4" xmlns="http://schema.slb.com/2012/WitsmlExtension"><stressReliefFlag>false</stressReliefFlag><gender>Pin</gender><standardizationName>NC50 (4 1/2 IF) IEU</standardizationName><hydrostaticTestPressure uom="Pa">0</hydrostaticTestPressure><upsetType>IEU</upsetType><driftDiameter uom="m">0</driftDiameter><linearWeight uom="kg/m">0</linearWeight><bsr>4.736</bsr><tensYield uom="N">6902305.48042641</tensYield><diameterAtLET uom="m">0.1239774</diameterAtLET><ApiConnectionFlag>false</ApiConnectionFlag></cd_connection></customData></connection><connection><id uom="m">0.1086104</id><od uom="m">0.127</od><len uom="m">0</len><typeThread>NC50</typeThread><tqYield uom="J">85958.8579269224</tqYield><position>top</position><criticalCrossSection uom="m2">0</criticalCrossSection><presLeak uom="Pa">0</presLeak><tqMakeup uom="J">52876.8999849246</tqMakeup><customData><cd_connection xsi:schemaLocation="http://schema.slb.com/2012/WitsmlExtension cd_tubular_component.xsd" schemaVersion="1.4.1.4" xmlns="http://schema.slb.com/2012/WitsmlExtension"><stressReliefFlag>false</stressReliefFlag><gender>Box</gender><standardizationName>NC50 (4 1/2 IF) IEU</standardizationName><hydrostaticTestPressure uom="Pa">0</hydrostaticTestPressure><upsetType>IEU</upsetType><driftDiameter uom="m">0</driftDiameter><linearWeight uom="kg/m">0</linearWeight><tensYield uom="N">6902305.48042641</tensYield><diameterAtLET uom="m">0.1152144</diameterAtLET><ApiConnectionFlag>false</ApiConnectionFlag></cd_connection></customData></connection><customData><cd_tubularComponent xsi:schemaLocation="http://schema.slb.com/2012/WitsmlExtension cd_tubular_component.xsd" schemaVersion="1.4.1.4" xmlns="http://schema.slb.com/2012/WitsmlExtension"><numSerial /><name>5" DP S-135 to surface</name><catalogUid /><weight uom="kg">317.786814422</weight><tensYield uom="N">2828450.64451005</tensYield><MagneticPoleStrength uom="Wb">0</MagneticPoleStrength><thermalconductivity uom="W/(m.K)">42.7</thermalconductivity><anisotropyRating uom="">1</anisotropyRating><thermalExpansionCoefficient uom="1/K">1.24E-05</thermalExpansionCoefficient><specheatcapacity uom="J/(kg.K)">473</specheatcapacity><NonMagFlag>false</NonMagFlag><subType /><maxMakeUpTorque uom="J">0</maxMakeUpTorque><maxDoglegSliding uom="rad/m">0</maxDoglegSliding><WobMaxHasLimit>false</WobMaxHasLimit><WobMinHasLimit>false</WobMinHasLimit><RpmMaxHasLimit>false</RpmMaxHasLimit><RpmMinHasLimit>false</RpmMinHasLimit><FlowRateMaxHasLimit>false</FlowRateMaxHasLimit><FlowRateMinHasLimit>false</FlowRateMinHasLimit><TensileLoadMaxHasLimit>false</TensileLoadMaxHasLimit><OperatingTemperatureMaxHasLimit>false</OperatingTemperatureMaxHasLimit><OperatingPressureMaxHasLimit>false</OperatingPressureMaxHasLimit><DlsSlidingMaxHasLimit>false</DlsSlidingMaxHasLimit><DlsRotatingMaxHasLimit>false</DlsRotatingMaxHasLimit><IsObsolete>false</IsObsolete><toolJointLength uom="m">0</toolJointLength><toolJointNominalInsideDiameter uom="m">0.06985</toolJointNominalInsideDiameter><toolJointNominalOutsideDiameter uom="m">0.168275</toolJointNominalOutsideDiameter><toolJointPercentWear uom="">0</toolJointPercentWear><drillPipe><hydrostaticTestPressure uom="Pa">0</hydrostaticTestPressure><nominalWallThickness uom="m">0</nominalWallThickness><nominalOutsideDiameter uom="m">0.127</nominalOutsideDiameter><nominalInsideDiameter uom="m">0</nominalInsideDiameter><nominalLinearWeight uom="kg/m">29.0191968996063</nominalLinearWeight><heavyWeightFlag>false</heavyWeightFlag></drillPipe><SteelGrade><GradeType>S-135</GradeType><TensileUltimateStress uom="Pa" /><TensileYieldStress uom="Pa" /></SteelGrade></cd_tubularComponent></customData></tubularComponent><commonData><itemState>unknown</itemState></commonData><customData><cd_tubular xsi:schemaLocation="http://schema.slb.com/2012/WitsmlExtension cd_tubular_component.xsd" schemaVersion="1.4.1.4" xmlns="http://schema.slb.com/2012/WitsmlExtension"><jobNumber /></cd_tubular></customData></tubular></tubulars>