<tubulars xsi:schemaLocation="http://www.witsml.org/schemas/1series http://w3.energistics.org/schema/WITSML_v1.4.1.1_Data_Schema/witsml_v1.4.1.1_data/xsd_schemas/obj_tubular.xsd" version="1.4.1.1" xmlns="http://www.witsml.org/schemas/1series" xmlns:xsi="http://www.w3.org/2001/XMLSchema-instance"><tubular uidWell="eb430f84f05d4a4882906f97b94402da" uidWellbore="433745e78df54bed9160018d76e337c1" uid="a25e88adbf4a599e89b4b716906276a3"><nameWell>Tryme Alex</nameWell><nameWellbore>Tryme Alex</nameWellbore><name>8.5" Archer BHA Curve</name><typeTubularAssy>drilling</typeTubularAssy><tubularComponent uid="98c7f6cedc9b4636abc35e5fe3a52e14"><typeTubularComp>bit PDC fixed cutter</typeTubularComp><sequence>1</sequence><description>8  1/2 " Bit</description><id uom="m">0.05715</id><od uom="m">0.14605</od><odMx uom="m">0.2158746</odMx><len uom="m">0.3048</len><wtPerLen uom="kg/m">190.515259984171</wtPerLen><grade>G-105</grade><odDrift uom="m">0</odDrift><tqYield uom="J">0</tqYield><stressFatig uom="Pa">0</stressFatig><lenFishneck uom="m">0</lenFishneck><idFishneck uom="m">0</idFishneck><odFishneck uom="m">0</odFishneck><disp uom="m3">0</disp><configCon>bottom pin</configCon><torsionalStiffness uom="N/m">0</torsionalStiffness><typeMaterial>steel</typeMaterial><vendor>SMITH</vendor><model>PDC</model><bitRecord><numBit>0</numBit><diaBit uom="m">0.2158746</diaBit><diaPassThru uom="m">0</diaPassThru><diaPilot uom="m">0</diaPilot><manufacturer>SMITH</manufacturer><typeBit>PDC</typeBit><condInitInner>0</condInitInner><condInitOuter>0</condInitOuter><condInitBearing>0</condInitBearing><condFinalInner>0</condFinalInner><condFinalOuter>0</condFinalOuter><condFinalBearing>0</condFinalBearing><bitClass>U</bitClass><customData><cd_bitRecord xsi:schemaLocation="http://schema.slb.com/2012/WitsmlExtension cd_tubular_component.xsd" schemaVersion="1.4.1.8" xmlns="http://schema.slb.com/2012/WitsmlExtension"><gaugePadType>2</gaugePadType><sleeveIsUsed>false</sleeveIsUsed><topType>2</topType><bladeTopIsUsed>false</bladeTopIsUsed><loVibeIsUsed>false</loVibeIsUsed><mdocIsUsed>false</mdocIsUsed></cd_bitRecord></customData></bitRecord><areaNozzleFlow uom="m2">0.000625467044510974</areaNozzleFlow><nozzle><index>3</index><diaNozzle uom="m">0.0111125</diaNozzle><typeNozzle>unknown</typeNozzle></nozzle><nozzle><index>2</index><diaNozzle uom="m">0.0111125</diaNozzle><typeNozzle>unknown</typeNozzle></nozzle><nozzle><index>1</index><diaNozzle uom="m">0.0111125</diaNozzle><typeNozzle>unknown</typeNozzle></nozzle><nozzle><index>4</index><diaNozzle uom="m">0.01031875</diaNozzle><typeNozzle>unknown</typeNozzle></nozzle><nozzle><index>3</index><diaNozzle uom="m">0.01031875</diaNozzle><typeNozzle>unknown</typeNozzle></nozzle><nozzle><index>2</index><diaNozzle uom="m">0.01031875</diaNozzle><typeNozzle>unknown</typeNozzle></nozzle><nozzle><index>1</index><diaNozzle uom="m">0.01031875</diaNozzle><typeNozzle>unknown</typeNozzle></nozzle><connection><id uom="m">0.05715</id><od uom="m">0.1143</od><len uom="m">0</len><typeThread>4-1/2 REG</typeThread><tqYield uom="J">0</tqYield><position>top</position><criticalCrossSection uom="m2">0</criticalCrossSection><presLeak uom="Pa">0</presLeak><tqMakeup uom="J">40674.538449942</tqMakeup><customData><cd_connection xsi:schemaLocation="http://schema.slb.com/2012/WitsmlExtension cd_tubular_component.xsd" schemaVersion="1.4.1.8" xmlns="http://schema.slb.com/2012/WitsmlExtension"><stressReliefFlag>false</stressReliefFlag><gender>Pin</gender><hydrostaticTestPressure uom="Pa">0</hydrostaticTestPressure><driftDiameter uom="m">0</driftDiameter><linearWeight uom="kg/m">0</linearWeight><bsr>4.419</bsr><tensYield uom="N">0</tensYield><diameterAtLET uom="m">0.1067054</diameterAtLET><ApiConnectionFlag>false</ApiConnectionFlag></cd_connection></customData></connection><customData><cd_tubularComponent xsi:schemaLocation="http://schema.slb.com/2012/WitsmlExtension cd_tubular_component.xsd" schemaVersion="1.4.1.8" xmlns="http://schema.slb.com/2012/WitsmlExtension"><numSerial /><name>8  1/2 " Bit</name><catalogUid /><weight uom="kg">58.0690512431753</weight><tensYield uom="N">0</tensYield><MagneticPoleStrength uom="Wb">0</MagneticPoleStrength><thermalconductivity uom="W/(m.K)">42.7</thermalconductivity><specheatcapacity uom="J/(kg.K)">473</specheatcapacity><diaShank uom="m">0.14605</diaShank><lenShank uom="m">0</lenShank><lenGauge uom="m">0</lenGauge><octalBitSize /><ProductStatus>Active</ProductStatus><Remarks>8  1/2 " Bit</Remarks><WobMaxHasLimit>false</WobMaxHasLimit><WobMinHasLimit>false</WobMinHasLimit><RpmMaxHasLimit>false</RpmMaxHasLimit><RpmMinHasLimit>false</RpmMinHasLimit><FlowRateMaxHasLimit>false</FlowRateMaxHasLimit><FlowRateMinHasLimit>false</FlowRateMinHasLimit><TensileLoadMaxHasLimit>false</TensileLoadMaxHasLimit><OperatingTemperatureMaxHasLimit>false</OperatingTemperatureMaxHasLimit><OperatingPressureMaxHasLimit>false</OperatingPressureMaxHasLimit><DlsSlidingMaxHasLimit>false</DlsSlidingMaxHasLimit><DlsRotatingMaxHasLimit>false</DlsRotatingMaxHasLimit><IsObsolete>false</IsObsolete><type>BIT</type><SteelGrade><GradeType>G-105</GradeType></SteelGrade></cd_tubularComponent></customData></tubularComponent><tubularComponent uid="6e70b58a001c4c20b964a22e6fb4e704"><typeTubularComp>rotary steering tool</typeTubularComp><sequence>2</sequence><description>PD Archer 675 8 1/2" StabilizedCC 0.9deg</description><id uom="m">0.10668</id><od uom="m">0.174625</od><odMx uom="m">0.212725</odMx><len uom="m">4.919472</len><wtPerLen uom="kg/m">171.991919680527</wtPerLen><grade>P550</grade><odDrift uom="m">0</odDrift><odFishneck uom="m">0.174625</odFishneck><configCon>bottom box, top box</configCon><typeMaterial>non-magnetic steel</typeMaterial><vendor>Schlumberger</vendor><model>PD Archer 675 8 1/2" StabilizedCC 0.9deg</model><connection><id uom="m">0.10668</id><od uom="m">0.174625</od><typeThread>4-1/2 REG</typeThread><position>bottom</position><tqMakeup uom="J">40674.538449942</tqMakeup><customData><cd_connection xsi:schemaLocation="http://schema.slb.com/2012/WitsmlExtension cd_tubular_component.xsd" schemaVersion="1.4.1.8" xmlns="http://schema.slb.com/2012/WitsmlExtension"><stressReliefFlag>false</stressReliefFlag><gender>Box</gender><bsr>4.419</bsr><diameterAtLET uom="m">0.090424</diameterAtLET><ApiConnectionFlag>false</ApiConnectionFlag></cd_connection></customData></connection><connection><id uom="m">0.10668</id><od uom="m">0.174625</od><typeThread>4-1/2 IF</typeThread><position>top</position><tqMakeup uom="J">37962.9025532792</tqMakeup><customData><cd_connection xsi:schemaLocation="http://schema.slb.com/2012/WitsmlExtension cd_tubular_component.xsd" schemaVersion="1.4.1.8" xmlns="http://schema.slb.com/2012/WitsmlExtension"><stressReliefFlag>false</stressReliefFlag><gender>Box</gender><bsr>NaN</bsr><feature>Boreback (4.488")</feature><ApiConnectionFlag>false</ApiConnectionFlag></cd_connection></customData></connection><stabilizer><lenBlade uom="m">0.1524</lenBlade><odBladeMx uom="m">0.212725</odBladeMx><distBladeBot uom="m">0.246888</distBladeBot><shapeBlade>unknown</shapeBlade><typeBlade>unknown</typeBlade><customData><cd_stabilizer xsi:schemaLocation="http://schema.slb.com/2012/WitsmlExtension cd_tubular_component.xsd" schemaVersion="1.4.1.8" xmlns="http://schema.slb.com/2012/WitsmlExtension"><bladeCount>0</bladeCount><BladeAlignType>none</BladeAlignType><BladeProfileType>square</BladeProfileType></cd_stabilizer></customData></stabilizer><stabilizer><lenBlade uom="m">0.21336</lenBlade><odBladeMx uom="m">0.212725</odBladeMx><distBladeBot uom="m">3.700272</distBladeBot><shapeBlade>unknown</shapeBlade><typeBlade>unknown</typeBlade><customData><cd_stabilizer xsi:schemaLocation="http://schema.slb.com/2012/WitsmlExtension cd_tubular_component.xsd" schemaVersion="1.4.1.8" xmlns="http://schema.slb.com/2012/WitsmlExtension"><bladeCount>0</bladeCount><BladeAlignType>none</BladeAlignType><BladeProfileType>square</BladeProfileType></cd_stabilizer></customData></stabilizer><rotarySteerableTool><deflectionMethod>point bit</deflectionMethod><bendAngle uom="rad">0.015707963267949</bendAngle><holeSizeMn uom="m">0.2159</holeSizeMn><holeSizeMx uom="m">0.22225</holeSizeMx><flowRateMn uom="m3/s">0.01577255</flowRateMn><flowRateMx uom="m3/s">0.04100863</flowRateMx><pressLossFact>56800</pressLossFact><padCount>4</padCount><sensor><offsetBot uom="m">2.764536</offsetBot><customData><cd_sensor xsi:schemaLocation="http://schema.slb.com/2012/WitsmlExtension cd_tubular_component.xsd" schemaVersion="1.4.1.8" xmlns="http://schema.slb.com/2012/WitsmlExtension"><typeMeasurement>Gamma Ray</typeMeasurement></cd_sensor></customData></sensor><sensor><offsetBot uom="m">3.029712</offsetBot><customData><cd_sensor xsi:schemaLocation="http://schema.slb.com/2012/WitsmlExtension cd_tubular_component.xsd" schemaVersion="1.4.1.8" xmlns="http://schema.slb.com/2012/WitsmlExtension"><typeMeasurement>azimuth</typeMeasurement></cd_sensor></customData></sensor><customData><cd_rotarySteerableTool xsi:schemaLocation="http://schema.slb.com/2012/WitsmlExtension cd_tubular_component.xsd" schemaVersion="1.4.1.8" xmlns="http://schema.slb.com/2012/WitsmlExtension"><readOutPortOffset uom="m">0</readOutPortOffset><bendOffset uom="m">0.420624</bendOffset></cd_rotarySteerableTool></customData></rotarySteerableTool><customData><cd_tubularComponent xsi:schemaLocation="http://schema.slb.com/2012/WitsmlExtension cd_tubular_component.xsd" schemaVersion="1.4.1.8" xmlns="http://schema.slb.com/2012/WitsmlExtension"><numSerial /><name>PD Archer 675 8 1/2" StabilizedCC 0.9deg</name><catalogUid>41006</catalogUid><weight uom="kg">846.109433203463</weight><thermalconductivity uom="W/(m.K)">42.7</thermalconductivity><anisotropyRating uom="">1</anisotropyRating><thermalExpansionCoefficient uom="1/K">1.24E-05</thermalExpansionCoefficient><specheatcapacity uom="J/(kg.K)">473</specheatcapacity><NonMagFlag>true</NonMagFlag><subType>PDArcher</subType><toolSize>675</toolSize><holeSize>8.4999999926</holeSize><businessSystemName>PowerDrive Archer 675</businessSystemName><Remarks>PD Archer 675 8 1/2" StabilizedCC 0.9deg</Remarks><porthole><type>PH675</type><fatigueRefNo>PHT12_675MC</fatigueRefNo><feature>porthole type-12</feature><distanceToROP uom="m">1.67856408</distanceToROP><distanceToBottom uom="m">1.67856408</distanceToBottom></porthole><porthole><type>PH675</type><fatigueRefNo>PHT12_675MC</fatigueRefNo><feature>porthole type-12</feature><distanceToROP uom="m">4.15003488</distanceToROP><distanceToBottom uom="m">4.15003488</distanceToBottom></porthole><porthole><type>PH675</type><fatigueRefNo>PHT12_675MC</fatigueRefNo><feature>porthole type-12</feature><distanceToROP uom="m">4.06874472</distanceToROP><distanceToBottom uom="m">4.06874472</distanceToBottom></porthole><porthole><type>PH675</type><fatigueRefNo>PHT12_675MC</fatigueRefNo><feature>porthole type-12</feature><distanceToROP uom="m">1.78652424</distanceToROP><distanceToBottom uom="m">1.78652424</distanceToBottom></porthole><controlUnit><id uom="m">0.10668</id><od uom="m">0.17145</od><odMx uom="m">0.212725</odMx><len uom="m">3.121152</len><numJointStand>0</numJointStand><wtPerLen uom="kg/m">148.816394356955</wtPerLen><typeMaterial>non-magnetic steel</typeMaterial><pressLossFact>56800</pressLossFact><vendor>Schlumberger</vendor></controlUnit><extensionSub><id uom="m">0.09906</id><od uom="m">0.174625</od><odMx uom="m">0.174625</odMx><len uom="m">0.249936</len><numJointStand>0</numJointStand><wtPerLen uom="kg/m">126.493935203412</wtPerLen><odDrift uom="m">0.09906</odDrift><typeMaterial>non-magnetic steel</typeMaterial><vendor>Schlumberger</vendor></extensionSub><biasUnit><id uom="m">0.071374</id><od uom="m">0.174625</od><odMx uom="m">0.212725</odMx><len uom="m">1.548384</len><numJointStand>0</numJointStand><wtPerLen uom="kg/m">226.052103028215</wtPerLen><typeMaterial>non-magnetic steel</typeMaterial><padLen uom="m">0.122936</padLen><padOffset uom="m">0.67691</padOffset><padWidth uom="m">0.051816</padWidth><padActivationAngle uom="rad" classification="Confidential">FzHBBYACrR9uGAXNjG4U4y24K4sZL5SZ</padActivationAngle><pistonCount classification="Confidential">PCVQ4sd5CY8=</pistonCount><biasUnitFlowRestrictor uom="m">0.0238125</biasUnitFlowRestrictor><defaultFlowRestrictor uom="m">0.03413125</defaultFlowRestrictor><vendor>Schlumberger</vendor><padVolume uom="m3" classification="Confidential">WFXGb8A/toT9pXD8CtozX4mz4vlPvx2h</padVolume><pistonChokeDiameter uom="m" classification="Confidential">lMLkqcAU858dN184hHJTDg==</pistonChokeDiameter><padDischargeCoefficient classification="Confidential">QTIi+rbwBoo=</padDischargeCoefficient><numberOfBallsFace1>0</numberOfBallsFace1><numberOfGroovesFace1>0</numberOfGroovesFace1><numberOfBallsFace2>0</numberOfBallsFace2><numberOfGroovesFace2>0</numberOfGroovesFace2><numberOfBallsFace3>0</numberOfBallsFace3><numberOfGroovesFace3>0</numberOfGroovesFace3></biasUnit><tempMx uom="K">423.150000000005</tempMx><WobMaxHasLimit>false</WobMaxHasLimit><WobMinHasLimit>false</WobMinHasLimit><RpmMaxHasLimit>false</RpmMaxHasLimit><RpmMinHasLimit>false</RpmMinHasLimit><FlowRateMaxHasLimit>false</FlowRateMaxHasLimit><FlowRateMax uom="m3/s">0.04100863</FlowRateMax><FlowRateMinHasLimit>false</FlowRateMinHasLimit><FlowRateMin uom="m3/s">0.01577255</FlowRateMin><TensileLoadMaxHasLimit>false</TensileLoadMaxHasLimit><OperatingTemperatureMaxHasLimit>false</OperatingTemperatureMaxHasLimit><OperatingTemperatureMax uom="K">423.150000000005</OperatingTemperatureMax><OperatingPressureMaxHasLimit>false</OperatingPressureMaxHasLimit><DlsSlidingMaxHasLimit>false</DlsSlidingMaxHasLimit><DlsRotatingMaxHasLimit>false</DlsRotatingMaxHasLimit><IsObsolete>false</IsObsolete><type>ROTARYSTEERABLE</type><SteelGrade><GradeType>P550</GradeType></SteelGrade></cd_tubularComponent></customData></tubularComponent><tubularComponent uid="1d85739eba9b43a19406cc52c505a8c5"><typeTubularComp>sub-orienting</typeTubularComp><sequence>3</sequence><description>6.75" Misc. Sub</description><id uom="m">0.05715</id><od uom="m">0.17145</od><odMx uom="m">0.17145</odMx><len uom="m">0.9144</len><wtPerLen uom="kg/m">160.31515142144</wtPerLen><grade>G-105</grade><odDrift uom="m">0</odDrift><tqYield uom="J">0</tqYield><stressFatig uom="Pa">0</stressFatig><lenFishneck uom="m">0</lenFishneck><idFishneck uom="m">0</idFishneck><odFishneck uom="m">0</odFishneck><disp uom="m3">0</disp><configCon>bottom pin top box</configCon><torsionalStiffness uom="N/m">0</torsionalStiffness><typeMaterial>non-magnetic steel</typeMaterial><doglegMx uom="rad/m">0</doglegMx><vendor>Schlumberger</vendor><connection><id uom="m">0.05715</id><od uom="m">0.1143</od><len uom="m">0</len><typeThread>4-1/2 IF</typeThread><tqYield uom="J">0</tqYield><position>bottom</position><criticalCrossSection uom="m2">0</criticalCrossSection><presLeak uom="Pa">0</presLeak><tqMakeup uom="J">37962.9025532792</tqMakeup><customData><cd_connection xsi:schemaLocation="http://schema.slb.com/2012/WitsmlExtension cd_tubular_component.xsd" schemaVersion="1.4.1.8" xmlns="http://schema.slb.com/2012/WitsmlExtension"><stressReliefFlag>false</stressReliefFlag><gender>Pin</gender><hydrostaticTestPressure uom="Pa">0</hydrostaticTestPressure><driftDiameter uom="m">0</driftDiameter><linearWeight uom="kg/m">0</linearWeight><bsr>NaN</bsr><tensYield uom="N">0</tensYield><ApiConnectionFlag>false</ApiConnectionFlag></cd_connection></customData></connection><connection><id uom="m">0.05715</id><od uom="m">0.1143</od><len uom="m">0</len><typeThread>4-1/2 IF</typeThread><tqYield uom="J">0</tqYield><position>top</position><criticalCrossSection uom="m2">0</criticalCrossSection><presLeak uom="Pa">0</presLeak><tqMakeup uom="J">37962.9025532792</tqMakeup><customData><cd_connection xsi:schemaLocation="http://schema.slb.com/2012/WitsmlExtension cd_tubular_component.xsd" schemaVersion="1.4.1.8" xmlns="http://schema.slb.com/2012/WitsmlExtension"><stressReliefFlag>false</stressReliefFlag><gender>Box</gender><hydrostaticTestPressure uom="Pa">0</hydrostaticTestPressure><driftDiameter uom="m">0</driftDiameter><linearWeight uom="kg/m">0</linearWeight><bsr>NaN</bsr><tensYield uom="N">0</tensYield><ApiConnectionFlag>false</ApiConnectionFlag></cd_connection></customData></connection><customData><cd_tubularComponent xsi:schemaLocation="http://schema.slb.com/2012/WitsmlExtension cd_tubular_component.xsd" schemaVersion="1.4.1.8" xmlns="http://schema.slb.com/2012/WitsmlExtension"><numSerial /><name>6.75" Misc. Sub</name><catalogUid /><weight uom="kg">146.592174913357</weight><tensYield uom="N">0</tensYield><MagneticPoleStrength uom="Wb">0</MagneticPoleStrength><thermalconductivity uom="W/(m.K)">42.7</thermalconductivity><anisotropyRating uom="">1</anisotropyRating><thermalExpansionCoefficient uom="1/K">1.24E-05</thermalExpansionCoefficient><specheatcapacity uom="J/(kg.K)">473</specheatcapacity><NonMagFlag>true</NonMagFlag><subType /><maxMakeUpTorque uom="J">0</maxMakeUpTorque><maxDoglegSliding uom="rad/m">0</maxDoglegSliding><WobMaxHasLimit>false</WobMaxHasLimit><WobMinHasLimit>false</WobMinHasLimit><RpmMaxHasLimit>false</RpmMaxHasLimit><RpmMinHasLimit>false</RpmMinHasLimit><FlowRateMaxHasLimit>false</FlowRateMaxHasLimit><FlowRateMinHasLimit>false</FlowRateMinHasLimit><TensileLoadMaxHasLimit>false</TensileLoadMaxHasLimit><OperatingTemperatureMaxHasLimit>false</OperatingTemperatureMaxHasLimit><OperatingPressureMaxHasLimit>false</OperatingPressureMaxHasLimit><DlsSlidingMaxHasLimit>false</DlsSlidingMaxHasLimit><DlsRotatingMaxHasLimit>false</DlsRotatingMaxHasLimit><IsObsolete>false</IsObsolete><type>MISCSUB</type><type>Drill_Sub</type><miscSubType>UBHO Sub</miscSubType><Remarks>6.75" Misc. Sub</Remarks><SteelGrade><GradeType>G-105</GradeType></SteelGrade></cd_tubularComponent></customData></tubularComponent><tubularComponent uid="f5cefbdbc7b047c997ba57d417077ffd"><typeTubularComp>MWD pulser</typeTubularComp><sequence>4</sequence><description>CLPS 675 Integrated Flex-Stab(8 3/8")-CLPS</description><id uom="m">0.071882</id><od uom="m">0.17145</od><odMx uom="m">0.212725</odMx><len uom="m">4.410456</len><wtPerLen uom="kg/m">113.993358077428</wtPerLen><grade>G-105</grade><odDrift uom="m">0</odDrift><tqYield uom="J">0</tqYield><stressFatig uom="Pa">0</stressFatig><lenFishneck uom="m">0.481584</lenFishneck><idFishneck uom="m">0</idFishneck><odFishneck uom="m">0.17145</odFishneck><disp uom="m3">0</disp><configCon>bottom pin</configCon><torsionalStiffness uom="N/m">0</torsionalStiffness><typeMaterial>non-magnetic steel</typeMaterial><doglegMx uom="rad/m">0.00858921875981461</doglegMx><vendor>Schlumberger</vendor><model>CLPS 675 Integrated Flex-Stab(8 3/8")-CLPS</model><connection><id uom="m">0.071882</id><od uom="m">0.17145</od><len uom="m">0</len><typeThread>4-1/2 IF</typeThread><tqYield uom="J">0</tqYield><position>bottom</position><criticalCrossSection uom="m2">0</criticalCrossSection><presLeak uom="Pa">0</presLeak><tqMakeup uom="J">37962.9025532792</tqMakeup><customData><cd_connection xsi:schemaLocation="http://schema.slb.com/2012/WitsmlExtension cd_tubular_component.xsd" schemaVersion="1.4.1.8" xmlns="http://schema.slb.com/2012/WitsmlExtension"><stressReliefFlag>false</stressReliefFlag><gender>Pin</gender><hydrostaticTestPressure uom="Pa">0</hydrostaticTestPressure><driftDiameter uom="m">0</driftDiameter><linearWeight uom="kg/m">0</linearWeight><bsr>NaN</bsr><tensYield uom="N">0</tensYield><ApiConnectionFlag>false</ApiConnectionFlag></cd_connection></customData></connection><connection><id uom="m">0.071882</id><od uom="m">0.17145</od><len uom="m">0</len><typeThread>NC50</typeThread><tqYield uom="J">0</tqYield><position>top</position><criticalCrossSection uom="m2">0</criticalCrossSection><presLeak uom="Pa">0</presLeak><tqMakeup uom="J">32539.6307599536</tqMakeup><customData><cd_connection xsi:schemaLocation="http://schema.slb.com/2012/WitsmlExtension cd_tubular_component.xsd" schemaVersion="1.4.1.8" xmlns="http://schema.slb.com/2012/WitsmlExtension"><stressReliefFlag>false</stressReliefFlag><gender>Pin</gender><hydrostaticTestPressure uom="Pa">0</hydrostaticTestPressure><driftDiameter uom="m">0</driftDiameter><linearWeight uom="kg/m">0</linearWeight><bsr>2.372</bsr><tensYield uom="N">0</tensYield><diameterAtLET uom="m">0.1239774</diameterAtLET><ApiConnectionFlag>false</ApiConnectionFlag></cd_connection></customData></connection><mwdTool><flowrateMn uom="m3/s">0</flowrateMn><flowrateMx uom="m3/s">0.0315451</flowrateMx><tempMx uom="K">423.150000000005</tempMx><idEquv uom="m">0</idEquv><customData><cd_mwdTool xsi:schemaLocation="http://schema.slb.com/2012/WitsmlExtension cd_tubular_component.xsd" schemaVersion="1.4.1.8" xmlns="http://schema.slb.com/2012/WitsmlExtension"><pressureDropCoef>10000</pressureDropCoef><linearPressureDropCoefficient uom="kg/(m4.s)">0</linearPressureDropCoefficient><constantPressureDropCoefficient uom="Pa">0</constantPressureDropCoefficient><distToReadOutPort uom="m">0</distToReadOutPort><maxTempIncreaseRate uom="degC/s">0</maxTempIncreaseRate></cd_mwdTool></customData></mwdTool><stabilizer><lenBlade uom="m">0.283464</lenBlade><lenBladeGauge uom="m">0</lenBladeGauge><odBladeMx uom="m">0.212725</odBladeMx><odBladeMn uom="m">0</odBladeMn><distBladeBot uom="m">2.993136</distBladeBot><shapeBlade>unknown</shapeBlade><typeBlade>unknown</typeBlade><customData><cd_stabilizer xsi:schemaLocation="http://schema.slb.com/2012/WitsmlExtension cd_tubular_component.xsd" schemaVersion="1.4.1.8" xmlns="http://schema.slb.com/2012/WitsmlExtension"><gaugeLength uom="m">0</gaugeLength><bladeCount>0</bladeCount><bladeHeight uom="m">0</bladeHeight><bladeWidth uom="m">0</bladeWidth><bladeHeightOpenPosition uom="m">0</bladeHeightOpenPosition><bladeSpiral uom="rad">0</bladeSpiral><materialType>steel</materialType><nonMagFlag>false</nonMagFlag><MagneticPoleStrength uom="Wb">0</MagneticPoleStrength><BladeAlignType>none</BladeAlignType><BladeProfileType>square</BladeProfileType></cd_stabilizer></customData></stabilizer><customData><cd_tubularComponent xsi:schemaLocation="http://schema.slb.com/2012/WitsmlExtension cd_tubular_component.xsd" schemaVersion="1.4.1.8" xmlns="http://schema.slb.com/2012/WitsmlExtension"><numSerial /><name>CLPS 675 Integrated Flex-Stab(8 3/8")-CLPS</name><catalogUid /><weight uom="kg">502.76269009274</weight><tensYield uom="N">0</tensYield><MagneticPoleStrength uom="Wb">0</MagneticPoleStrength><thermalconductivity uom="W/(m.K)">42.7</thermalconductivity><anisotropyRating uom="">1</anisotropyRating><thermalExpansionCoefficient uom="1/K">1.24E-05</thermalExpansionCoefficient><specheatcapacity uom="J/(kg.K)">473</specheatcapacity><NonMagFlag>true</NonMagFlag><subType /><maxMakeUpTorque uom="J">0</maxMakeUpTorque><maxDoglegSliding uom="rad/m">0.0114522916797528</maxDoglegSliding><WobMaxHasLimit>false</WobMaxHasLimit><WobMinHasLimit>false</WobMinHasLimit><RpmMaxHasLimit>false</RpmMaxHasLimit><RpmMinHasLimit>false</RpmMinHasLimit><FlowRateMaxHasLimit>false</FlowRateMaxHasLimit><FlowRateMax uom="m3/s">0.0315451</FlowRateMax><FlowRateMinHasLimit>false</FlowRateMinHasLimit><FlowRateMin uom="m3/s">0</FlowRateMin><TensileLoadMaxHasLimit>false</TensileLoadMaxHasLimit><OperatingTemperatureMaxHasLimit>false</OperatingTemperatureMaxHasLimit><OperatingTemperatureMax uom="K">423.150000000005</OperatingTemperatureMax><OperatingPressureMaxHasLimit>false</OperatingPressureMaxHasLimit><DlsSlidingMaxHasLimit>false</DlsSlidingMaxHasLimit><DlsRotatingMaxHasLimit>false</DlsRotatingMaxHasLimit><IsObsolete>false</IsObsolete><type>MWD</type><Remarks>CLPS 675 Integrated Flex-Stab(8 3/8")-CLPS</Remarks><SteelGrade><GradeType>G-105</GradeType></SteelGrade></cd_tubularComponent></customData></tubularComponent><tubularComponent uid="b84bdfde621a48f1b7d3cfe7c0ac5dc7"><typeTubularComp>MWD pulser</typeTubularComp><sequence>5</sequence><description>SlimPulse 675 - Bat. On bottom</description><id uom="m">0.098552</id><od uom="m">0.17145</od><odMx uom="m">0.174498</odMx><len uom="m">9.4488</len><wtPerLen uom="kg/m">141.613680870079</wtPerLen><grade>P550</grade><wearWall uom="%">1.435</wearWall><configCon>bottom box, top box</configCon><typeMaterial>non-magnetic steel</typeMaterial><doglegMx uom="rad/m">0.00232710566932577</doglegMx><vendor>Schlumberger</vendor><model>SlimPulse 675 - Bat. On bottom</model><connection><id uom="m">0.098552</id><od uom="m">0.17145</od><typeThread>NC50</typeThread><position>bottom</position><tqMakeup uom="J">32539.6307599536</tqMakeup><customData><cd_connection xsi:schemaLocation="http://schema.slb.com/2012/WitsmlExtension cd_tubular_component.xsd" schemaVersion="1.4.1.8" xmlns="http://schema.slb.com/2012/WitsmlExtension"><stressReliefFlag>false</stressReliefFlag><gender>Box</gender><bsr>2.372</bsr><diameterAtLET uom="m">0.1152144</diameterAtLET><ApiConnectionFlag>false</ApiConnectionFlag></cd_connection></customData></connection><connection><id uom="m">0.098552</id><od uom="m">0.17145</od><typeThread>NC50</typeThread><position>top</position><tqMakeup uom="J">32539.6307599536</tqMakeup><customData><cd_connection xsi:schemaLocation="http://schema.slb.com/2012/WitsmlExtension cd_tubular_component.xsd" schemaVersion="1.4.1.8" xmlns="http://schema.slb.com/2012/WitsmlExtension"><stressReliefFlag>false</stressReliefFlag><gender>Box</gender><bsr>2.365</bsr><diameterAtLET uom="m">0.1152144</diameterAtLET><ApiConnectionFlag>false</ApiConnectionFlag></cd_connection></customData></connection><mwdTool><flowrateMn uom="m3/s">0.004416314</flowrateMn><flowrateMx uom="m3/s">0.048579454</flowrateMx><tempMx uom="K">423.150000000005</tempMx><sensor><offsetBot uom="m">5.36448</offsetBot><customData><cd_sensor xsi:schemaLocation="http://schema.slb.com/2012/WitsmlExtension cd_tubular_component.xsd" schemaVersion="1.4.1.8" xmlns="http://schema.slb.com/2012/WitsmlExtension"><typeMeasurement>MWD Gamma Ray</typeMeasurement></cd_sensor></customData></sensor><sensor><offsetBot uom="m">4.440936</offsetBot><customData><cd_sensor xsi:schemaLocation="http://schema.slb.com/2012/WitsmlExtension cd_tubular_component.xsd" schemaVersion="1.4.1.8" xmlns="http://schema.slb.com/2012/WitsmlExtension"><typeMeasurement>azimuth</typeMeasurement></cd_sensor></customData></sensor><customData><cd_mwdTool xsi:schemaLocation="http://schema.slb.com/2012/WitsmlExtension cd_tubular_component.xsd" schemaVersion="1.4.1.8" xmlns="http://schema.slb.com/2012/WitsmlExtension"><pressureDropCoef>7500</pressureDropCoef><distToReadOutPort uom="m">0</distToReadOutPort></cd_mwdTool></customData></mwdTool><customData><cd_tubularComponent xsi:schemaLocation="http://schema.slb.com/2012/WitsmlExtension cd_tubular_component.xsd" schemaVersion="1.4.1.8" xmlns="http://schema.slb.com/2012/WitsmlExtension"><numSerial /><name>SlimPulse 675 - Bat. On bottom</name><catalogUid>3131</catalogUid><weight uom="kg">1338.0793478052</weight><tensileStrength uom="Pa">1034213593.97525</tensileStrength><thermalconductivity uom="W/(m.K)">42.7</thermalconductivity><anisotropyRating uom="">1</anisotropyRating><thermalExpansionCoefficient uom="1/K">1.24E-05</thermalExpansionCoefficient><specheatcapacity uom="J/(kg.K)">473</specheatcapacity><NonMagFlag>true</NonMagFlag><subType /><maxDoglegSliding uom="rad/m">0.00872664625997165</maxDoglegSliding><WobMaxHasLimit>false</WobMaxHasLimit><WobMinHasLimit>true</WobMinHasLimit><WobMin uom="N">0</WobMin><RpmMaxHasLimit>false</RpmMaxHasLimit><RpmMinHasLimit>true</RpmMinHasLimit><RpmMin uom="rad/s">0</RpmMin><FlowRateMaxHasLimit>true</FlowRateMaxHasLimit><FlowRateMax uom="m3/s">0.048579454</FlowRateMax><FlowRateMinHasLimit>true</FlowRateMinHasLimit><FlowRateMin uom="m3/s">0.004416314</FlowRateMin><TensileLoadMaxHasLimit>true</TensileLoadMaxHasLimit><OperatingTemperatureMaxHasLimit>true</OperatingTemperatureMaxHasLimit><OperatingTemperatureMax uom="K">423.150000000005</OperatingTemperatureMax><OperatingPressureMaxHasLimit>true</OperatingPressureMaxHasLimit><OperatingPressureMax uom="Pa">137895145.601366</OperatingPressureMax><DlsSlidingMaxHasLimit>true</DlsSlidingMaxHasLimit><DlsRotatingMaxHasLimit>true</DlsRotatingMaxHasLimit><IsObsolete>false</IsObsolete><type>MWD</type><businessSystemName>SlimPulse Collar 675</businessSystemName><Remarks>SlimPulse 675 - Bat. On bottom</Remarks><alias><source>Osdd</source><name>SPULSE-SPSA</name></alias><alias><source>MaxwellProgId</source><name>Slb.SlimPulse.SPSATool</name></alias><alias><source>MaxwellEnsembleCode</source><name>SPULSE-SPSA</name></alias><SteelGrade><ComponentName>P550</ComponentName><GradeType>P550</GradeType><TensileUltimateStress uom="Pa">1034213593.97525</TensileUltimateStress><TensileYieldStress uom="Pa">965266021.043571</TensileYieldStress></SteelGrade></cd_tubularComponent></customData></tubularComponent><tubularComponent uid="d8433ea0d21942c7948a5302d52012e7"><typeTubularComp>drill pipe</typeTubularComp><sequence>6</sequence><description>6 3/4" Flex NMDC</description><id uom="m">0.0714375</id><od uom="m">0.127</od><odMx uom="m">0.17145</odMx><len uom="m">9.144</len><wtPerLen uom="kg/m">95.5401251771654</wtPerLen><grade>G-105</grade><odDrift uom="m">0</odDrift><tqYield uom="J">0</tqYield><stressFatig uom="Pa">0</stressFatig><lenFishneck uom="m">0</lenFishneck><idFishneck uom="m">0</idFishneck><odFishneck uom="m">0</odFishneck><disp uom="m3">0</disp><wearWall uom="%">0</wearWall><configCon>bottom pin top box</configCon><torsionalStiffness uom="N/m">0</torsionalStiffness><typeMaterial>non-magnetic steel</typeMaterial><doglegMx uom="rad/m">0</doglegMx><vendor>Schlumberger</vendor><model>6 3/4" Flex NMDC</model><connection><id uom="m">0.0714375</id><od uom="m">0.127</od><len uom="m">0</len><typeThread>NC50</typeThread><tqYield uom="J">0</tqYield><position>bottom</position><criticalCrossSection uom="m2">0</criticalCrossSection><presLeak uom="Pa">0</presLeak><tqMakeup uom="J">32539.6307599536</tqMakeup><customData><cd_connection xsi:schemaLocation="http://schema.slb.com/2012/WitsmlExtension cd_tubular_component.xsd" schemaVersion="1.4.1.8" xmlns="http://schema.slb.com/2012/WitsmlExtension"><stressReliefFlag>false</stressReliefFlag><gender>Pin</gender><hydrostaticTestPressure uom="Pa">0</hydrostaticTestPressure><driftDiameter uom="m">0</driftDiameter><linearWeight uom="kg/m">0</linearWeight><bsr>2.365</bsr><tensYield uom="N">0</tensYield><diameterAtLET uom="m">0.1239774</diameterAtLET><ApiConnectionFlag>false</ApiConnectionFlag></cd_connection></customData></connection><connection><id uom="m">0.0714375</id><od uom="m">0.127</od><len uom="m">0</len><typeThread>4-1/2 IF</typeThread><tqYield uom="J">0</tqYield><position>top</position><criticalCrossSection uom="m2">0</criticalCrossSection><presLeak uom="Pa">0</presLeak><tqMakeup uom="J">36607.0846049478</tqMakeup><customData><cd_connection xsi:schemaLocation="http://schema.slb.com/2012/WitsmlExtension cd_tubular_component.xsd" schemaVersion="1.4.1.8" xmlns="http://schema.slb.com/2012/WitsmlExtension"><stressReliefFlag>false</stressReliefFlag><gender>Box</gender><hydrostaticTestPressure uom="Pa">0</hydrostaticTestPressure><driftDiameter uom="m">0</driftDiameter><linearWeight uom="kg/m">0</linearWeight><bsr>NaN</bsr><tensYield uom="N">0</tensYield><ApiConnectionFlag>false</ApiConnectionFlag></cd_connection></customData></connection><customData><cd_tubularComponent xsi:schemaLocation="http://schema.slb.com/2012/WitsmlExtension cd_tubular_component.xsd" schemaVersion="1.4.1.8" xmlns="http://schema.slb.com/2012/WitsmlExtension"><numSerial /><name>6 3/4" Flex NMDC</name><catalogUid /><weight uom="kg">873.61890462</weight><tensYield uom="N">0</tensYield><MagneticPoleStrength uom="Wb">0</MagneticPoleStrength><thermalconductivity uom="W/(m.K)">42.7</thermalconductivity><anisotropyRating uom="">1</anisotropyRating><thermalExpansionCoefficient uom="1/K">1.24E-05</thermalExpansionCoefficient><specheatcapacity uom="J/(kg.K)">473</specheatcapacity><NonMagFlag>true</NonMagFlag><subType>Flex Collar</subType><maxMakeUpTorque uom="J">0</maxMakeUpTorque><WobMaxHasLimit>false</WobMaxHasLimit><WobMinHasLimit>false</WobMinHasLimit><RpmMaxHasLimit>false</RpmMaxHasLimit><RpmMinHasLimit>false</RpmMinHasLimit><FlowRateMaxHasLimit>false</FlowRateMaxHasLimit><FlowRateMinHasLimit>false</FlowRateMinHasLimit><TensileLoadMaxHasLimit>false</TensileLoadMaxHasLimit><OperatingTemperatureMaxHasLimit>false</OperatingTemperatureMaxHasLimit><OperatingPressureMaxHasLimit>false</OperatingPressureMaxHasLimit><DlsSlidingMaxHasLimit>false</DlsSlidingMaxHasLimit><DlsRotatingMaxHasLimit>false</DlsRotatingMaxHasLimit><IsObsolete>false</IsObsolete><type>FLEXCOLLAR</type><toolJointLength uom="m">0</toolJointLength><toolJointNominalInsideDiameter uom="m">0.0714375</toolJointNominalInsideDiameter><toolJointNominalOutsideDiameter uom="m">0.17145</toolJointNominalOutsideDiameter><toolJointPercentWear uom="">0</toolJointPercentWear><Remarks>6 3/4" Flex NMDC</Remarks><drillPipe /><SteelGrade><GradeType>G-105</GradeType></SteelGrade></cd_tubularComponent></customData></tubularComponent><tubularComponent uid="08e61e0882d64bbba9f86a92b93173af"><typeTubularComp>heavy weight drill pipe</typeTubularComp><sequence>7</sequence><description>5" HWDP</description><id uom="m">0.0762</id><od uom="m">0.127</od><odMx uom="m">0.1651</odMx><len uom="m">27.38628</len><lenJointAv uom="m">9.12876</lenJointAv><numJointStand>3</numJointStand><wtPerLen uom="kg/m">74.9737009651981</wtPerLen><grade>D-55</grade><odDrift uom="m">0</odDrift><lenFishneck uom="m">0</lenFishneck><odFishneck uom="m">0</odFishneck><configCon>bottom pin top box</configCon><typeMaterial>steel</typeMaterial><vendor>RIG</vendor><connection><id uom="m">0.0777875</id><od uom="m">0.1651</od><typeThread>4-1/2 IF</typeThread><position>bottom</position><tqMakeup uom="J">36607.0846049478</tqMakeup><customData><cd_connection xsi:schemaLocation="http://schema.slb.com/2012/WitsmlExtension cd_tubular_component.xsd" schemaVersion="1.4.1.8" xmlns="http://schema.slb.com/2012/WitsmlExtension"><stressReliefFlag>false</stressReliefFlag><gender>Pin</gender><bsr>NaN</bsr><ApiConnectionFlag>false</ApiConnectionFlag></cd_connection></customData></connection><connection><id uom="m">0.0777875</id><od uom="m">0.1651</od><typeThread>4-1/2 IF</typeThread><position>top</position><tqMakeup uom="J">39318.7205016106</tqMakeup><customData><cd_connection xsi:schemaLocation="http://schema.slb.com/2012/WitsmlExtension cd_tubular_component.xsd" schemaVersion="1.4.1.8" xmlns="http://schema.slb.com/2012/WitsmlExtension"><stressReliefFlag>false</stressReliefFlag><gender>Box</gender><bsr>NaN</bsr><ApiConnectionFlag>false</ApiConnectionFlag></cd_connection></customData></connection><customData><cd_tubularComponent xsi:schemaLocation="http://schema.slb.com/2012/WitsmlExtension cd_tubular_component.xsd" schemaVersion="1.4.1.8" xmlns="http://schema.slb.com/2012/WitsmlExtension"><numSerial /><name>5" HWDP</name><catalogUid /><weight uom="kg">2053.25076733722</weight><MagneticPoleStrength uom="Wb">0</MagneticPoleStrength><thermalconductivity uom="W/(m.K)">42.7</thermalconductivity><anisotropyRating uom="">1</anisotropyRating><thermalExpansionCoefficient uom="1/K">1.24E-05</thermalExpansionCoefficient><specheatcapacity uom="J/(kg.K)">473</specheatcapacity><NonMagFlag>false</NonMagFlag><subType>Heavy Weight Drill Pipe</subType><WobMaxHasLimit>false</WobMaxHasLimit><WobMinHasLimit>false</WobMinHasLimit><RpmMaxHasLimit>false</RpmMaxHasLimit><RpmMinHasLimit>false</RpmMinHasLimit><FlowRateMaxHasLimit>false</FlowRateMaxHasLimit><FlowRateMinHasLimit>false</FlowRateMinHasLimit><TensileLoadMaxHasLimit>false</TensileLoadMaxHasLimit><OperatingTemperatureMaxHasLimit>false</OperatingTemperatureMaxHasLimit><OperatingPressureMaxHasLimit>false</OperatingPressureMaxHasLimit><DlsSlidingMaxHasLimit>false</DlsSlidingMaxHasLimit><DlsRotatingMaxHasLimit>false</DlsRotatingMaxHasLimit><IsObsolete>false</IsObsolete><type>HWDP</type><toolJointLength uom="m">0</toolJointLength><toolJointNominalInsideDiameter uom="m">0.0777875</toolJointNominalInsideDiameter><toolJointNominalOutsideDiameter uom="m">0.1651</toolJointNominalOutsideDiameter><toolJointPercentWear uom="">0</toolJointPercentWear><drillPipe><heavyWeightFlag>true</heavyWeightFlag></drillPipe><SteelGrade><GradeType>D-55</GradeType></SteelGrade></cd_tubularComponent></customData></tubularComponent><tubularComponent uid="9c11e43865274a04bf148b02551962f4"><typeTubularComp>heavy weight drill pipe</typeTubularComp><sequence>8</sequence><description>42 x 5" HWDP</description><id uom="m">0.0762</id><od uom="m">0.127</od><odMx uom="m">0.1651</odMx><len uom="m">9.183624</len><lenJointAv uom="m">9.183624</lenJointAv><numJointStand>1</numJointStand><wtPerLen uom="kg/m">74.9737009651981</wtPerLen><grade>D-55</grade><odDrift uom="m">0.0777875</odDrift><lenFishneck uom="m">0</lenFishneck><odFishneck uom="m">0</odFishneck><configCon>bottom pin top box</configCon><typeMaterial>steel</typeMaterial><vendor>RIG</vendor><connection><id uom="m">0.0777875</id><od uom="m">0.1651</od><typeThread>4-1/2 IF</typeThread><position>bottom</position><tqMakeup uom="J">39318.7205016106</tqMakeup><customData><cd_connection xsi:schemaLocation="http://schema.slb.com/2012/WitsmlExtension cd_tubular_component.xsd" schemaVersion="1.4.1.8" xmlns="http://schema.slb.com/2012/WitsmlExtension"><stressReliefFlag>false</stressReliefFlag><gender>Pin</gender><bsr>NaN</bsr><ApiConnectionFlag>false</ApiConnectionFlag></cd_connection></customData></connection><connection><id uom="m">0.0777875</id><od uom="m">0.1651</od><typeThread>4-1/2 IF</typeThread><position>top</position><tqMakeup uom="J">37962.9025532792</tqMakeup><customData><cd_connection xsi:schemaLocation="http://schema.slb.com/2012/WitsmlExtension cd_tubular_component.xsd" schemaVersion="1.4.1.8" xmlns="http://schema.slb.com/2012/WitsmlExtension"><stressReliefFlag>false</stressReliefFlag><gender>Box</gender><bsr>NaN</bsr><ApiConnectionFlag>false</ApiConnectionFlag></cd_connection></customData></connection><customData><cd_tubularComponent xsi:schemaLocation="http://schema.slb.com/2012/WitsmlExtension cd_tubular_component.xsd" schemaVersion="1.4.1.8" xmlns="http://schema.slb.com/2012/WitsmlExtension"><numSerial /><name>42 x 5" HWDP</name><catalogUid /><weight uom="kg">688.530279493849</weight><MagneticPoleStrength uom="Wb">0</MagneticPoleStrength><thermalconductivity uom="W/(m.K)">42.7</thermalconductivity><anisotropyRating uom="">1</anisotropyRating><thermalExpansionCoefficient uom="1/K">1.24E-05</thermalExpansionCoefficient><specheatcapacity uom="J/(kg.K)">473</specheatcapacity><NonMagFlag>false</NonMagFlag><subType>Heavy Weight Drill Pipe</subType><WobMaxHasLimit>false</WobMaxHasLimit><WobMinHasLimit>false</WobMinHasLimit><RpmMaxHasLimit>false</RpmMaxHasLimit><RpmMinHasLimit>false</RpmMinHasLimit><FlowRateMaxHasLimit>false</FlowRateMaxHasLimit><FlowRateMinHasLimit>false</FlowRateMinHasLimit><TensileLoadMaxHasLimit>false</TensileLoadMaxHasLimit><OperatingTemperatureMaxHasLimit>false</OperatingTemperatureMaxHasLimit><OperatingPressureMaxHasLimit>false</OperatingPressureMaxHasLimit><DlsSlidingMaxHasLimit>false</DlsSlidingMaxHasLimit><DlsRotatingMaxHasLimit>false</DlsRotatingMaxHasLimit><IsObsolete>false</IsObsolete><type>HWDP</type><toolJointLength uom="m">0</toolJointLength><toolJointNominalInsideDiameter uom="m">0.0777875</toolJointNominalInsideDiameter><toolJointNominalOutsideDiameter uom="m">0.1651</toolJointNominalOutsideDiameter><toolJointPercentWear uom="">0</toolJointPercentWear><drillPipe><heavyWeightFlag>true</heavyWeightFlag></drillPipe><SteelGrade><GradeType>D-55</GradeType></SteelGrade></cd_tubularComponent></customData></tubularComponent><tubularComponent uid="8e886eda86d54507822b25cb9894a41f"><typeTubularComp>jar</typeTubularComp><sequence>9</sequence><description>Hydra-Jar AP</description><id uom="m">0.0508</id><od uom="m">0.10795</od><odMx uom="m">0.10795</odMx><len uom="m">9.0930984</len><wtPerLen uom="kg/m">39.9065179972524</wtPerLen><grade>G-105</grade><tqYield uom="J">21462.3139995884</tqYield><configCon>bottom pin top box</configCon><typeMaterial>steel</typeMaterial><doglegMx uom="rad/m">0.00801660417582697</doglegMx><vendor>Schlumberger</vendor><model>Hydra-Jar AP</model><connection><id uom="m">0.0639064</id><od uom="m">0.10795</od><typeThread>4-1/2 IF</typeThread><position>bottom</position><tqMakeup uom="J">37962.9025532792</tqMakeup><customData><cd_connection xsi:schemaLocation="http://schema.slb.com/2012/WitsmlExtension cd_tubular_component.xsd" schemaVersion="1.4.1.8" xmlns="http://schema.slb.com/2012/WitsmlExtension"><stressReliefFlag>false</stressReliefFlag><gender>Pin</gender><bsr>NaN</bsr><ApiConnectionFlag>false</ApiConnectionFlag></cd_connection></customData></connection><connection><id uom="m">0.0639064</id><od uom="m">0.10795</od><typeThread>4-1/2 IF</typeThread><position>top</position><tqMakeup uom="J">37962.9025532792</tqMakeup><customData><cd_connection xsi:schemaLocation="http://schema.slb.com/2012/WitsmlExtension cd_tubular_component.xsd" schemaVersion="1.4.1.8" xmlns="http://schema.slb.com/2012/WitsmlExtension"><stressReliefFlag>false</stressReliefFlag><gender>Box</gender><bsr>NaN</bsr><ApiConnectionFlag>false</ApiConnectionFlag></cd_connection></customData></connection><jar><typeJar>hydraulic</typeJar><jarAction>unknown</jarAction></jar><customData><cd_tubularComponent xsi:schemaLocation="http://schema.slb.com/2012/WitsmlExtension cd_tubular_component.xsd" schemaVersion="1.4.1.8" xmlns="http://schema.slb.com/2012/WitsmlExtension"><numSerial>15360</numSerial><name>Hydra-Jar AP</name><catalogUid>cf49f540-8d7b-422b-a647-31aa67a70307</catalogUid><weight uom="kg">362.873895092815</weight><tensYield uom="N">1680848.8914002</tensYield><thermalconductivity uom="W/(m.K)">42.7</thermalconductivity><anisotropyRating uom="">1</anisotropyRating><thermalExpansionCoefficient uom="1/K">1.24E-05</thermalExpansionCoefficient><specheatcapacity uom="J/(kg.K)">473</specheatcapacity><NonMagFlag>false</NonMagFlag><subType /><maxDoglegSliding uom="rad/m">0.0160332083516539</maxDoglegSliding><WobMaxHasLimit>false</WobMaxHasLimit><WobMinHasLimit>false</WobMinHasLimit><RpmMaxHasLimit>false</RpmMaxHasLimit><RpmMinHasLimit>false</RpmMinHasLimit><FlowRateMaxHasLimit>false</FlowRateMaxHasLimit><FlowRateMinHasLimit>false</FlowRateMinHasLimit><TensileLoadMaxHasLimit>false</TensileLoadMaxHasLimit><OperatingTemperatureMaxHasLimit>false</OperatingTemperatureMaxHasLimit><OperatingPressureMaxHasLimit>false</OperatingPressureMaxHasLimit><DlsSlidingMaxHasLimit>false</DlsSlidingMaxHasLimit><DlsRotatingMaxHasLimit>false</DlsRotatingMaxHasLimit><IsObsolete>false</IsObsolete><type>JAR</type><impactToolProperties><maxDetentWorkingLoad uom="N">311375.39999889</maxDetentWorkingLoad><jarAveArea uom="m2">0.00249035889024</jarAveArea><freeStrokeUp uom="m">0.20321016</freeStrokeUp><freeStrokeDown uom="m">0.17778984</freeStrokeDown><maxHoleSize uom="m">0.17145</maxHoleSize><kelleyMandrel1Length uom="m">0.438912</kelleyMandrel1Length><kelleyMandrel1OD uom="m">0.10795</kelleyMandrel1OD><kelleyMandrel1ID uom="m">0.05715</kelleyMandrel1ID><kelleyMandrel2Length uom="m">2.188464</kelleyMandrel2Length><kelleyMandrel2OD uom="m">0.076835</kelleyMandrel2OD><kelleyMandrel2ID uom="m">0.05715</kelleyMandrel2ID><knockerLength uom="m">0.262128</knockerLength><knockerOD uom="m">0.0904748</knockerOD><knockerID uom="m">0.05715</knockerID><anvilLength uom="m">8.705088</anvilLength><anvilOD uom="m">0.10795</anvilOD><anvilID uom="m">0.083566</anvilID></impactToolProperties><SteelGrade><GradeType>G-105</GradeType></SteelGrade></cd_tubularComponent></customData></tubularComponent><tubularComponent uid="09b6edd083a14e088a832e137f53e922"><typeTubularComp>heavy weight drill pipe</typeTubularComp><sequence>10</sequence><description>42 x 5" HWDP</description><id uom="m">0.0762</id><od uom="m">0.127</od><odMx uom="m">0.1651</odMx><len uom="m">367.34496</len><lenJointAv uom="m">9.183624</lenJointAv><numJointStand>40</numJointStand><wtPerLen uom="kg/m">74.9737009651981</wtPerLen><grade>D-55</grade><odDrift uom="m">0.0777875</odDrift><lenFishneck uom="m">0</lenFishneck><odFishneck uom="m">0</odFishneck><configCon>bottom pin top box</configCon><typeMaterial>steel</typeMaterial><vendor>RIG</vendor><connection><id uom="m">0.0777875</id><od uom="m">0.1651</od><typeThread>4-1/2 IF</typeThread><position>bottom</position><tqMakeup uom="J">37962.9025532792</tqMakeup><customData><cd_connection xsi:schemaLocation="http://schema.slb.com/2012/WitsmlExtension cd_tubular_component.xsd" schemaVersion="1.4.1.8" xmlns="http://schema.slb.com/2012/WitsmlExtension"><stressReliefFlag>false</stressReliefFlag><gender>Pin</gender><bsr>NaN</bsr><ApiConnectionFlag>false</ApiConnectionFlag></cd_connection></customData></connection><connection><id uom="m">0.0777875</id><od uom="m">0.1651</od><typeThread>4-1/2 IF</typeThread><position>top</position><tqMakeup uom="J">36335.9210152815</tqMakeup><customData><cd_connection xsi:schemaLocation="http://schema.slb.com/2012/WitsmlExtension cd_tubular_component.xsd" schemaVersion="1.4.1.8" xmlns="http://schema.slb.com/2012/WitsmlExtension"><stressReliefFlag>false</stressReliefFlag><gender>Box</gender><bsr>NaN</bsr><ApiConnectionFlag>false</ApiConnectionFlag></cd_connection></customData></connection><customData><cd_tubularComponent xsi:schemaLocation="http://schema.slb.com/2012/WitsmlExtension cd_tubular_component.xsd" schemaVersion="1.4.1.8" xmlns="http://schema.slb.com/2012/WitsmlExtension"><numSerial /><name>42 x 5" HWDP</name><catalogUid /><weight uom="kg">27541.2111820219</weight><MagneticPoleStrength uom="Wb">0</MagneticPoleStrength><thermalconductivity uom="W/(m.K)">42.7</thermalconductivity><anisotropyRating uom="">1</anisotropyRating><thermalExpansionCoefficient uom="1/K">1.24E-05</thermalExpansionCoefficient><specheatcapacity uom="J/(kg.K)">473</specheatcapacity><NonMagFlag>false</NonMagFlag><subType>Heavy Weight Drill Pipe</subType><WobMaxHasLimit>false</WobMaxHasLimit><WobMinHasLimit>false</WobMinHasLimit><RpmMaxHasLimit>false</RpmMaxHasLimit><RpmMinHasLimit>false</RpmMinHasLimit><FlowRateMaxHasLimit>false</FlowRateMaxHasLimit><FlowRateMinHasLimit>false</FlowRateMinHasLimit><TensileLoadMaxHasLimit>false</TensileLoadMaxHasLimit><OperatingTemperatureMaxHasLimit>false</OperatingTemperatureMaxHasLimit><OperatingPressureMaxHasLimit>false</OperatingPressureMaxHasLimit><DlsSlidingMaxHasLimit>false</DlsSlidingMaxHasLimit><DlsRotatingMaxHasLimit>false</DlsRotatingMaxHasLimit><IsObsolete>false</IsObsolete><type>HWDP</type><toolJointLength uom="m">0</toolJointLength><toolJointNominalInsideDiameter uom="m">0.0777875</toolJointNominalInsideDiameter><toolJointNominalOutsideDiameter uom="m">0.1651</toolJointNominalOutsideDiameter><toolJointPercentWear uom="">0</toolJointPercentWear><drillPipe><heavyWeightFlag>true</heavyWeightFlag></drillPipe><SteelGrade><GradeType>D-55</GradeType></SteelGrade></cd_tubularComponent></customData></tubularComponent><tubularComponent uid="4604ed4d2af1484bbcd05e072bc53498"><typeTubularComp>drill pipe</typeTubularComp><sequence>11</sequence><description>5" 19.50 DPS, Premium</description><id uom="m">0.1086104</id><od uom="m">0.123317</od><odMx uom="m">0.168275</odMx><len uom="m">10.0000000152</len><lenJointAv uom="m">10.0000000152</lenJointAv><numJointStand>1</numJointStand><wtPerLen uom="kg/m">33.9152562739501</wtPerLen><grade>S-135</grade><odDrift uom="m">0.123317</odDrift><tqYield uom="J">78792.004249331</tqYield><classService>Premium</classService><configCon>bottom pin top box</configCon><typeMaterial>steel</typeMaterial><model>S-135</model><connection><id uom="m">0.08255</id><od uom="m">0.168275</od><typeThread>4-1/2 IF</typeThread><tqYield uom="J">70095.7879287334</tqYield><position>bottom</position><tqMakeup uom="J">36335.9210152815</tqMakeup><customData><cd_connection xsi:schemaLocation="http://schema.slb.com/2012/WitsmlExtension cd_tubular_component.xsd" schemaVersion="1.4.1.8" xmlns="http://schema.slb.com/2012/WitsmlExtension"><stressReliefFlag>false</stressReliefFlag><gender>Pin</gender><standardizationName>NC50 (4 1/2 IF) IEU</standardizationName><upsetType>IEU</upsetType><bsr>NaN</bsr><tensYield uom="N">5644793.22976557</tensYield><diameterAtLET uom="m">0.1239774</diameterAtLET><ApiConnectionFlag>false</ApiConnectionFlag></cd_connection></customData></connection><connection><id uom="m">0.08255</id><od uom="m">0.168275</od><typeThread>NC50</typeThread><tqYield uom="J">70095.7879287334</tqYield><position>top</position><tqMakeup uom="J">36335.9210152815</tqMakeup><customData><cd_connection xsi:schemaLocation="http://schema.slb.com/2012/WitsmlExtension cd_tubular_component.xsd" schemaVersion="1.4.1.8" xmlns="http://schema.slb.com/2012/WitsmlExtension"><stressReliefFlag>false</stressReliefFlag><gender>Box</gender><standardizationName>NC50 (4 1/2 IF) IEU</standardizationName><upsetType>IEU</upsetType><tensYield uom="N">5644793.22976557</tensYield><diameterAtLET uom="m">0.1152144</diameterAtLET><ApiConnectionFlag>false</ApiConnectionFlag></cd_connection></customData></connection><customData><cd_tubularComponent xsi:schemaLocation="http://schema.slb.com/2012/WitsmlExtension cd_tubular_component.xsd" schemaVersion="1.4.1.8" xmlns="http://schema.slb.com/2012/WitsmlExtension"><numSerial /><name>5" 19.50 DPS, Premium</name><catalogUid>22ccc1cb844743608b8c630f1b8ea210</catalogUid><weight uom="kg">339.152563255013</weight><tensYield uom="N">2494402.54585994</tensYield><tensileStrength uom="Pa">999739807.509412</tensileStrength><thermalconductivity uom="W/(m.K)">42.7</thermalconductivity><anisotropyRating uom="">1</anisotropyRating><thermalExpansionCoefficient uom="1/K">1.24E-05</thermalExpansionCoefficient><specheatcapacity uom="J/(kg.K)">473</specheatcapacity><NonMagFlag>false</NonMagFlag><subType /><WobMaxHasLimit>false</WobMaxHasLimit><WobMinHasLimit>false</WobMinHasLimit><RpmMaxHasLimit>false</RpmMaxHasLimit><RpmMinHasLimit>false</RpmMinHasLimit><FlowRateMaxHasLimit>false</FlowRateMaxHasLimit><FlowRateMinHasLimit>false</FlowRateMinHasLimit><TensileLoadMaxHasLimit>false</TensileLoadMaxHasLimit><OperatingTemperatureMaxHasLimit>false</OperatingTemperatureMaxHasLimit><OperatingPressureMaxHasLimit>false</OperatingPressureMaxHasLimit><DlsSlidingMaxHasLimit>false</DlsSlidingMaxHasLimit><DlsRotatingMaxHasLimit>false</DlsRotatingMaxHasLimit><IsObsolete>false</IsObsolete><type>DP</type><toolJointLength uom="m">0.4318</toolJointLength><toolJointNominalInsideDiameter uom="m">0.08255</toolJointNominalInsideDiameter><toolJointNominalOutsideDiameter uom="m">0.168275</toolJointNominalOutsideDiameter><Remarks>5" 19.50 DPS, Premium</Remarks><drillPipe><nominalOutsideDiameter uom="m">0.127</nominalOutsideDiameter><nominalLinearWeight uom="kg/m">29.0191968996063</nominalLinearWeight><heavyWeightFlag>false</heavyWeightFlag></drillPipe><SteelGrade><GradeType>S-135</GradeType><TensileUltimateStress uom="Pa">999739807.509412</TensileUltimateStress><TensileYieldStress uom="Pa">930792234.577729</TensileYieldStress></SteelGrade></cd_tubularComponent></customData></tubularComponent><commonData><itemState>unknown</itemState></commonData><customData><cd_tubular xsi:schemaLocation="http://schema.slb.com/2012/WitsmlExtension cd_tubular_component.xsd" schemaVersion="1.4.1.8" xmlns="http://schema.slb.com/2012/WitsmlExtension"><jobNumber /></cd_tubular></customData></tubular></tubulars>