<tubulars xsi:schemaLocation="http://www.witsml.org/schemas/1series http://w3.energistics.org/schema/WITSML_v1.4.1.1_Data_Schema/witsml_v1.4.1.1_data/xsd_schemas/obj_tubular.xsd" version="1.4.1.1" xmlns="http://www.witsml.org/schemas/1series" xmlns:xsi="http://www.w3.org/2001/XMLSchema-instance"><tubular uidWell="bf3e3da6dce84348b6d6602233104e14" uidWellbore="4ef917ecd3f44035a79f2dcc50593c1e" uid="8cc33141e3024f9790f75552e9dfe812"><nameWell>Well-01</nameWell><nameWellbore>Well-01</nameWellbore><name>12.25" BHA/Drillstring</name><typeTubularAssy>drilling</typeTubularAssy><tubularComponent uid="8768e1fb84b3430f88cfeca00b510988"><typeTubularComp>bit PDC fixed cutter</typeTubularComp><sequence>1</sequence><description>12  1/4 " Bit</description><id uom="m">0.08255</id><od uom="m">0.2032</od><odMx uom="m">0.310896</odMx><len uom="m">0.438912</len><wtPerLen uom="kg/m">386.159296435962</wtPerLen><grade>G-105</grade><odDrift uom="m">0</odDrift><tqYield uom="J">0</tqYield><stressFatig uom="Pa">0</stressFatig><lenFishneck uom="m">0</lenFishneck><idFishneck uom="m">0</idFishneck><odFishneck uom="m">0</odFishneck><disp uom="m3">0</disp><wearWall uom="%">0</wearWall><configCon>bottom pin</configCon><torsionalStiffness uom="N/m">0</torsionalStiffness><typeMaterial>steel</typeMaterial><vendor>Generic</vendor><model>PDC</model><bitRecord><numBit>0</numBit><diaBit uom="m">0.310896</diaBit><diaPassThru uom="m">0</diaPassThru><diaPilot uom="m">0</diaPilot><manufacturer>Generic</manufacturer><typeBit>PDC</typeBit><customData><cd_bitRecord xsi:schemaLocation="http://schema.slb.com/2012/WitsmlExtension cd_tubular_component.xsd" schemaVersion="1.4.1.4" xmlns="http://schema.slb.com/2012/WitsmlExtension"><sleeveIsUsed>false</sleeveIsUsed><bladeTopIsUsed>false</bladeTopIsUsed><loVibeIsUsed>false</loVibeIsUsed><mdocIsUsed>false</mdocIsUsed></cd_bitRecord></customData></bitRecord><areaNozzleFlow uom="m2">0.000484934892105027</areaNozzleFlow><nozzle><index>5</index><diaNozzle uom="m">0.0111125</diaNozzle><typeNozzle>unknown</typeNozzle></nozzle><nozzle><index>4</index><diaNozzle uom="m">0.0111125</diaNozzle><typeNozzle>unknown</typeNozzle></nozzle><nozzle><index>3</index><diaNozzle uom="m">0.0111125</diaNozzle><typeNozzle>unknown</typeNozzle></nozzle><nozzle><index>2</index><diaNozzle uom="m">0.0111125</diaNozzle><typeNozzle>unknown</typeNozzle></nozzle><nozzle><index>1</index><diaNozzle uom="m">0.0111125</diaNozzle><typeNozzle>unknown</typeNozzle></nozzle><connection><id uom="m">0.08255</id><od uom="m">0.168275</od><len uom="m">0</len><typeThread>6-5/8 REG</typeThread><tqYield uom="J">0</tqYield><position>top</position><criticalCrossSection uom="m2">0</criticalCrossSection><presLeak uom="Pa">0</presLeak><tqMakeup uom="J">63723.4435715758</tqMakeup><customData><cd_connection xsi:schemaLocation="http://schema.slb.com/2012/WitsmlExtension cd_tubular_component.xsd" schemaVersion="1.4.1.4" xmlns="http://schema.slb.com/2012/WitsmlExtension"><stressReliefFlag>false</stressReliefFlag><gender>Pin</gender><hydrostaticTestPressure uom="Pa">0</hydrostaticTestPressure><driftDiameter uom="m">0</driftDiameter><linearWeight uom="kg/m">0</linearWeight><bsr>3.096</bsr><tensYield uom="N">0</tensYield><ApiConnectionFlag>false</ApiConnectionFlag></cd_connection></customData></connection><customData><cd_tubularComponent xsi:schemaLocation="http://schema.slb.com/2012/WitsmlExtension cd_tubular_component.xsd" schemaVersion="1.4.1.4" xmlns="http://schema.slb.com/2012/WitsmlExtension"><numSerial /><name>12  1/4 " PDC Bit</name><catalogUid /><weight uom="kg">169.489949117301</weight><tensYield uom="N">0</tensYield><MagneticPoleStrength uom="Wb">0</MagneticPoleStrength><thermalconductivity uom="W/(m.K)">42.7</thermalconductivity><specheatcapacity uom="J/(kg.K)">473</specheatcapacity><diaShank uom="m">0.2032</diaShank><lenShank uom="m">0</lenShank><lenGauge uom="m">0</lenGauge><octalBitSize /><ProductStatus /><WobMaxHasLimit>false</WobMaxHasLimit><WobMinHasLimit>false</WobMinHasLimit><RpmMaxHasLimit>false</RpmMaxHasLimit><RpmMinHasLimit>false</RpmMinHasLimit><FlowRateMaxHasLimit>false</FlowRateMaxHasLimit><FlowRateMinHasLimit>false</FlowRateMinHasLimit><TensileLoadMaxHasLimit>false</TensileLoadMaxHasLimit><OperatingTemperatureMaxHasLimit>false</OperatingTemperatureMaxHasLimit><OperatingPressureMaxHasLimit>false</OperatingPressureMaxHasLimit><DlsSlidingMaxHasLimit>false</DlsSlidingMaxHasLimit><DlsRotatingMaxHasLimit>false</DlsRotatingMaxHasLimit><IsObsolete>false</IsObsolete><SteelGrade><GradeType>G-105</GradeType><TensileUltimateStress uom="Pa" /><TensileYieldStress uom="Pa" /></SteelGrade></cd_tubularComponent></customData></tubularComponent><tubularComponent uid="1b188503c51345f59d4d26b84152ee69"><typeTubularComp>motor</typeTubularComp><sequence>2</sequence><description>A800M7840XP</description><id uom="m">0.15875</id><od uom="m">0.20955</od><odMx uom="m">0.307975</odMx><len uom="m">8.41248</len><wtPerLen uom="kg/m">216.751078380906</wtPerLen><grade>G-105</grade><odDrift uom="m">0</odDrift><tqYield uom="J">0</tqYield><stressFatig uom="Pa">0</stressFatig><lenFishneck uom="m">0</lenFishneck><idFishneck uom="m">0</idFishneck><odFishneck uom="m">0</odFishneck><disp uom="m3">0</disp><wearWall uom="%">0.0254</wearWall><configCon>bottom box, top box</configCon><torsionalStiffness uom="N/m">0</torsionalStiffness><typeMaterial>steel</typeMaterial><doglegMx uom="rad/m">0</doglegMx><vendor>Schlumberger</vendor><model>A800M7840XP</model><connection><id uom="m">0.15875</id><od uom="m">0.20955</od><len uom="m">0</len><typeThread>6-5/8 REG</typeThread><tqYield uom="J">0</tqYield><position>bottom</position><criticalCrossSection uom="m2">0</criticalCrossSection><presLeak uom="Pa">0</presLeak><tqMakeup uom="J">63723.4435715758</tqMakeup><customData><cd_connection xsi:schemaLocation="http://schema.slb.com/2012/WitsmlExtension cd_tubular_component.xsd" schemaVersion="1.4.1.4" xmlns="http://schema.slb.com/2012/WitsmlExtension"><stressReliefFlag>false</stressReliefFlag><gender>Box</gender><hydrostaticTestPressure uom="Pa">0</hydrostaticTestPressure><driftDiameter uom="m">0</driftDiameter><linearWeight uom="kg/m">0</linearWeight><bsr>3.096</bsr><tensYield uom="N">0</tensYield><ApiConnectionFlag>false</ApiConnectionFlag></cd_connection></customData></connection><connection><id uom="m">0.15875</id><od uom="m">0.20955</od><len uom="m">0</len><typeThread>6-5/8 REG</typeThread><tqYield uom="J">0</tqYield><position>top</position><criticalCrossSection uom="m2">0</criticalCrossSection><presLeak uom="Pa">0</presLeak><tqMakeup uom="J">63723.4435715758</tqMakeup><customData><cd_connection xsi:schemaLocation="http://schema.slb.com/2012/WitsmlExtension cd_tubular_component.xsd" schemaVersion="1.4.1.4" xmlns="http://schema.slb.com/2012/WitsmlExtension"><stressReliefFlag>false</stressReliefFlag><gender>Box</gender><hydrostaticTestPressure uom="Pa">0</hydrostaticTestPressure><driftDiameter uom="m">0</driftDiameter><linearWeight uom="kg/m">0</linearWeight><bsr>2.853</bsr><tensYield uom="N">0</tensYield><ApiConnectionFlag>false</ApiConnectionFlag></cd_connection></customData></connection><motor><offsetTool uom="m">0</offsetTool><flowrateMn uom="m3/s">0.01892706</flowrateMn><flowrateMx uom="m3/s">0.05678118</flowrateMx><diaRotorNozzle uom="m">0</diaRotorNozzle><clearanceBearBox uom="m">0</clearanceBearBox><lobesRotor>7</lobesRotor><lobesStator>8</lobesStator><typeBearing>unknown</typeBearing><rotorCatcher>false</rotorCatcher><dumpValve>false</dumpValve><diaNozzle uom="m">0</diaNozzle><rotatable>false</rotatable><bendSettingsMn uom="rad">0</bendSettingsMn><bendSettingsMx uom="rad">0</bendSettingsMx><customData><cd_motor xsi:schemaLocation="http://schema.slb.com/2012/WitsmlExtension cd_tubular_component.xsd" schemaVersion="1.4.1.4" xmlns="http://schema.slb.com/2012/WitsmlExtension"><stages>4</stages><statorStageLength uom="m">0</statorStageLength><fullLoad uom="Pa">4826330.06384931</fullLoad><stageMajorDiameter uom="m">0.1456944</stageMajorDiameter><nominalPressureFlowRate uom="m3/s">0</nominalPressureFlowRate><nominalPressureLoss uom="Pa">0</nominalPressureLoss><a>119.6791208</a><b>-4.284018752</b><c>16.51606887</c><d>0</d><e>-1.765930319</e><f>0.145</f><g>0.0454</g><h>5.85E-05</h><i>-0.000107</i><j>-5.15E-08</j><k1>4.02</k1><k2>6.78</k2><k3>12</k3><linearPressureDropCoefficient uom="kg/(m4.s)">0</linearPressureDropCoefficient><constantPressureDropCoefficient uom="Pa">0</constantPressureDropCoefficient><W uom="N">2349.99999873528</W><X>20.8999999999164</X><Y>21.3999999999144</Y><BearingCapacity uom="N">0</BearingCapacity><MudLubricatedOrOilSealedBearing>0</MudLubricatedOrOilSealedBearing><MotorUpperRadialBearingClearance>0.000381000000000006</MotorUpperRadialBearingClearance><MotorLowerRadialBearingClearance>0.000380999999999992</MotorLowerRadialBearingClearance><MinHoleSize uom="m">0.250825</MinHoleSize><MaxHoleSize uom="m">0.37465</MaxHoleSize><StepSize uom="rad">0</StepSize><BitBoxLength uom="m">0.201168</BitBoxLength><BitBoxOutsideDiameter uom="m">0.207772</BitBoxOutsideDiameter><BitBoxMaxOutsideDiameter uom="m">0.207772</BitBoxMaxOutsideDiameter><BitBoxInsideDiameter uom="m">0.0508</BitBoxInsideDiameter><ExternalDriveShaftLength uom="m">0.208788</ExternalDriveShaftLength><ExternalDriveOutsideDiameter uom="m">0.13335</ExternalDriveOutsideDiameter><ExternalDriveMaxOutsideDiameter uom="m">0.13335</ExternalDriveMaxOutsideDiameter><ExternalDriveInsideDiameter uom="m">0.0508</ExternalDriveInsideDiameter><BearingSectionLength uom="m">0.405384</BearingSectionLength><PowerSectionBottomtoBend uom="m">0</PowerSectionBottomtoBend><PowerSectionLength uom="m">5.160264</PowerSectionLength><TopSubLength uom="m">0.420624</TopSubLength><InternalDriveShaftOutsideDiameter uom="m">0.1016</InternalDriveShaftOutsideDiameter><InternalDriveShaftInsideDiameter uom="m">0.0508</InternalDriveShaftInsideDiameter><InternalTransmissionOutsideDiameter uom="m">0.073152</InternalTransmissionOutsideDiameter><InternalTransmissionInsideDiameter uom="m">0</InternalTransmissionInsideDiameter><RotorInsideDiameter uom="m">0.0508</RotorInsideDiameter><RotorMinorDiameter uom="m">0.101981</RotorMinorDiameter><RotorMajorDiameter uom="m">0.1317244</RotorMajorDiameter><RotorAverageOutsideDiameter uom="m">0.1168527</RotorAverageOutsideDiameter><RotorEccentricity uom="m">0.00743585</RotorEccentricity><ABHLength uom="m">0.1627632</ABHLength><UpperBearingLength uom="m">0.187452</UpperBearingLength><UpperBearingRotatingOutsideDiameter uom="m">0.1159002</UpperBearingRotatingOutsideDiameter><UpperBearingRotatingOutsideDiameterNew uom="m">0.1159002</UpperBearingRotatingOutsideDiameterNew><UpperBearingRotatingOutsideDiameterScrap uom="m">0.1151128</UpperBearingRotatingOutsideDiameterScrap><UpperBearingStationaryInsideDiameter uom="m">0.1162812</UpperBearingStationaryInsideDiameter><UpperBearingStationaryInsideDiameterNew uom="m">0.1162812</UpperBearingStationaryInsideDiameterNew><UpperBearingStationaryInsideDiameterScrap uom="m">0.1170686</UpperBearingStationaryInsideDiameterScrap><LowerBearingLength uom="m">0.2328672</LowerBearingLength><LowerBearingRotatingOutsideDiameter uom="m">0.148971</LowerBearingRotatingOutsideDiameter><LowerBearingRotatingOutsideDiameterNew uom="m">0.148971</LowerBearingRotatingOutsideDiameterNew><LowerBearingRotatingOutsideDiameterScrap uom="m">0.1481836</LowerBearingRotatingOutsideDiameterScrap><LowerBearingStationaryInsideDiameter uom="m">0.149352</LowerBearingStationaryInsideDiameter><LowerBearingStationaryInsideDiameterNew uom="m">0.149352</LowerBearingStationaryInsideDiameterNew><LowerBearingStationaryInsideDiameterScrap uom="m">0.1501394</LowerBearingStationaryInsideDiameterScrap><maxTempIncreaseRate uom="degC/s">0</maxTempIncreaseRate><RevPerGal uom="rad/m3">0</RevPerGal><StatorRubberType>0</StatorRubberType><SubCategory>0</SubCategory><TorquePerDeltaPressure uom="N.m/Pa">0</TorquePerDeltaPressure><motorPowerSection><IsObsolete>false</IsObsolete><StatorIsReversible>false</StatorIsReversible><RpmMaxHasLimit>false</RpmMaxHasLimit><RpmMinHasLimit>false</RpmMinHasLimit><FlowRateMaxHasLimit>false</FlowRateMaxHasLimit><FlowRateMinHasLimit>false</FlowRateMinHasLimit><TensileLoadMaxHasLimit>false</TensileLoadMaxHasLimit><OperatingTemperatureMaxHasLimit>false</OperatingTemperatureMaxHasLimit><OperatingPressureMaxHasLimit>false</OperatingPressureMaxHasLimit><DlsSlidingMaxHasLimit>false</DlsSlidingMaxHasLimit><DlsRotatingMaxHasLimit>false</DlsRotatingMaxHasLimit><MaxRateOfTemperatureIncrease uom="K/s">0</MaxRateOfTemperatureIncrease><IsUsePowerDesignerModel>false</IsUsePowerDesignerModel></motorPowerSection><motorLowerEnd><WobMaxHasLimit>false</WobMaxHasLimit><WobMinHasLimit>false</WobMinHasLimit><MinHoleSize uom="m">0.250825</MinHoleSize><MaxHoleSize uom="m">0.37465</MaxHoleSize></motorLowerEnd><motorTransmissionSection /><motorBearingSection /><motorDriveShaft /></cd_motor></customData></motor><stabilizer><lenBlade uom="m">0.405384</lenBlade><lenBladeGauge uom="m">0.24384</lenBladeGauge><odBladeMx uom="m">0.307975</odBladeMx><odBladeMn uom="m">0</odBladeMn><distBladeBot uom="m">0.20726399999999997</distBladeBot><shapeBlade>melon</shapeBlade><factFric>0.01</factFric><typeBlade>sleeve</typeBlade><customData><cd_stabilizer xsi:schemaLocation="http://schema.slb.com/2012/WitsmlExtension cd_tubular_component.xsd" schemaVersion="1.4.1.4" xmlns="http://schema.slb.com/2012/WitsmlExtension"><gaugeLength uom="m">0.24384</gaugeLength><bladeCount>4</bladeCount><bladeHeight uom="m">0</bladeHeight><bladeWidth uom="m">0</bladeWidth><bladeHeightOpenPosition uom="m">0</bladeHeightOpenPosition><bladeSpiral uom="rad">0</bladeSpiral><materialType>steel</materialType><nonMagFlag>false</nonMagFlag><MagneticPoleStrength uom="Wb">0</MagneticPoleStrength></cd_stabilizer></customData></stabilizer><bend><angle uom="rad">0.0261799387799149</angle><distBendBot uom="m">2.151888</distBendBot></bend><bend><angle uom="rad">0</angle><distBendBot uom="m">0</distBendBot></bend><customData><cd_tubularComponent xsi:schemaLocation="http://schema.slb.com/2012/WitsmlExtension cd_tubular_component.xsd" schemaVersion="1.4.1.4" xmlns="http://schema.slb.com/2012/WitsmlExtension"><numSerial /><name>A800M7840XP</name><catalogUid /><weight uom="kg">1823.4141118578</weight><tensYield uom="N">0</tensYield><MagneticPoleStrength uom="Wb">0</MagneticPoleStrength><thermalconductivity uom="W/(m.K)">42.7</thermalconductivity><anisotropyRating uom="">1</anisotropyRating><thermalExpansionCoefficient uom="1/K">1.24E-05</thermalExpansionCoefficient><specheatcapacity uom="J/(kg.K)">473</specheatcapacity><NonMagFlag>false</NonMagFlag><subType /><maxMakeUpTorque uom="J">0</maxMakeUpTorque><WobMaxHasLimit>false</WobMaxHasLimit><WobMinHasLimit>false</WobMinHasLimit><RpmMaxHasLimit>false</RpmMaxHasLimit><RpmMinHasLimit>false</RpmMinHasLimit><FlowRateMaxHasLimit>false</FlowRateMaxHasLimit><FlowRateMax uom="m3/s">0.05678118</FlowRateMax><FlowRateMinHasLimit>false</FlowRateMinHasLimit><FlowRateMin uom="m3/s">0.01892706</FlowRateMin><TensileLoadMaxHasLimit>false</TensileLoadMaxHasLimit><OperatingTemperatureMaxHasLimit>false</OperatingTemperatureMaxHasLimit><OperatingPressureMaxHasLimit>false</OperatingPressureMaxHasLimit><DlsSlidingMaxHasLimit>false</DlsSlidingMaxHasLimit><DlsRotatingMaxHasLimit>false</DlsRotatingMaxHasLimit><IsObsolete>false</IsObsolete><collarsection><ParentType>PowerSection.TopSubSections</ParentType><len uom="m" classification="Confidential">6kfELQjpAFpB557OI5bnMw==</len></collarsection><collarsection><ParentType>LowerEnd.TransmissionSection.ShaftSections</ParentType><id uom="m" classification="Confidential">NMAeId0t6k0=</id><od uom="m" classification="Confidential">av8TrWbsvZ+hSCp9wEJyNQ==</od></collarsection><collarsection><ParentType>LowerEnd.DriveShaft.ShaftSections</ParentType><id uom="m" classification="Confidential">aptAs/ixCuU=</id><od uom="m" classification="Confidential">yXIlOkAR0os=</od><len uom="m" classification="Confidential">tQmj08xsaEUCCddkbvK9tQ==</len></collarsection><collarsection><ParentType>LowerEnd.DriveShaft.ShaftSections</ParentType><id uom="m" classification="Confidential">aptAs/ixCuU=</id><od uom="m" classification="Confidential">xxRgAgQi5kE=</od></collarsection><SteelGrade><GradeType>G-105</GradeType><TensileUltimateStress uom="Pa" /><TensileYieldStress uom="Pa" /></SteelGrade></cd_tubularComponent></customData></tubularComponent><tubularComponent uid="feb589090f8a41389035e2f98a396883"><typeTubularComp>stabilizer</typeTubularComp><sequence>3</sequence><description>8 1/4" OD</description><id uom="m">0.0635</id><od uom="m">0.20955</od><odMx uom="m">0.3048</odMx><len uom="m">1.524</len><wtPerLen uom="kg/m">244.654152322835</wtPerLen><grade>G-105</grade><odDrift uom="m">0</odDrift><tqYield uom="J">0</tqYield><stressFatig uom="Pa">0</stressFatig><lenFishneck uom="m">0</lenFishneck><idFishneck uom="m">0</idFishneck><odFishneck uom="m">0</odFishneck><disp uom="m3">0</disp><wearWall uom="%">0.07302499999999999</wearWall><configCon>bottom pin top box</configCon><torsionalStiffness uom="N/m">0</torsionalStiffness><typeMaterial>non-magnetic steel</typeMaterial><doglegMx uom="rad/m">0</doglegMx><model>8 1/4" OD</model><connection><id uom="m">0.0635</id><od uom="m">0.20955</od><len uom="m">0</len><typeThread>6-5/8 REG</typeThread><tqYield uom="J">0</tqYield><position>bottom</position><criticalCrossSection uom="m2">0</criticalCrossSection><presLeak uom="Pa">0</presLeak><tqMakeup uom="J">63723.4435715758</tqMakeup><customData><cd_connection xsi:schemaLocation="http://schema.slb.com/2012/WitsmlExtension cd_tubular_component.xsd" schemaVersion="1.4.1.4" xmlns="http://schema.slb.com/2012/WitsmlExtension"><stressReliefFlag>false</stressReliefFlag><gender>Pin</gender><hydrostaticTestPressure uom="Pa">0</hydrostaticTestPressure><driftDiameter uom="m">0</driftDiameter><linearWeight uom="kg/m">0</linearWeight><bsr>2.853</bsr><tensYield uom="N">0</tensYield><ApiConnectionFlag>false</ApiConnectionFlag></cd_connection></customData></connection><connection><id uom="m">0.0635</id><od uom="m">0.20955</od><len uom="m">0</len><typeThread>6-5/8 REG</typeThread><tqYield uom="J">0</tqYield><position>top</position><criticalCrossSection uom="m2">0</criticalCrossSection><presLeak uom="Pa">0</presLeak><tqMakeup uom="J">63723.4435715758</tqMakeup><customData><cd_connection xsi:schemaLocation="http://schema.slb.com/2012/WitsmlExtension cd_tubular_component.xsd" schemaVersion="1.4.1.4" xmlns="http://schema.slb.com/2012/WitsmlExtension"><stressReliefFlag>false</stressReliefFlag><gender>Box</gender><hydrostaticTestPressure uom="Pa">0</hydrostaticTestPressure><driftDiameter uom="m">0</driftDiameter><linearWeight uom="kg/m">0</linearWeight><bsr>2.853</bsr><tensYield uom="N">0</tensYield><ApiConnectionFlag>false</ApiConnectionFlag></cd_connection></customData></connection><stabilizer><lenBlade uom="m">0.6096</lenBlade><lenBladeGauge uom="m">0.24384</lenBladeGauge><odBladeMx uom="m">0.3048</odBladeMx><odBladeMn uom="m">0</odBladeMn><distBladeBot uom="m">-0.1524</distBladeBot><shapeBlade>dynamic</shapeBlade><typeBlade>unknown</typeBlade><customData><cd_stabilizer xsi:schemaLocation="http://schema.slb.com/2012/WitsmlExtension cd_tubular_component.xsd" schemaVersion="1.4.1.4" xmlns="http://schema.slb.com/2012/WitsmlExtension"><gaugeLength uom="m">0.24384</gaugeLength><bladeCount>4</bladeCount><bladeHeight uom="m">0</bladeHeight><bladeWidth uom="m">0</bladeWidth><bladeHeightOpenPosition uom="m">0</bladeHeightOpenPosition><bladeSpiral uom="rad">0</bladeSpiral><materialType>steel</materialType><nonMagFlag>false</nonMagFlag><MagneticPoleStrength uom="Wb">0</MagneticPoleStrength></cd_stabilizer></customData></stabilizer><customData><cd_tubularComponent xsi:schemaLocation="http://schema.slb.com/2012/WitsmlExtension cd_tubular_component.xsd" schemaVersion="1.4.1.4" xmlns="http://schema.slb.com/2012/WitsmlExtension"><numSerial /><name>8 1/4" IBS  (12" OD)</name><catalogUid /><weight uom="kg">372.85292814</weight><tensYield uom="N">0</tensYield><MagneticPoleStrength uom="Wb">0</MagneticPoleStrength><thermalconductivity uom="W/(m.K)">42.7</thermalconductivity><anisotropyRating uom="">1</anisotropyRating><thermalExpansionCoefficient uom="1/K">1.24E-05</thermalExpansionCoefficient><specheatcapacity uom="J/(kg.K)">473</specheatcapacity><NonMagFlag>true</NonMagFlag><subType /><maxMakeUpTorque uom="J">0</maxMakeUpTorque><WobMaxHasLimit>false</WobMaxHasLimit><WobMinHasLimit>false</WobMinHasLimit><RpmMaxHasLimit>false</RpmMaxHasLimit><RpmMinHasLimit>false</RpmMinHasLimit><FlowRateMaxHasLimit>false</FlowRateMaxHasLimit><FlowRateMinHasLimit>false</FlowRateMinHasLimit><TensileLoadMaxHasLimit>false</TensileLoadMaxHasLimit><OperatingTemperatureMaxHasLimit>false</OperatingTemperatureMaxHasLimit><OperatingPressureMaxHasLimit>false</OperatingPressureMaxHasLimit><DlsSlidingMaxHasLimit>false</DlsSlidingMaxHasLimit><DlsRotatingMaxHasLimit>false</DlsRotatingMaxHasLimit><IsObsolete>false</IsObsolete><SteelGrade><GradeType>G-105</GradeType><TensileUltimateStress uom="Pa" /><TensileYieldStress uom="Pa" /></SteelGrade></cd_tubularComponent></customData></tubularComponent><tubularComponent uid="3ced5bcf6b914002b096f3e513feed2b"><typeTubularComp>other</typeTubularComp><sequence>4</sequence><description>8.25" Misc. Sub</description><id uom="m">0.0635</id><od uom="m">0.20955</od><odMx uom="m">0.20955</odMx><len uom="m">0.9144</len><wtPerLen uom="kg/m">244.678526960066</wtPerLen><grade>G-105</grade><odDrift uom="m">0</odDrift><tqYield uom="J">0</tqYield><stressFatig uom="Pa">0</stressFatig><lenFishneck uom="m">0</lenFishneck><idFishneck uom="m">0</idFishneck><odFishneck uom="m">0</odFishneck><disp uom="m3">0</disp><wearWall uom="%">0</wearWall><configCon>bottom pin top box</configCon><torsionalStiffness uom="N/m">0</torsionalStiffness><typeMaterial>non-magnetic steel</typeMaterial><doglegMx uom="rad/m">0</doglegMx><connection><id uom="m">0.0635</id><od uom="m">0.168275</od><len uom="m">0</len><typeThread>6-5/8 REG</typeThread><tqYield uom="J">0</tqYield><position>bottom</position><criticalCrossSection uom="m2">0</criticalCrossSection><presLeak uom="Pa">0</presLeak><tqMakeup uom="J">63723.4435715758</tqMakeup><customData><cd_connection xsi:schemaLocation="http://schema.slb.com/2012/WitsmlExtension cd_tubular_component.xsd" schemaVersion="1.4.1.4" xmlns="http://schema.slb.com/2012/WitsmlExtension"><stressReliefFlag>false</stressReliefFlag><gender>Pin</gender><hydrostaticTestPressure uom="Pa">0</hydrostaticTestPressure><driftDiameter uom="m">0</driftDiameter><linearWeight uom="kg/m">0</linearWeight><bsr>2.853</bsr><tensYield uom="N">0</tensYield><ApiConnectionFlag>false</ApiConnectionFlag></cd_connection></customData></connection><connection><id uom="m">0.0635</id><od uom="m">0.168275</od><len uom="m">0</len><typeThread>6-5/8 FH</typeThread><tqYield uom="J">0</tqYield><position>top</position><criticalCrossSection uom="m2">0</criticalCrossSection><presLeak uom="Pa">0</presLeak><tqMakeup uom="J">65079.2615199072</tqMakeup><customData><cd_connection xsi:schemaLocation="http://schema.slb.com/2012/WitsmlExtension cd_tubular_component.xsd" schemaVersion="1.4.1.4" xmlns="http://schema.slb.com/2012/WitsmlExtension"><stressReliefFlag>false</stressReliefFlag><gender>Box</gender><hydrostaticTestPressure uom="Pa">0</hydrostaticTestPressure><driftDiameter uom="m">0</driftDiameter><linearWeight uom="kg/m">0</linearWeight><bsr>0.688</bsr><tensYield uom="N">0</tensYield><ApiConnectionFlag>false</ApiConnectionFlag></cd_connection></customData></connection><customData><cd_tubularComponent xsi:schemaLocation="http://schema.slb.com/2012/WitsmlExtension cd_tubular_component.xsd" schemaVersion="1.4.1.4" xmlns="http://schema.slb.com/2012/WitsmlExtension"><numSerial /><name>8.25" XO SUB (UBHO)</name><catalogUid /><weight uom="kg">223.734045052285</weight><tensYield uom="N">0</tensYield><MagneticPoleStrength uom="Wb">0</MagneticPoleStrength><thermalconductivity uom="W/(m.K)">42.7</thermalconductivity><anisotropyRating uom="">1</anisotropyRating><thermalExpansionCoefficient uom="1/K">1.24E-05</thermalExpansionCoefficient><specheatcapacity uom="J/(kg.K)">473</specheatcapacity><NonMagFlag>true</NonMagFlag><subType /><maxMakeUpTorque uom="J">0</maxMakeUpTorque><WobMaxHasLimit>false</WobMaxHasLimit><WobMinHasLimit>false</WobMinHasLimit><RpmMaxHasLimit>false</RpmMaxHasLimit><RpmMinHasLimit>false</RpmMinHasLimit><FlowRateMaxHasLimit>false</FlowRateMaxHasLimit><FlowRateMinHasLimit>false</FlowRateMinHasLimit><TensileLoadMaxHasLimit>false</TensileLoadMaxHasLimit><OperatingTemperatureMaxHasLimit>false</OperatingTemperatureMaxHasLimit><OperatingPressureMaxHasLimit>false</OperatingPressureMaxHasLimit><DlsSlidingMaxHasLimit>false</DlsSlidingMaxHasLimit><DlsRotatingMaxHasLimit>false</DlsRotatingMaxHasLimit><IsObsolete>false</IsObsolete><type>Drill_Sub</type><miscSubType /><SteelGrade><GradeType>G-105</GradeType><TensileUltimateStress uom="Pa" /><TensileYieldStress uom="Pa" /></SteelGrade></cd_tubularComponent></customData></tubularComponent><tubularComponent uid="e9b22f6379004377b57a2fa14a96fc1d"><typeTubularComp>MWD pulser</typeTubularComp><sequence>5</sequence><description>PowerPulse 825 NF</description><id uom="m">0.1297686</id><od uom="m">0.20955</od><odMx uom="m">0.213614</odMx><len uom="m">7.52856</len><wtPerLen uom="kg/m">216.081404606299</wtPerLen><grade>G-105</grade><odDrift uom="m">0</odDrift><tqYield uom="J">0</tqYield><stressFatig uom="Pa">0</stressFatig><lenFishneck uom="m">0</lenFishneck><idFishneck uom="m">0</idFishneck><odFishneck uom="m">0</odFishneck><disp uom="m3">0</disp><wearWall uom="%">0.039890999999999996</wearWall><configCon>bottom pin top box</configCon><torsionalStiffness uom="N/m">0</torsionalStiffness><typeMaterial>non-magnetic steel</typeMaterial><doglegMx uom="rad/m">0</doglegMx><vendor>Schlumberger</vendor><model>PowerPulse 825 NF</model><connection><id uom="m">0.1297686</id><od uom="m">0.20955</od><len uom="m">0</len><typeThread>6-5/8 FH</typeThread><tqYield uom="J">0</tqYield><position>bottom</position><criticalCrossSection uom="m2">0</criticalCrossSection><presLeak uom="Pa">0</presLeak><tqMakeup uom="J">65079.2615199072</tqMakeup><customData><cd_connection xsi:schemaLocation="http://schema.slb.com/2012/WitsmlExtension cd_tubular_component.xsd" schemaVersion="1.4.1.4" xmlns="http://schema.slb.com/2012/WitsmlExtension"><stressReliefFlag>false</stressReliefFlag><gender>Pin</gender><hydrostaticTestPressure uom="Pa">0</hydrostaticTestPressure><driftDiameter uom="m">0</driftDiameter><linearWeight uom="kg/m">0</linearWeight><bsr>0.688</bsr><tensYield uom="N">0</tensYield><ApiConnectionFlag>false</ApiConnectionFlag></cd_connection></customData></connection><connection><id uom="m">0.1297686</id><od uom="m">0.20955</od><len uom="m">0</len><typeThread>6-5/8 FH</typeThread><tqYield uom="J">0</tqYield><position>top</position><criticalCrossSection uom="m2">0</criticalCrossSection><presLeak uom="Pa">0</presLeak><tqMakeup uom="J">65079.2615199072</tqMakeup><customData><cd_connection xsi:schemaLocation="http://schema.slb.com/2012/WitsmlExtension cd_tubular_component.xsd" schemaVersion="1.4.1.4" xmlns="http://schema.slb.com/2012/WitsmlExtension"><stressReliefFlag>false</stressReliefFlag><gender>Box</gender><hydrostaticTestPressure uom="Pa">0</hydrostaticTestPressure><driftDiameter uom="m">0</driftDiameter><linearWeight uom="kg/m">0</linearWeight><bsr>1.65</bsr><tensYield uom="N">0</tensYield><ApiConnectionFlag>false</ApiConnectionFlag></cd_connection></customData></connection><mwdTool><flowrateMn uom="m3/s">0.01892706</flowrateMn><flowrateMx uom="m3/s">0.05047216</flowrateMx><idEquv uom="m">0</idEquv><sensor><offsetBot uom="m">3.01752</offsetBot><customData><cd_sensor xsi:schemaLocation="http://schema.slb.com/2012/WitsmlExtension cd_tubular_component.xsd" schemaVersion="1.4.1.4" xmlns="http://schema.slb.com/2012/WitsmlExtension"><typeMeasurement>Gamma Ray</typeMeasurement></cd_sensor></customData></sensor><sensor><offsetBot uom="m">3.663696</offsetBot><customData><cd_sensor xsi:schemaLocation="http://schema.slb.com/2012/WitsmlExtension cd_tubular_component.xsd" schemaVersion="1.4.1.4" xmlns="http://schema.slb.com/2012/WitsmlExtension"><typeMeasurement>azimuth</typeMeasurement></cd_sensor></customData></sensor><customData><cd_mwdTool xsi:schemaLocation="http://schema.slb.com/2012/WitsmlExtension cd_tubular_component.xsd" schemaVersion="1.4.1.4" xmlns="http://schema.slb.com/2012/WitsmlExtension"><pressureDropCoef>16000</pressureDropCoef><linearPressureDropCoefficient uom="kg/(m4.s)">0</linearPressureDropCoefficient><constantPressureDropCoefficient uom="Pa">0</constantPressureDropCoefficient><distToReadOutPort uom="m">1.313688</distToReadOutPort><maxTempIncreaseRate uom="degC/s">0</maxTempIncreaseRate></cd_mwdTool></customData></mwdTool><customData><cd_tubularComponent xsi:schemaLocation="http://schema.slb.com/2012/WitsmlExtension cd_tubular_component.xsd" schemaVersion="1.4.1.4" xmlns="http://schema.slb.com/2012/WitsmlExtension"><numSerial /><name>PowerPulse 825 NF</name><catalogUid /><weight uom="kg">1626.7818194628</weight><tensYield uom="N">0</tensYield><MagneticPoleStrength uom="Wb">0</MagneticPoleStrength><thermalconductivity uom="W/(m.K)">42.7</thermalconductivity><anisotropyRating uom="">1</anisotropyRating><thermalExpansionCoefficient uom="1/K">1.24E-05</thermalExpansionCoefficient><specheatcapacity uom="J/(kg.K)">473</specheatcapacity><NonMagFlag>true</NonMagFlag><subType /><maxMakeUpTorque uom="J">0</maxMakeUpTorque><WobMaxHasLimit>false</WobMaxHasLimit><WobMinHasLimit>false</WobMinHasLimit><RpmMaxHasLimit>false</RpmMaxHasLimit><RpmMinHasLimit>false</RpmMinHasLimit><FlowRateMaxHasLimit>false</FlowRateMaxHasLimit><FlowRateMax uom="m3/s">0.05047216</FlowRateMax><FlowRateMinHasLimit>false</FlowRateMinHasLimit><FlowRateMin uom="m3/s">0.01892706</FlowRateMin><TensileLoadMaxHasLimit>false</TensileLoadMaxHasLimit><OperatingTemperatureMaxHasLimit>false</OperatingTemperatureMaxHasLimit><OperatingPressureMaxHasLimit>false</OperatingPressureMaxHasLimit><DlsSlidingMaxHasLimit>false</DlsSlidingMaxHasLimit><DlsRotatingMaxHasLimit>false</DlsRotatingMaxHasLimit><IsObsolete>false</IsObsolete><SteelGrade><GradeType>G-105</GradeType><TensileUltimateStress uom="Pa" /><TensileYieldStress uom="Pa" /></SteelGrade></cd_tubularComponent></customData></tubularComponent><tubularComponent uid="a2708cab83b344039b6805a3ead352eb"><typeTubularComp>other</typeTubularComp><sequence>6</sequence><description>8.25" Misc. Sub</description><id uom="m">0.0635</id><od uom="m">0.20955</od><odMx uom="m">0.20955</odMx><len uom="m">0.9144</len><wtPerLen uom="kg/m">244.678526960066</wtPerLen><grade>G-105</grade><odDrift uom="m">0</odDrift><tqYield uom="J">0</tqYield><stressFatig uom="Pa">0</stressFatig><lenFishneck uom="m">0</lenFishneck><idFishneck uom="m">0</idFishneck><odFishneck uom="m">0</odFishneck><disp uom="m3">0</disp><wearWall uom="%">0</wearWall><configCon>bottom pin top box</configCon><torsionalStiffness uom="N/m">0</torsionalStiffness><typeMaterial>non-magnetic steel</typeMaterial><doglegMx uom="rad/m">0</doglegMx><connection><id uom="m">0.0635</id><od uom="m">0.168275</od><len uom="m">0</len><typeThread>6-5/8 FH</typeThread><tqYield uom="J">0</tqYield><position>bottom</position><criticalCrossSection uom="m2">0</criticalCrossSection><presLeak uom="Pa">0</presLeak><tqMakeup uom="J">65079.2615199072</tqMakeup><customData><cd_connection xsi:schemaLocation="http://schema.slb.com/2012/WitsmlExtension cd_tubular_component.xsd" schemaVersion="1.4.1.4" xmlns="http://schema.slb.com/2012/WitsmlExtension"><stressReliefFlag>false</stressReliefFlag><gender>Pin</gender><hydrostaticTestPressure uom="Pa">0</hydrostaticTestPressure><driftDiameter uom="m">0</driftDiameter><linearWeight uom="kg/m">0</linearWeight><bsr>1.65</bsr><tensYield uom="N">0</tensYield><ApiConnectionFlag>false</ApiConnectionFlag></cd_connection></customData></connection><connection><id uom="m">0.0635</id><od uom="m">0.168275</od><len uom="m">0</len><typeThread>NC56</typeThread><tqYield uom="J">0</tqYield><position>top</position><criticalCrossSection uom="m2">0</criticalCrossSection><presLeak uom="Pa">0</presLeak><tqMakeup uom="J">64875.8888276575</tqMakeup><customData><cd_connection xsi:schemaLocation="http://schema.slb.com/2012/WitsmlExtension cd_tubular_component.xsd" schemaVersion="1.4.1.4" xmlns="http://schema.slb.com/2012/WitsmlExtension"><stressReliefFlag>false</stressReliefFlag><gender>Box</gender><hydrostaticTestPressure uom="Pa">0</hydrostaticTestPressure><driftDiameter uom="m">0</driftDiameter><linearWeight uom="kg/m">0</linearWeight><bsr>1.422</bsr><tensYield uom="N">0</tensYield><ApiConnectionFlag>false</ApiConnectionFlag></cd_connection></customData></connection><customData><cd_tubularComponent xsi:schemaLocation="http://schema.slb.com/2012/WitsmlExtension cd_tubular_component.xsd" schemaVersion="1.4.1.4" xmlns="http://schema.slb.com/2012/WitsmlExtension"><numSerial /><name>8.25" XO SUB </name><catalogUid /><weight uom="kg">223.734045052285</weight><tensYield uom="N">0</tensYield><MagneticPoleStrength uom="Wb">0</MagneticPoleStrength><thermalconductivity uom="W/(m.K)">42.7</thermalconductivity><anisotropyRating uom="">1</anisotropyRating><thermalExpansionCoefficient uom="1/K">1.24E-05</thermalExpansionCoefficient><specheatcapacity uom="J/(kg.K)">473</specheatcapacity><NonMagFlag>true</NonMagFlag><subType /><maxMakeUpTorque uom="J">0</maxMakeUpTorque><WobMaxHasLimit>false</WobMaxHasLimit><WobMinHasLimit>false</WobMinHasLimit><RpmMaxHasLimit>false</RpmMaxHasLimit><RpmMinHasLimit>false</RpmMinHasLimit><FlowRateMaxHasLimit>false</FlowRateMaxHasLimit><FlowRateMinHasLimit>false</FlowRateMinHasLimit><TensileLoadMaxHasLimit>false</TensileLoadMaxHasLimit><OperatingTemperatureMaxHasLimit>false</OperatingTemperatureMaxHasLimit><OperatingPressureMaxHasLimit>false</OperatingPressureMaxHasLimit><DlsSlidingMaxHasLimit>false</DlsSlidingMaxHasLimit><DlsRotatingMaxHasLimit>false</DlsRotatingMaxHasLimit><IsObsolete>false</IsObsolete><type>Drill_Sub</type><miscSubType /><SteelGrade><GradeType>G-105</GradeType><TensileUltimateStress uom="Pa" /><TensileYieldStress uom="Pa" /></SteelGrade></cd_tubularComponent></customData></tubularComponent><tubularComponent uid="5fdc4207aea94a42ab844d768b178747"><typeTubularComp>stabilizer</typeTubularComp><sequence>7</sequence><description>8 1/4" OD</description><id uom="m">0.0635</id><od uom="m">0.20955</od><odMx uom="m">0.3048</odMx><len uom="m">1.524</len><wtPerLen uom="kg/m">244.654152322835</wtPerLen><grade>G-105</grade><odDrift uom="m">0</odDrift><tqYield uom="J">0</tqYield><stressFatig uom="Pa">0</stressFatig><lenFishneck uom="m">0</lenFishneck><idFishneck uom="m">0</idFishneck><odFishneck uom="m">0</odFishneck><disp uom="m3">0</disp><wearWall uom="%">0.07302499999999999</wearWall><configCon>bottom pin top box</configCon><torsionalStiffness uom="N/m">0</torsionalStiffness><typeMaterial>non-magnetic steel</typeMaterial><doglegMx uom="rad/m">0</doglegMx><model>8 1/4" OD</model><connection><id uom="m">0.0635</id><od uom="m">0.20955</od><len uom="m">0</len><typeThread>NC56</typeThread><tqYield uom="J">0</tqYield><position>bottom</position><criticalCrossSection uom="m2">0</criticalCrossSection><presLeak uom="Pa">0</presLeak><tqMakeup uom="J">64875.8888276575</tqMakeup><customData><cd_connection xsi:schemaLocation="http://schema.slb.com/2012/WitsmlExtension cd_tubular_component.xsd" schemaVersion="1.4.1.4" xmlns="http://schema.slb.com/2012/WitsmlExtension"><stressReliefFlag>false</stressReliefFlag><gender>Pin</gender><hydrostaticTestPressure uom="Pa">0</hydrostaticTestPressure><driftDiameter uom="m">0</driftDiameter><linearWeight uom="kg/m">0</linearWeight><bsr>1.422</bsr><tensYield uom="N">0</tensYield><ApiConnectionFlag>false</ApiConnectionFlag></cd_connection></customData></connection><connection><id uom="m">0.0635</id><od uom="m">0.20955</od><len uom="m">0</len><typeThread>NC56</typeThread><tqYield uom="J">0</tqYield><position>top</position><criticalCrossSection uom="m2">0</criticalCrossSection><presLeak uom="Pa">0</presLeak><tqMakeup uom="J">64808.0979302409</tqMakeup><customData><cd_connection xsi:schemaLocation="http://schema.slb.com/2012/WitsmlExtension cd_tubular_component.xsd" schemaVersion="1.4.1.4" xmlns="http://schema.slb.com/2012/WitsmlExtension"><stressReliefFlag>false</stressReliefFlag><gender>Box</gender><hydrostaticTestPressure uom="Pa">0</hydrostaticTestPressure><driftDiameter uom="m">0</driftDiameter><linearWeight uom="kg/m">0</linearWeight><bsr>3.437</bsr><tensYield uom="N">0</tensYield><ApiConnectionFlag>false</ApiConnectionFlag></cd_connection></customData></connection><stabilizer><lenBlade uom="m">0.6096</lenBlade><lenBladeGauge uom="m">0.24384</lenBladeGauge><odBladeMx uom="m">0.3048</odBladeMx><odBladeMn uom="m">0</odBladeMn><distBladeBot uom="m">-0.1524</distBladeBot><shapeBlade>dynamic</shapeBlade><typeBlade>unknown</typeBlade><customData><cd_stabilizer xsi:schemaLocation="http://schema.slb.com/2012/WitsmlExtension cd_tubular_component.xsd" schemaVersion="1.4.1.4" xmlns="http://schema.slb.com/2012/WitsmlExtension"><gaugeLength uom="m">0.24384</gaugeLength><bladeCount>4</bladeCount><bladeHeight uom="m">0</bladeHeight><bladeWidth uom="m">0</bladeWidth><bladeHeightOpenPosition uom="m">0</bladeHeightOpenPosition><bladeSpiral uom="rad">0</bladeSpiral><materialType>steel</materialType><nonMagFlag>false</nonMagFlag><MagneticPoleStrength uom="Wb">0</MagneticPoleStrength></cd_stabilizer></customData></stabilizer><customData><cd_tubularComponent xsi:schemaLocation="http://schema.slb.com/2012/WitsmlExtension cd_tubular_component.xsd" schemaVersion="1.4.1.4" xmlns="http://schema.slb.com/2012/WitsmlExtension"><numSerial /><name>8 1/4" IBS (12" OD)</name><catalogUid /><weight uom="kg">372.85292814</weight><tensYield uom="N">0</tensYield><MagneticPoleStrength uom="Wb">0</MagneticPoleStrength><thermalconductivity uom="W/(m.K)">42.7</thermalconductivity><anisotropyRating uom="">1</anisotropyRating><thermalExpansionCoefficient uom="1/K">1.24E-05</thermalExpansionCoefficient><specheatcapacity uom="J/(kg.K)">473</specheatcapacity><NonMagFlag>true</NonMagFlag><subType /><maxMakeUpTorque uom="J">0</maxMakeUpTorque><WobMaxHasLimit>false</WobMaxHasLimit><WobMinHasLimit>false</WobMinHasLimit><RpmMaxHasLimit>false</RpmMaxHasLimit><RpmMinHasLimit>false</RpmMinHasLimit><FlowRateMaxHasLimit>false</FlowRateMaxHasLimit><FlowRateMinHasLimit>false</FlowRateMinHasLimit><TensileLoadMaxHasLimit>false</TensileLoadMaxHasLimit><OperatingTemperatureMaxHasLimit>false</OperatingTemperatureMaxHasLimit><OperatingPressureMaxHasLimit>false</OperatingPressureMaxHasLimit><DlsSlidingMaxHasLimit>false</DlsSlidingMaxHasLimit><DlsRotatingMaxHasLimit>false</DlsRotatingMaxHasLimit><IsObsolete>false</IsObsolete><SteelGrade><GradeType>G-105</GradeType><TensileUltimateStress uom="Pa" /><TensileYieldStress uom="Pa" /></SteelGrade></cd_tubularComponent></customData></tubularComponent><tubularComponent uid="90a4b4521d244f6abaf32a854bf1340e"><typeTubularComp>drill collar</typeTubularComp><sequence>8</sequence><description>8" Collar</description><id uom="m">0.0762</id><od uom="m">0.2032</od><odMx uom="m">0.2032</odMx><len uom="m">9.144</len><lenJointAv uom="m">9.144</lenJointAv><numJointStand>1</numJointStand><wtPerLen uom="kg/m">217.711935241694</wtPerLen><grade>G-105</grade><odDrift uom="m">0</odDrift><tqYield uom="J">0</tqYield><stressFatig uom="Pa">0</stressFatig><lenFishneck uom="m">0</lenFishneck><idFishneck uom="m">0</idFishneck><odFishneck uom="m">0</odFishneck><disp uom="m3">0</disp><wearWall uom="%">0.0635</wearWall><configCon>bottom pin top box</configCon><torsionalStiffness uom="N/m">0</torsionalStiffness><typeMaterial>non-magnetic steel</typeMaterial><doglegMx uom="rad/m">0</doglegMx><model>COLLAR</model><connection><id uom="m">0.0762</id><od uom="m">0.2032</od><len uom="m">0</len><typeThread>NC56</typeThread><tqYield uom="J">0</tqYield><position>bottom</position><criticalCrossSection uom="m2">0</criticalCrossSection><presLeak uom="Pa">0</presLeak><tqMakeup uom="J">64808.0979302409</tqMakeup><customData><cd_connection xsi:schemaLocation="http://schema.slb.com/2012/WitsmlExtension cd_tubular_component.xsd" schemaVersion="1.4.1.4" xmlns="http://schema.slb.com/2012/WitsmlExtension"><stressReliefFlag>false</stressReliefFlag><gender>Pin</gender><hydrostaticTestPressure uom="Pa">0</hydrostaticTestPressure><driftDiameter uom="m">0</driftDiameter><linearWeight uom="kg/m">0</linearWeight><bsr>3.437</bsr><tensYield uom="N">0</tensYield><ApiConnectionFlag>false</ApiConnectionFlag></cd_connection></customData></connection><connection><id uom="m">0.0762</id><od uom="m">0.2032</od><len uom="m">0</len><typeThread>NC56</typeThread><tqYield uom="J">0</tqYield><position>top</position><criticalCrossSection uom="m2">0</criticalCrossSection><presLeak uom="Pa">0</presLeak><tqMakeup uom="J">64672.5161354078</tqMakeup><customData><cd_connection xsi:schemaLocation="http://schema.slb.com/2012/WitsmlExtension cd_tubular_component.xsd" schemaVersion="1.4.1.4" xmlns="http://schema.slb.com/2012/WitsmlExtension"><stressReliefFlag>false</stressReliefFlag><gender>Box</gender><hydrostaticTestPressure uom="Pa">0</hydrostaticTestPressure><driftDiameter uom="m">0</driftDiameter><linearWeight uom="kg/m">0</linearWeight><bsr>3.087</bsr><tensYield uom="N">0</tensYield><ApiConnectionFlag>false</ApiConnectionFlag></cd_connection></customData></connection><customData><cd_tubularComponent xsi:schemaLocation="http://schema.slb.com/2012/WitsmlExtension cd_tubular_component.xsd" schemaVersion="1.4.1.4" xmlns="http://schema.slb.com/2012/WitsmlExtension"><numSerial /><name>8" NonMag DC</name><catalogUid /><weight uom="kg">1990.7579331285</weight><tensYield uom="N">0</tensYield><MagneticPoleStrength uom="Wb">0</MagneticPoleStrength><thermalconductivity uom="W/(m.K)">42.7</thermalconductivity><anisotropyRating uom="">1</anisotropyRating><thermalExpansionCoefficient uom="1/K">1.24E-05</thermalExpansionCoefficient><specheatcapacity uom="J/(kg.K)">473</specheatcapacity><NonMagFlag>true</NonMagFlag><subType>Drill Collar</subType><maxMakeUpTorque uom="J">0</maxMakeUpTorque><WobMaxHasLimit>false</WobMaxHasLimit><WobMinHasLimit>false</WobMinHasLimit><RpmMaxHasLimit>false</RpmMaxHasLimit><RpmMinHasLimit>false</RpmMinHasLimit><FlowRateMaxHasLimit>false</FlowRateMaxHasLimit><FlowRateMinHasLimit>false</FlowRateMinHasLimit><TensileLoadMaxHasLimit>false</TensileLoadMaxHasLimit><OperatingTemperatureMaxHasLimit>false</OperatingTemperatureMaxHasLimit><OperatingPressureMaxHasLimit>false</OperatingPressureMaxHasLimit><DlsSlidingMaxHasLimit>false</DlsSlidingMaxHasLimit><DlsRotatingMaxHasLimit>false</DlsRotatingMaxHasLimit><IsObsolete>false</IsObsolete><SteelGrade><GradeType>G-105</GradeType><TensileUltimateStress uom="Pa" /><TensileYieldStress uom="Pa" /></SteelGrade></cd_tubularComponent></customData></tubularComponent><tubularComponent uid="8f75120025304bbfb76e4e9f76011937"><typeTubularComp>drill collar</typeTubularComp><sequence>9</sequence><description>8" Collar</description><id uom="m">0.0762</id><od uom="m">0.2032</od><odMx uom="m">0.2032</odMx><len uom="m">27.432</len><lenJointAv uom="m">9.144</lenJointAv><numJointStand>3</numJointStand><wtPerLen uom="kg/m">217.711935241694</wtPerLen><grade>G-105</grade><odDrift uom="m">0</odDrift><tqYield uom="J">0</tqYield><stressFatig uom="Pa">0</stressFatig><lenFishneck uom="m">0</lenFishneck><idFishneck uom="m">0</idFishneck><odFishneck uom="m">0</odFishneck><disp uom="m3">0</disp><wearWall uom="%">0.0635</wearWall><configCon>bottom pin top box</configCon><torsionalStiffness uom="N/m">0</torsionalStiffness><typeMaterial>non-magnetic steel</typeMaterial><doglegMx uom="rad/m">0</doglegMx><model>COLLAR</model><connection><id uom="m">0.0762</id><od uom="m">0.2032</od><len uom="m">0</len><typeThread>NC56</typeThread><tqYield uom="J">0</tqYield><position>bottom</position><criticalCrossSection uom="m2">0</criticalCrossSection><presLeak uom="Pa">0</presLeak><tqMakeup uom="J">64672.5161354078</tqMakeup><customData><cd_connection xsi:schemaLocation="http://schema.slb.com/2012/WitsmlExtension cd_tubular_component.xsd" schemaVersion="1.4.1.4" xmlns="http://schema.slb.com/2012/WitsmlExtension"><stressReliefFlag>false</stressReliefFlag><gender>Pin</gender><hydrostaticTestPressure uom="Pa">0</hydrostaticTestPressure><driftDiameter uom="m">0</driftDiameter><linearWeight uom="kg/m">0</linearWeight><bsr>3.087</bsr><tensYield uom="N">0</tensYield><ApiConnectionFlag>false</ApiConnectionFlag></cd_connection></customData></connection><connection><id uom="m">0.0762</id><od uom="m">0.2032</od><len uom="m">0</len><typeThread>NC56</typeThread><tqYield uom="J">0</tqYield><position>top</position><criticalCrossSection uom="m2">0</criticalCrossSection><presLeak uom="Pa">0</presLeak><tqMakeup uom="J">64536.9343405746</tqMakeup><customData><cd_connection xsi:schemaLocation="http://schema.slb.com/2012/WitsmlExtension cd_tubular_component.xsd" schemaVersion="1.4.1.4" xmlns="http://schema.slb.com/2012/WitsmlExtension"><stressReliefFlag>false</stressReliefFlag><gender>Box</gender><hydrostaticTestPressure uom="Pa">0</hydrostaticTestPressure><driftDiameter uom="m">0</driftDiameter><linearWeight uom="kg/m">0</linearWeight><bsr>2.934</bsr><tensYield uom="N">0</tensYield><ApiConnectionFlag>false</ApiConnectionFlag></cd_connection></customData></connection><customData><cd_tubularComponent xsi:schemaLocation="http://schema.slb.com/2012/WitsmlExtension cd_tubular_component.xsd" schemaVersion="1.4.1.4" xmlns="http://schema.slb.com/2012/WitsmlExtension"><numSerial /><name>8" DC</name><catalogUid /><weight uom="kg">5972.27379983909</weight><tensYield uom="N">0</tensYield><MagneticPoleStrength uom="Wb">0</MagneticPoleStrength><thermalconductivity uom="W/(m.K)">42.7</thermalconductivity><anisotropyRating uom="">1</anisotropyRating><thermalExpansionCoefficient uom="1/K">1.24E-05</thermalExpansionCoefficient><specheatcapacity uom="J/(kg.K)">473</specheatcapacity><NonMagFlag>true</NonMagFlag><subType>Drill Collar</subType><maxMakeUpTorque uom="J">0</maxMakeUpTorque><WobMaxHasLimit>false</WobMaxHasLimit><WobMinHasLimit>false</WobMinHasLimit><RpmMaxHasLimit>false</RpmMaxHasLimit><RpmMinHasLimit>false</RpmMinHasLimit><FlowRateMaxHasLimit>false</FlowRateMaxHasLimit><FlowRateMinHasLimit>false</FlowRateMinHasLimit><TensileLoadMaxHasLimit>false</TensileLoadMaxHasLimit><OperatingTemperatureMaxHasLimit>false</OperatingTemperatureMaxHasLimit><OperatingPressureMaxHasLimit>false</OperatingPressureMaxHasLimit><DlsSlidingMaxHasLimit>false</DlsSlidingMaxHasLimit><DlsRotatingMaxHasLimit>false</DlsRotatingMaxHasLimit><IsObsolete>false</IsObsolete><SteelGrade><GradeType>G-105</GradeType><TensileUltimateStress uom="Pa" /><TensileYieldStress uom="Pa" /></SteelGrade></cd_tubularComponent></customData></tubularComponent><tubularComponent uid="efe4e9c5d3734485b48d70248e09be13"><typeTubularComp>other</typeTubularComp><sequence>10</sequence><description>8" Misc. Sub</description><id uom="m">0.0635</id><od uom="m">0.2032</od><odMx uom="m">0.2032</odMx><len uom="m">0.9144</len><wtPerLen uom="kg/m">228.59753155733</wtPerLen><grade>G-105</grade><odDrift uom="m">0</odDrift><tqYield uom="J">0</tqYield><stressFatig uom="Pa">0</stressFatig><lenFishneck uom="m">0</lenFishneck><idFishneck uom="m">0</idFishneck><odFishneck uom="m">0</odFishneck><disp uom="m3">0</disp><wearWall uom="%">0</wearWall><configCon>bottom pin top box</configCon><torsionalStiffness uom="N/m">0</torsionalStiffness><typeMaterial>non-magnetic steel</typeMaterial><doglegMx uom="rad/m">0</doglegMx><connection><id uom="m">0.0635</id><od uom="m">0.2032</od><len uom="m">0</len><typeThread>NC56</typeThread><tqYield uom="J">0</tqYield><position>bottom</position><criticalCrossSection uom="m2">0</criticalCrossSection><presLeak uom="Pa">0</presLeak><tqMakeup uom="J">64536.9343405746</tqMakeup><customData><cd_connection xsi:schemaLocation="http://schema.slb.com/2012/WitsmlExtension cd_tubular_component.xsd" schemaVersion="1.4.1.4" xmlns="http://schema.slb.com/2012/WitsmlExtension"><stressReliefFlag>false</stressReliefFlag><gender>Pin</gender><hydrostaticTestPressure uom="Pa">0</hydrostaticTestPressure><driftDiameter uom="m">0</driftDiameter><linearWeight uom="kg/m">0</linearWeight><bsr>2.934</bsr><tensYield uom="N">0</tensYield><ApiConnectionFlag>false</ApiConnectionFlag></cd_connection></customData></connection><connection><id uom="m">0.0635</id><od uom="m">0.2032</od><len uom="m">0</len><typeThread>4-1/2 XH</typeThread><tqYield uom="J">0</tqYield><position>top</position><criticalCrossSection uom="m2">0</criticalCrossSection><presLeak uom="Pa">0</presLeak><tqMakeup uom="J">63723.4435715758</tqMakeup><customData><cd_connection xsi:schemaLocation="http://schema.slb.com/2012/WitsmlExtension cd_tubular_component.xsd" schemaVersion="1.4.1.4" xmlns="http://schema.slb.com/2012/WitsmlExtension"><stressReliefFlag>false</stressReliefFlag><gender>Box</gender><hydrostaticTestPressure uom="Pa">0</hydrostaticTestPressure><driftDiameter uom="m">0</driftDiameter><linearWeight uom="kg/m">0</linearWeight><bsr>NaN</bsr><tensYield uom="N">0</tensYield><ApiConnectionFlag>false</ApiConnectionFlag></cd_connection></customData></connection><customData><cd_tubularComponent xsi:schemaLocation="http://schema.slb.com/2012/WitsmlExtension cd_tubular_component.xsd" schemaVersion="1.4.1.4" xmlns="http://schema.slb.com/2012/WitsmlExtension"><numSerial /><name>XO Sub (4.5XH x NC56)</name><catalogUid /><weight uom="kg">209.029582856022</weight><tensYield uom="N">0</tensYield><MagneticPoleStrength uom="Wb">0</MagneticPoleStrength><thermalconductivity uom="W/(m.K)">42.7</thermalconductivity><anisotropyRating uom="">1</anisotropyRating><thermalExpansionCoefficient uom="1/K">1.24E-05</thermalExpansionCoefficient><specheatcapacity uom="J/(kg.K)">473</specheatcapacity><NonMagFlag>true</NonMagFlag><subType /><maxMakeUpTorque uom="J">0</maxMakeUpTorque><WobMaxHasLimit>false</WobMaxHasLimit><WobMinHasLimit>false</WobMinHasLimit><RpmMaxHasLimit>false</RpmMaxHasLimit><RpmMinHasLimit>false</RpmMinHasLimit><FlowRateMaxHasLimit>false</FlowRateMaxHasLimit><FlowRateMinHasLimit>false</FlowRateMinHasLimit><TensileLoadMaxHasLimit>false</TensileLoadMaxHasLimit><OperatingTemperatureMaxHasLimit>false</OperatingTemperatureMaxHasLimit><OperatingPressureMaxHasLimit>false</OperatingPressureMaxHasLimit><DlsSlidingMaxHasLimit>false</DlsSlidingMaxHasLimit><DlsRotatingMaxHasLimit>false</DlsRotatingMaxHasLimit><IsObsolete>false</IsObsolete><type>Drill_Sub</type><miscSubType /><SteelGrade><GradeType>G-105</GradeType><TensileUltimateStress uom="Pa" /><TensileYieldStress uom="Pa" /></SteelGrade></cd_tubularComponent></customData></tubularComponent><tubularComponent uid="507a917da125462aae26420c3a5a916b"><typeTubularComp>drill collar</typeTubularComp><sequence>11</sequence><description>6.5" Collar</description><id uom="m">0.0714375</id><od uom="m">0.1651</od><odMx uom="m">0.1651</odMx><len uom="m">182.88</len><lenJointAv uom="m">9.144</lenJointAv><numJointStand>20</numJointStand><wtPerLen uom="kg/m">135.930796479163</wtPerLen><grade>G-105</grade><odDrift uom="m">0</odDrift><tqYield uom="J">0</tqYield><stressFatig uom="Pa">0</stressFatig><lenFishneck uom="m">0</lenFishneck><idFishneck uom="m">0</idFishneck><odFishneck uom="m">0</odFishneck><disp uom="m3">0</disp><wearWall uom="%">0.046831</wearWall><configCon>bottom pin top box</configCon><torsionalStiffness uom="N/m">0</torsionalStiffness><typeMaterial>non-magnetic steel</typeMaterial><doglegMx uom="rad/m">0</doglegMx><model>COLLAR</model><connection><id uom="m">0.0714375</id><od uom="m">0.1651</od><len uom="m">0</len><typeThread>4-1/2 XH</typeThread><tqYield uom="J">0</tqYield><position>bottom</position><criticalCrossSection uom="m2">0</criticalCrossSection><presLeak uom="Pa">0</presLeak><tqMakeup uom="J">63723.4435715758</tqMakeup><customData><cd_connection xsi:schemaLocation="http://schema.slb.com/2012/WitsmlExtension cd_tubular_component.xsd" schemaVersion="1.4.1.4" xmlns="http://schema.slb.com/2012/WitsmlExtension"><stressReliefFlag>false</stressReliefFlag><gender>Pin</gender><hydrostaticTestPressure uom="Pa">0</hydrostaticTestPressure><driftDiameter uom="m">0</driftDiameter><linearWeight uom="kg/m">0</linearWeight><bsr>NaN</bsr><tensYield uom="N">0</tensYield><ApiConnectionFlag>false</ApiConnectionFlag></cd_connection></customData></connection><connection><id uom="m">0.0714375</id><od uom="m">0.1651</od><len uom="m">0</len><typeThread>4-1/2 XH</typeThread><tqYield uom="J">0</tqYield><position>top</position><criticalCrossSection uom="m2">0</criticalCrossSection><presLeak uom="Pa">0</presLeak><tqMakeup uom="J">61825.2984439118</tqMakeup><customData><cd_connection xsi:schemaLocation="http://schema.slb.com/2012/WitsmlExtension cd_tubular_component.xsd" schemaVersion="1.4.1.4" xmlns="http://schema.slb.com/2012/WitsmlExtension"><stressReliefFlag>false</stressReliefFlag><gender>Box</gender><hydrostaticTestPressure uom="Pa">0</hydrostaticTestPressure><driftDiameter uom="m">0</driftDiameter><linearWeight uom="kg/m">0</linearWeight><bsr>NaN</bsr><tensYield uom="N">0</tensYield><ApiConnectionFlag>false</ApiConnectionFlag></cd_connection></customData></connection><customData><cd_tubularComponent xsi:schemaLocation="http://schema.slb.com/2012/WitsmlExtension cd_tubular_component.xsd" schemaVersion="1.4.1.4" xmlns="http://schema.slb.com/2012/WitsmlExtension"><numSerial /><name>6.5" Collar</name><catalogUid /><weight uom="kg">24859.0241349521</weight><tensYield uom="N">0</tensYield><MagneticPoleStrength uom="Wb">0</MagneticPoleStrength><thermalconductivity uom="W/(m.K)">42.7</thermalconductivity><anisotropyRating uom="">1</anisotropyRating><thermalExpansionCoefficient uom="1/K">1.24E-05</thermalExpansionCoefficient><specheatcapacity uom="J/(kg.K)">473</specheatcapacity><NonMagFlag>true</NonMagFlag><subType>Drill Collar</subType><maxMakeUpTorque uom="J">0</maxMakeUpTorque><WobMaxHasLimit>false</WobMaxHasLimit><WobMinHasLimit>false</WobMinHasLimit><RpmMaxHasLimit>false</RpmMaxHasLimit><RpmMinHasLimit>false</RpmMinHasLimit><FlowRateMaxHasLimit>false</FlowRateMaxHasLimit><FlowRateMinHasLimit>false</FlowRateMinHasLimit><TensileLoadMaxHasLimit>false</TensileLoadMaxHasLimit><OperatingTemperatureMaxHasLimit>false</OperatingTemperatureMaxHasLimit><OperatingPressureMaxHasLimit>false</OperatingPressureMaxHasLimit><DlsSlidingMaxHasLimit>false</DlsSlidingMaxHasLimit><DlsRotatingMaxHasLimit>false</DlsRotatingMaxHasLimit><IsObsolete>false</IsObsolete><SteelGrade><GradeType>G-105</GradeType><TensileUltimateStress uom="Pa" /><TensileYieldStress uom="Pa" /></SteelGrade></cd_tubularComponent></customData></tubularComponent><tubularComponent uid="86f2088830d54edb8c3196137175125a"><typeTubularComp>jar</typeTubularComp><sequence>12</sequence><description>Hydra-Jar 6 1/2"</description><id uom="m">0.06985</id><od uom="m">0.1651</od><odMx uom="m">0.1651</odMx><len uom="m">9.497568</len><wtPerLen uom="kg/m">88.3522933297244</wtPerLen><grade>G-105</grade><tqYield uom="J">82704.8948482154</tqYield><wearWall uom="%">1.875</wearWall><configCon>bottom pin top box</configCon><typeMaterial>steel</typeMaterial><vendor>Schlumberger</vendor><model>Hydra-Jar 6 1/2"</model><connection><id uom="m">0.06985</id><od uom="m">0.1651</od><typeThread>4-1/2 XH</typeThread><position>bottom</position><tqMakeup uom="J">61825.2984439118</tqMakeup><customData><cd_connection xsi:schemaLocation="http://schema.slb.com/2012/WitsmlExtension cd_tubular_component.xsd" schemaVersion="1.4.1.4" xmlns="http://schema.slb.com/2012/WitsmlExtension"><stressReliefFlag>false</stressReliefFlag><gender>Pin</gender><bsr>NaN</bsr><ApiConnectionFlag>false</ApiConnectionFlag></cd_connection></customData></connection><connection><id uom="m">0.06985</id><od uom="m">0.1651</od><typeThread>4-1/2 XH</typeThread><position>top</position><tqMakeup uom="J">62367.6256232444</tqMakeup><customData><cd_connection xsi:schemaLocation="http://schema.slb.com/2012/WitsmlExtension cd_tubular_component.xsd" schemaVersion="1.4.1.4" xmlns="http://schema.slb.com/2012/WitsmlExtension"><stressReliefFlag>false</stressReliefFlag><gender>Box</gender><bsr>NaN</bsr><ApiConnectionFlag>false</ApiConnectionFlag></cd_connection></customData></connection><jar><typeJar>hydraulic</typeJar><jarAction>unknown</jarAction></jar><customData><cd_tubularComponent xsi:schemaLocation="http://schema.slb.com/2012/WitsmlExtension cd_tubular_component.xsd" schemaVersion="1.4.1.4" xmlns="http://schema.slb.com/2012/WitsmlExtension"><numSerial /><name>Hydra-Jar 6 1/2"</name><catalogUid>2972</catalogUid><weight uom="kg">839.131913855004</weight><tensYield uom="N">4003399.45373445</tensYield><MagneticPoleStrength uom="Wb">0</MagneticPoleStrength><thermalconductivity uom="W/(m.K)">42.7</thermalconductivity><anisotropyRating uom="">1</anisotropyRating><thermalExpansionCoefficient uom="1/K">1.24E-05</thermalExpansionCoefficient><specheatcapacity uom="J/(kg.K)">473</specheatcapacity><NonMagFlag>false</NonMagFlag><subType /><WobMaxHasLimit>false</WobMaxHasLimit><WobMinHasLimit>false</WobMinHasLimit><RpmMaxHasLimit>false</RpmMaxHasLimit><RpmMinHasLimit>false</RpmMinHasLimit><FlowRateMaxHasLimit>false</FlowRateMaxHasLimit><FlowRateMinHasLimit>false</FlowRateMinHasLimit><TensileLoadMaxHasLimit>false</TensileLoadMaxHasLimit><OperatingTemperatureMaxHasLimit>false</OperatingTemperatureMaxHasLimit><OperatingPressureMaxHasLimit>false</OperatingPressureMaxHasLimit><DlsSlidingMaxHasLimit>false</DlsSlidingMaxHasLimit><DlsRotatingMaxHasLimit>false</DlsRotatingMaxHasLimit><IsObsolete>false</IsObsolete><type>JAR</type><impactToolProperties /><SteelGrade><GradeType>G-105</GradeType><TensileUltimateStress uom="Pa" /><TensileYieldStress uom="Pa" /></SteelGrade></cd_tubularComponent></customData></tubularComponent><tubularComponent uid="207f5782bf3544a694a574bb0a219eda"><typeTubularComp>drill collar</typeTubularComp><sequence>13</sequence><description>6.5" Collar</description><id uom="m">0.0714375</id><od uom="m">0.1651</od><odMx uom="m">0.1651</odMx><len uom="m">27.432</len><lenJointAv uom="m">9.144</lenJointAv><numJointStand>3</numJointStand><wtPerLen uom="kg/m">135.930796479163</wtPerLen><grade>G-105</grade><odDrift uom="m">0</odDrift><tqYield uom="J">0</tqYield><stressFatig uom="Pa">0</stressFatig><lenFishneck uom="m">0</lenFishneck><idFishneck uom="m">0</idFishneck><odFishneck uom="m">0</odFishneck><disp uom="m3">0</disp><wearWall uom="%">0.046831</wearWall><configCon>bottom pin top box</configCon><torsionalStiffness uom="N/m">0</torsionalStiffness><typeMaterial>other</typeMaterial><doglegMx uom="rad/m">0</doglegMx><model>COLLAR</model><connection><id uom="m">0.0714375</id><od uom="m">0.1651</od><len uom="m">0</len><typeThread>4-1/2 XH</typeThread><tqYield uom="J">0</tqYield><position>bottom</position><criticalCrossSection uom="m2">0</criticalCrossSection><presLeak uom="Pa">0</presLeak><tqMakeup uom="J">62367.6256232444</tqMakeup><customData><cd_connection xsi:schemaLocation="http://schema.slb.com/2012/WitsmlExtension cd_tubular_component.xsd" schemaVersion="1.4.1.4" xmlns="http://schema.slb.com/2012/WitsmlExtension"><stressReliefFlag>false</stressReliefFlag><gender>Pin</gender><hydrostaticTestPressure uom="Pa">0</hydrostaticTestPressure><driftDiameter uom="m">0</driftDiameter><linearWeight uom="kg/m">0</linearWeight><bsr>NaN</bsr><tensYield uom="N">0</tensYield><ApiConnectionFlag>false</ApiConnectionFlag></cd_connection></customData></connection><connection><id uom="m">0.0714375</id><od uom="m">0.1651</od><len uom="m">0</len><typeThread>4-1/2 XH</typeThread><tqYield uom="J">0</tqYield><position>top</position><criticalCrossSection uom="m2">0</criticalCrossSection><presLeak uom="Pa">0</presLeak><tqMakeup uom="J">61011.807674913</tqMakeup><customData><cd_connection xsi:schemaLocation="http://schema.slb.com/2012/WitsmlExtension cd_tubular_component.xsd" schemaVersion="1.4.1.4" xmlns="http://schema.slb.com/2012/WitsmlExtension"><stressReliefFlag>false</stressReliefFlag><gender>Box</gender><hydrostaticTestPressure uom="Pa">0</hydrostaticTestPressure><driftDiameter uom="m">0</driftDiameter><linearWeight uom="kg/m">0</linearWeight><bsr>NaN</bsr><tensYield uom="N">0</tensYield><ApiConnectionFlag>false</ApiConnectionFlag></cd_connection></customData></connection><customData><cd_tubularComponent xsi:schemaLocation="http://schema.slb.com/2012/WitsmlExtension cd_tubular_component.xsd" schemaVersion="1.4.1.4" xmlns="http://schema.slb.com/2012/WitsmlExtension"><numSerial /><name>6.5" Collar</name><catalogUid /><weight uom="kg">3728.85362035621</weight><tensYield uom="N">0</tensYield><MagneticPoleStrength uom="Wb">0</MagneticPoleStrength><thermalconductivity uom="W/(m.K)">42.7</thermalconductivity><anisotropyRating uom="">1</anisotropyRating><thermalExpansionCoefficient uom="1/K">1.24E-05</thermalExpansionCoefficient><specheatcapacity uom="J/(kg.K)">473</specheatcapacity><NonMagFlag>false</NonMagFlag><subType>Drill Collar</subType><maxMakeUpTorque uom="J">0</maxMakeUpTorque><WobMaxHasLimit>false</WobMaxHasLimit><WobMinHasLimit>false</WobMinHasLimit><RpmMaxHasLimit>false</RpmMaxHasLimit><RpmMinHasLimit>false</RpmMinHasLimit><FlowRateMaxHasLimit>false</FlowRateMaxHasLimit><FlowRateMinHasLimit>false</FlowRateMinHasLimit><TensileLoadMaxHasLimit>false</TensileLoadMaxHasLimit><OperatingTemperatureMaxHasLimit>false</OperatingTemperatureMaxHasLimit><OperatingPressureMaxHasLimit>false</OperatingPressureMaxHasLimit><DlsSlidingMaxHasLimit>false</DlsSlidingMaxHasLimit><DlsRotatingMaxHasLimit>false</DlsRotatingMaxHasLimit><IsObsolete>false</IsObsolete><SteelGrade><GradeType>G-105</GradeType><TensileUltimateStress uom="Pa" /><TensileYieldStress uom="Pa" /></SteelGrade></cd_tubularComponent></customData></tubularComponent><tubularComponent uid="ddf4ac1b7d614d409b329f90d8d10db6"><typeTubularComp>other</typeTubularComp><sequence>14</sequence><description>6.75" Misc. Sub</description><id uom="m">0.073025</id><od uom="m">0.17145</od><odMx uom="m">0.17145</odMx><len uom="m">1.524</len><wtPerLen uom="kg/m">147.635905332391</wtPerLen><grade>G-105</grade><odDrift uom="m">0</odDrift><tqYield uom="J">0</tqYield><stressFatig uom="Pa">0</stressFatig><lenFishneck uom="m">0</lenFishneck><idFishneck uom="m">0</idFishneck><odFishneck uom="m">0</odFishneck><disp uom="m3">0</disp><wearWall uom="%">0</wearWall><configCon>bottom pin top box</configCon><torsionalStiffness uom="N/m">0</torsionalStiffness><typeMaterial>other</typeMaterial><doglegMx uom="rad/m">0</doglegMx><connection><id uom="m">0.073025</id><od uom="m">0.1143</od><len uom="m">0</len><typeThread>4-1/2 XH</typeThread><tqYield uom="J">0</tqYield><position>bottom</position><criticalCrossSection uom="m2">0</criticalCrossSection><presLeak uom="Pa">0</presLeak><tqMakeup uom="J">61011.807674913</tqMakeup><customData><cd_connection xsi:schemaLocation="http://schema.slb.com/2012/WitsmlExtension cd_tubular_component.xsd" schemaVersion="1.4.1.4" xmlns="http://schema.slb.com/2012/WitsmlExtension"><stressReliefFlag>false</stressReliefFlag><gender>Pin</gender><hydrostaticTestPressure uom="Pa">0</hydrostaticTestPressure><driftDiameter uom="m">0</driftDiameter><linearWeight uom="kg/m">0</linearWeight><bsr>NaN</bsr><tensYield uom="N">0</tensYield><ApiConnectionFlag>false</ApiConnectionFlag></cd_connection></customData></connection><connection><id uom="m">0.073025</id><od uom="m">0.1143</od><len uom="m">0</len><typeThread>4-1/2 IF</typeThread><tqYield uom="J">0</tqYield><position>top</position><criticalCrossSection uom="m2">0</criticalCrossSection><presLeak uom="Pa">0</presLeak><tqMakeup uom="J">55588.5358815874</tqMakeup><customData><cd_connection xsi:schemaLocation="http://schema.slb.com/2012/WitsmlExtension cd_tubular_component.xsd" schemaVersion="1.4.1.4" xmlns="http://schema.slb.com/2012/WitsmlExtension"><stressReliefFlag>false</stressReliefFlag><gender>Box</gender><hydrostaticTestPressure uom="Pa">0</hydrostaticTestPressure><driftDiameter uom="m">0</driftDiameter><linearWeight uom="kg/m">0</linearWeight><bsr>NaN</bsr><tensYield uom="N">0</tensYield><ApiConnectionFlag>false</ApiConnectionFlag></cd_connection></customData></connection><customData><cd_tubularComponent xsi:schemaLocation="http://schema.slb.com/2012/WitsmlExtension cd_tubular_component.xsd" schemaVersion="1.4.1.4" xmlns="http://schema.slb.com/2012/WitsmlExtension"><numSerial /><name>XO Sub (XH x IF)</name><catalogUid /><weight uom="kg">224.997120633749</weight><tensYield uom="N">0</tensYield><MagneticPoleStrength uom="Wb">0</MagneticPoleStrength><thermalconductivity uom="W/(m.K)">42.7</thermalconductivity><anisotropyRating uom="">1</anisotropyRating><thermalExpansionCoefficient uom="1/K">1.24E-05</thermalExpansionCoefficient><specheatcapacity uom="J/(kg.K)">473</specheatcapacity><NonMagFlag>false</NonMagFlag><subType /><maxMakeUpTorque uom="J">0</maxMakeUpTorque><WobMaxHasLimit>false</WobMaxHasLimit><WobMinHasLimit>false</WobMinHasLimit><RpmMaxHasLimit>false</RpmMaxHasLimit><RpmMinHasLimit>false</RpmMinHasLimit><FlowRateMaxHasLimit>false</FlowRateMaxHasLimit><FlowRateMinHasLimit>false</FlowRateMinHasLimit><TensileLoadMaxHasLimit>false</TensileLoadMaxHasLimit><OperatingTemperatureMaxHasLimit>false</OperatingTemperatureMaxHasLimit><OperatingPressureMaxHasLimit>false</OperatingPressureMaxHasLimit><DlsSlidingMaxHasLimit>false</DlsSlidingMaxHasLimit><DlsRotatingMaxHasLimit>false</DlsRotatingMaxHasLimit><IsObsolete>false</IsObsolete><type>Drill_Sub</type><miscSubType /><SteelGrade><GradeType>G-105</GradeType><TensileUltimateStress uom="Pa" /><TensileYieldStress uom="Pa" /></SteelGrade></cd_tubularComponent></customData></tubularComponent><tubularComponent uid="b963993435a24d528c92671c3b2069ba"><typeTubularComp>drill pipe</typeTubularComp><sequence>15</sequence><description>5" 19.50 DPS, 10% Wear</description><id uom="m">0.1086104</id><od uom="m">0.1251712</od><odMx uom="m">0.168275</odMx><len uom="m">9.4488</len><lenJointAv uom="m">9.4488</lenJointAv><numJointStand>1</numJointStand><wtPerLen uom="kg/m">33.6325051246719</wtPerLen><grade>S-135</grade><odDrift uom="m">0.1251712</odDrift><tqYield uom="J">89520.5916758331</tqYield><stressFatig uom="Pa">0</stressFatig><lenFishneck uom="m">0</lenFishneck><idFishneck uom="m">0</idFishneck><odFishneck uom="m">0</odFishneck><disp uom="m3">0</disp><classService>10% Wear</classService><wearWall uom="%">0</wearWall><configCon>bottom pin top box</configCon><torsionalStiffness uom="N/m">0</torsionalStiffness><typeMaterial>steel</typeMaterial><doglegMx uom="rad/m">0</doglegMx><model>S-135</model><connection><id uom="m">0.1086104</id><od uom="m">0.127</od><len uom="m">0</len><typeThread>4-1/2 IF</typeThread><tqYield uom="J">85958.8579255666</tqYield><position>bottom</position><criticalCrossSection uom="m2">0</criticalCrossSection><presLeak uom="Pa">0</presLeak><tqMakeup uom="J">55588.5358815874</tqMakeup><customData><cd_connection xsi:schemaLocation="http://schema.slb.com/2012/WitsmlExtension cd_tubular_component.xsd" schemaVersion="1.4.1.4" xmlns="http://schema.slb.com/2012/WitsmlExtension"><stressReliefFlag>false</stressReliefFlag><gender>Pin</gender><standardizationName>NC50 (4 1/2 IF) IEU</standardizationName><hydrostaticTestPressure uom="Pa">0</hydrostaticTestPressure><upsetType>IEU</upsetType><driftDiameter uom="m">0</driftDiameter><linearWeight uom="kg/m">0</linearWeight><bsr>NaN</bsr><tensYield uom="N">6902305.48040417</tensYield><ApiConnectionFlag>false</ApiConnectionFlag></cd_connection></customData></connection><connection><id uom="m">0.1086104</id><od uom="m">0.127</od><len uom="m">0</len><typeThread>4-1/2 IF</typeThread><tqYield uom="J">85958.8579255666</tqYield><position>top</position><criticalCrossSection uom="m2">0</criticalCrossSection><presLeak uom="Pa">0</presLeak><tqMakeup uom="J">50165.2640882618</tqMakeup><customData><cd_connection xsi:schemaLocation="http://schema.slb.com/2012/WitsmlExtension cd_tubular_component.xsd" schemaVersion="1.4.1.4" xmlns="http://schema.slb.com/2012/WitsmlExtension"><stressReliefFlag>false</stressReliefFlag><gender>Box</gender><standardizationName>NC50 (4 1/2 IF) IEU</standardizationName><hydrostaticTestPressure uom="Pa">0</hydrostaticTestPressure><upsetType>IEU</upsetType><driftDiameter uom="m">0</driftDiameter><linearWeight uom="kg/m">0</linearWeight><tensYield uom="N">6902305.48040417</tensYield><ApiConnectionFlag>false</ApiConnectionFlag></cd_connection></customData></connection><customData><cd_tubularComponent xsi:schemaLocation="http://schema.slb.com/2012/WitsmlExtension cd_tubular_component.xsd" schemaVersion="1.4.1.4" xmlns="http://schema.slb.com/2012/WitsmlExtension"><numSerial /><name>5" 19.50 DPS, 10% Wear</name><catalogUid /><weight uom="kg">317.786814422</weight><tensYield uom="N">2828450.6445056</tensYield><MagneticPoleStrength uom="Wb">0</MagneticPoleStrength><thermalconductivity uom="W/(m.K)">42.7</thermalconductivity><anisotropyRating uom="">1</anisotropyRating><thermalExpansionCoefficient uom="1/K">1.24E-05</thermalExpansionCoefficient><specheatcapacity uom="J/(kg.K)">473</specheatcapacity><NonMagFlag>false</NonMagFlag><subType /><maxMakeUpTorque uom="J">0</maxMakeUpTorque><WobMaxHasLimit>false</WobMaxHasLimit><WobMinHasLimit>false</WobMinHasLimit><RpmMaxHasLimit>false</RpmMaxHasLimit><RpmMinHasLimit>false</RpmMinHasLimit><FlowRateMaxHasLimit>false</FlowRateMaxHasLimit><FlowRateMinHasLimit>false</FlowRateMinHasLimit><TensileLoadMaxHasLimit>false</TensileLoadMaxHasLimit><OperatingTemperatureMaxHasLimit>false</OperatingTemperatureMaxHasLimit><OperatingPressureMaxHasLimit>false</OperatingPressureMaxHasLimit><DlsSlidingMaxHasLimit>false</DlsSlidingMaxHasLimit><DlsRotatingMaxHasLimit>false</DlsRotatingMaxHasLimit><IsObsolete>false</IsObsolete><toolJointLength uom="m">0</toolJointLength><toolJointNominalInsideDiameter uom="m">0.06985</toolJointNominalInsideDiameter><toolJointNominalOutsideDiameter uom="m">0.168275</toolJointNominalOutsideDiameter><toolJointPercentWear uom="">0</toolJointPercentWear><drillPipe><hydrostaticTestPressure uom="Pa">0</hydrostaticTestPressure><nominalWallThickness uom="m">0</nominalWallThickness><nominalOutsideDiameter uom="m">0.127</nominalOutsideDiameter><nominalInsideDiameter uom="m">0</nominalInsideDiameter><nominalLinearWeight uom="kg/m">29.0191968996063</nominalLinearWeight><heavyWeightFlag>false</heavyWeightFlag></drillPipe><SteelGrade><GradeType>S-135</GradeType><TensileUltimateStress uom="Pa" /><TensileYieldStress uom="Pa" /></SteelGrade></cd_tubularComponent></customData></tubularComponent><commonData><itemState>unknown</itemState></commonData><customData><cd_tubular xsi:schemaLocation="http://schema.slb.com/2012/WitsmlExtension cd_tubular_component.xsd" schemaVersion="1.4.1.4" xmlns="http://schema.slb.com/2012/WitsmlExtension"><jobNumber /></cd_tubular></customData></tubular></tubulars>